mtllib phong3SG.mtl
v 15.469038 7.638374 3.194301
v 15.469038 7.638374 3.194301
v 15.469038 7.638374 3.194301
v 15.469038 7.638374 3.194301
v 15.469038 7.638374 3.194301
v 15.469038 7.638374 3.194301
v 15.469038 7.638374 3.194301
v 15.469038 7.638373 -1.502744
v 15.469038 7.638373 -1.502744
v 15.469038 7.638373 -1.502744
v 15.469038 7.638373 -1.502744
v 15.469038 7.638373 -1.502744
v 15.469038 7.638373 -1.502744
v 14.576812 7.638373 -1.502744
v 14.576812 7.638373 -1.502744
v 14.576812 7.638373 -1.502744
v 14.576812 7.638374 2.668504
v 14.576812 7.638374 2.668504
v 14.576812 7.638374 2.668504
v 14.576812 7.638374 2.668504
v 13.713091 7.638374 3.194302
v 13.713091 7.638374 3.194302
v 13.713091 7.638374 3.194302
v 13.713091 7.638374 3.194302
v 13.713091 7.638374 3.194302
v 13.713091 7.638374 2.668504
v 13.713091 7.638374 2.668504
v 13.713091 7.638374 2.668504
v 12.112471 7.638374 3.194301
v 12.112471 7.638374 3.194301
v 12.112471 7.638374 3.194301
v 12.112471 7.638374 3.194301
v 12.112471 8.064150 2.528978
v 12.112471 8.064150 2.528978
v 12.112471 8.064150 2.528978
v 13.713091 8.064149 2.528978
v 13.713091 8.064149 2.528978
v 13.713091 8.064149 2.528978
v 13.713091 8.064149 2.528978
v 13.713091 8.064149 2.528978
v 13.713091 8.064148 -1.502745
v 13.713091 8.064148 -1.502745
v 13.713091 8.064148 -1.502745
v 13.713091 8.064148 -1.502745
v 12.112471 8.064149 -1.502744
v 12.112471 8.064149 -1.502744
v 12.112471 8.064149 -1.502744
v 12.112471 8.064149 -1.502744
v 13.713091 5.277732 3.194303
v 13.713091 5.277732 3.194303
v 13.713091 5.277732 3.194303
v 13.713091 5.277732 3.194303
v 13.713091 5.277732 3.194303
v 12.112471 5.277732 3.194302
v 12.112471 5.277732 3.194302
v 12.112471 5.277732 3.194302
v 12.112471 5.277732 3.194302
v 13.713091 4.851957 -1.502744
v 13.713091 4.851957 -1.502744
v 13.713091 4.851957 -1.502744
v 13.713091 4.851957 -1.502744
v 14.576812 5.277732 -1.502743
v 14.576812 5.277732 -1.502743
v 14.576812 5.277732 -1.502743
v 12.112471 4.851957 -1.502744
v 12.112471 4.851957 -1.502744
v 12.112471 4.851957 -1.502744
v 12.112471 4.851957 -1.502744
v 15.469038 5.277732 -1.502743
v 15.469038 5.277732 -1.502743
v 15.469038 5.277732 -1.502743
v 15.469038 5.277732 -1.502743
v 15.469038 5.277732 -1.502743
v 15.469038 5.277732 -1.502743
v 15.469038 5.277732 3.194302
v 15.469038 5.277732 3.194302
v 15.469038 5.277732 3.194302
v 15.469038 5.277732 3.194302
v 15.469038 5.277732 3.194302
v 15.469038 5.277732 3.194302
v 15.469038 5.277732 3.194302
v 14.576812 5.277732 2.668504
v 14.576812 5.277732 2.668504
v 14.576812 5.277732 2.668504
v 14.576812 5.277732 2.668504
v 13.713091 5.277732 2.668504
v 13.713091 5.277732 2.668504
v 13.713091 5.277732 2.668504
v 12.112471 4.851957 2.528978
v 12.112471 4.851957 2.528978
v 12.112471 4.851957 2.528978
v 13.713091 4.851958 2.528978
v 13.713091 4.851958 2.528978
v 13.713091 4.851958 2.528978
v 13.713091 4.851958 2.528978
v 13.713091 4.851958 2.528978
v 15.469039 5.581783 0.000205
v 15.469039 5.581783 0.000205
v 15.469039 5.581783 0.000205
v 15.469039 5.581783 0.000205
v 15.469039 5.581783 0.000205
v 15.469039 5.838437 -0.619411
v 15.469039 5.838437 -0.619411
v 15.469039 5.838437 -0.619411
v 15.469039 5.838437 -0.619411
v 15.469039 6.458052 -0.876065
v 15.469039 6.458052 -0.876065
v 15.469039 6.458052 -0.876065
v 15.469039 6.458052 -0.876065
v 15.469039 6.458052 -0.876065
v 15.469039 7.077668 -0.619412
v 15.469039 7.077668 -0.619412
v 15.469039 7.077668 -0.619412
v 15.469039 7.077668 -0.619412
v 15.469039 7.334321 0.000204
v 15.469039 7.334321 0.000204
v 15.469039 7.334321 0.000204
v 15.469039 7.334321 0.000204
v 15.469039 7.334321 0.000204
v 15.469039 7.077668 0.619820
v 15.469039 7.077668 0.619820
v 15.469039 7.077668 0.619820
v 15.469039 7.077668 0.619820
v 15.469039 6.458052 0.876474
v 15.469039 6.458052 0.876474
v 15.469039 6.458052 0.876474
v 15.469039 6.458052 0.876474
v 15.469039 5.838437 0.619821
v 15.469039 5.838437 0.619821
v 15.469039 5.838437 0.619821
v 15.469039 5.838437 0.619821
v 14.840187 6.067338 0.005927
v 14.840187 6.067338 0.005927
v 14.840187 6.067338 0.005927
v 14.840187 6.067338 0.005927
v 14.840187 6.188030 -0.285451
v 14.840187 6.188030 -0.285451
v 14.840187 6.188030 -0.285451
v 14.840187 6.188030 -0.285451
v 14.840187 6.479408 -0.406144
v 14.840187 6.479408 -0.406144
v 14.840187 6.479408 -0.406144
v 14.840187 6.479408 -0.406144
v 14.840187 6.770785 -0.285451
v 14.840187 6.770785 -0.285451
v 14.840187 6.770785 -0.285451
v 14.840187 6.770785 -0.285451
v 14.840187 6.891478 0.005927
v 14.840187 6.891478 0.005927
v 14.840187 6.891478 0.005927
v 14.840187 6.891478 0.005927
v 14.840187 6.770785 0.297304
v 14.840187 6.770785 0.297304
v 14.840187 6.770785 0.297304
v 14.840187 6.770785 0.297304
v 14.840187 6.479408 0.417997
v 14.840187 6.479408 0.417997
v 14.840187 6.479408 0.417997
v 14.840187 6.479408 0.417997
v 14.840187 6.188030 0.297304
v 14.840187 6.188030 0.297304
v 14.840187 6.188030 0.297304
v 14.840187 6.188030 0.297304
v 15.044826 6.479408 0.005927
v 15.044826 6.479408 0.005927
v 15.044826 6.479408 0.005927
v 15.044826 6.479408 0.005927
v 15.044826 6.479408 0.005927
v 15.044826 6.479408 0.005927
v 15.044826 6.479408 0.005927
v 15.044826 6.479408 0.005927
v 15.469039 5.581783 2.000123
v 15.469039 5.581783 2.000123
v 15.469039 5.581783 2.000123
v 15.469039 5.581783 2.000123
v 15.469039 5.581783 2.000123
v 15.469039 5.838437 1.380507
v 15.469039 5.838437 1.380507
v 15.469039 5.838437 1.380507
v 15.469039 5.838437 1.380507
v 15.469039 6.458053 1.123854
v 15.469039 6.458053 1.123854
v 15.469039 6.458053 1.123854
v 15.469039 6.458053 1.123854
v 15.469039 7.077669 1.380507
v 15.469039 7.077669 1.380507
v 15.469039 7.077669 1.380507
v 15.469039 7.077669 1.380507
v 15.469039 7.334322 2.000123
v 15.469039 7.334322 2.000123
v 15.469039 7.334322 2.000123
v 15.469039 7.334322 2.000123
v 15.469039 7.334322 2.000123
v 15.469039 7.077669 2.619739
v 15.469039 7.077669 2.619739
v 15.469039 7.077669 2.619739
v 15.469039 7.077669 2.619739
v 15.469039 6.458053 2.876392
v 15.469039 6.458053 2.876392
v 15.469039 6.458053 2.876392
v 15.469039 6.458053 2.876392
v 15.469039 6.458053 2.876392
v 15.469039 5.838437 2.619739
v 15.469039 5.838437 2.619739
v 15.469039 5.838437 2.619739
v 15.469039 5.838437 2.619739
v 14.840187 6.067338 2.005845
v 14.840187 6.067338 2.005845
v 14.840187 6.067338 2.005845
v 14.840187 6.067338 2.005845
v 14.840187 6.188030 1.714468
v 14.840187 6.188030 1.714468
v 14.840187 6.188030 1.714468
v 14.840187 6.188030 1.714468
v 14.840187 6.479408 1.593775
v 14.840187 6.479408 1.593775
v 14.840187 6.479408 1.593775
v 14.840187 6.479408 1.593775
v 14.840187 6.770786 1.714467
v 14.840187 6.770786 1.714467
v 14.840187 6.770786 1.714467
v 14.840187 6.770786 1.714467
v 14.840187 6.891478 2.005845
v 14.840187 6.891478 2.005845
v 14.840187 6.891478 2.005845
v 14.840187 6.891478 2.005845
v 14.840187 6.770786 2.297223
v 14.840187 6.770786 2.297223
v 14.840187 6.770786 2.297223
v 14.840187 6.770786 2.297223
v 14.840187 6.479408 2.417915
v 14.840187 6.479408 2.417915
v 14.840187 6.479408 2.417915
v 14.840187 6.479408 2.417915
v 14.840187 6.188030 2.297223
v 14.840187 6.188030 2.297223
v 14.840187 6.188030 2.297223
v 14.840187 6.188030 2.297223
v 15.044826 6.479408 2.005845
v 15.044826 6.479408 2.005845
v 15.044826 6.479408 2.005845
v 15.044826 6.479408 2.005845
v 15.044826 6.479408 2.005845
v 15.044826 6.479408 2.005845
v 15.044826 6.479408 2.005845
v 15.044826 6.479408 2.005845
v 9.707005 8.479936 -4.569860
v 9.707005 8.479936 -4.569860
v 12.399999 8.479936 -4.569860
v 12.399999 8.479936 -4.569860
v 9.923546 8.737654 -4.269500
v 9.923546 8.737654 -4.269500
v 9.923546 8.737654 -4.269500
v 12.399999 8.737654 -4.569860
v 12.399999 8.737654 -4.569860
v 12.399999 8.737654 -4.569860
v 9.707005 8.737654 -4.569860
v 9.707005 8.737654 -4.569860
v 9.707005 8.737654 -4.569860
v 12.183458 8.737654 -4.870219
v 12.183458 8.737654 -4.870219
v 12.183458 8.737654 -4.870219
v 9.923546 8.479936 -4.870220
v 9.923546 8.479936 -4.870220
v 9.923546 8.479936 -4.870220
v 10.191913 8.737654 -4.269500
v 10.191913 8.737654 -4.269500
v 10.191913 8.737654 -4.269500
v 10.191913 8.737654 -4.269500
v 10.191913 8.737654 -4.269500
v 10.191913 8.737654 -4.870219
v 10.191913 8.737654 -4.870219
v 10.191913 8.737654 -4.870219
v 10.191913 8.737654 -4.870219
v 10.191913 8.737654 -4.870219
v 12.183458 8.479936 -4.269500
v 12.183458 8.479936 -4.269500
v 12.183458 8.479936 -4.269500
v 11.915091 8.737654 -4.269500
v 11.915091 8.737654 -4.269500
v 11.915091 8.737654 -4.269500
v 11.915091 8.737654 -4.269500
v 11.915091 8.737654 -4.269500
v 11.915091 8.737654 -4.870219
v 11.915091 8.737654 -4.870219
v 11.915091 8.737654 -4.870219
v 11.915091 8.737654 -4.870219
v 11.915091 8.737654 -4.870219
v 10.608859 9.145093 -4.870219
v 10.608859 9.145093 -4.870219
v 10.608859 9.145093 -4.870219
v 10.608859 9.145093 -4.269501
v 10.608859 9.145093 -4.269501
v 10.608859 9.145093 -4.269501
v 11.498144 9.145093 -4.269501
v 11.498144 9.145093 -4.269501
v 11.498144 9.145093 -4.269501
v 11.498144 9.145093 -4.870219
v 11.498144 9.145093 -4.870219
v 11.498144 9.145093 -4.870219
v 9.923546 8.479936 -4.269500
v 9.923546 8.479936 -4.269500
v 9.923546 8.479936 -4.269500
v 12.183458 8.479936 -4.870220
v 12.183458 8.479936 -4.870220
v 12.183458 8.479936 -4.870220
v 12.183458 8.737654 -4.269500
v 12.183458 8.737654 -4.269500
v 12.183458 8.737654 -4.269500
v 9.923546 8.737654 -4.870219
v 9.923546 8.737654 -4.870219
v 9.923546 8.737654 -4.870219
v 15.110194 7.827240 -4.920133
v 15.110194 7.827240 -4.920133
v 15.110194 7.827240 -4.920133
v 14.520357 7.827240 -5.260674
v 14.520357 7.827240 -5.260674
v 14.520357 7.827240 -5.260674
v 14.520357 7.827240 -5.260674
v 14.520357 7.827240 -5.260674
v 14.520357 7.827240 -5.260674
v 14.520357 7.827240 -5.260674
v 13.930522 7.455389 -4.920132
v 13.930522 7.455389 -4.920132
v 13.930522 7.455389 -4.920132
v 13.930522 7.455389 -4.920132
v 13.930522 7.455389 -4.920132
v 13.930521 7.455389 -4.239048
v 13.930521 7.455389 -4.239048
v 13.930521 7.455389 -4.239048
v 13.930521 7.455389 -4.239048
v 13.930521 7.455389 -4.239048
v 14.520358 7.827240 -3.898506
v 14.520358 7.827240 -3.898506
v 14.520358 7.827240 -3.898506
v 14.520358 7.827240 -3.898506
v 14.520358 7.827240 -3.898506
v 15.110193 7.827240 -4.239048
v 15.110193 7.827240 -4.239048
v 15.110193 7.827240 -4.239048
v 15.110193 7.827240 -4.239048
v 15.110193 7.827240 -4.239048
v 13.930522 7.663139 -4.920133
v 13.930522 7.663139 -4.920133
v 13.930522 7.663139 -4.920133
v 13.930522 7.663139 -4.920133
v 13.930522 7.663139 -4.920133
v 13.930522 7.663139 -4.239048
v 13.930522 7.663139 -4.239048
v 13.930522 7.663139 -4.239048
v 13.930522 7.663139 -4.239048
v 13.930522 7.663139 -4.239048
v 15.110194 6.351524 -4.920133
v 15.110194 6.351524 -4.920133
v 15.110194 6.351524 -4.920133
v 15.110193 6.351524 -4.239048
v 15.110193 6.351524 -4.239048
v 15.110193 6.351524 -4.239048
v 15.110193 6.351524 -4.239048
v 15.110193 6.351524 -4.239048
v 14.520358 6.351524 -3.898506
v 14.520358 6.351524 -3.898506
v 14.520358 6.351524 -3.898506
v 13.930521 6.351524 -4.239048
v 13.930521 6.351524 -4.239048
v 13.930521 6.351524 -4.239048
v 13.930521 6.351524 -4.239048
v 13.930521 6.351524 -4.239048
v 13.930522 6.351524 -4.920132
v 13.930522 6.351524 -4.920132
v 13.930522 6.351524 -4.920132
v 14.520357 6.351524 -5.260674
v 14.520357 6.351524 -5.260674
v 14.520357 6.351524 -5.260674
v 14.520357 6.351524 -5.260674
v 14.520357 6.351524 -5.260674
v 13.930522 7.827240 -4.920132
v 13.930522 7.827240 -4.920132
v 13.930522 7.827240 -4.920132
v 13.930521 7.827240 -4.239048
v 13.930521 7.827240 -4.239048
v 13.930521 7.827240 -4.239048
v 13.930521 7.827240 -4.239048
v 13.930521 7.827240 -4.239048
v 13.092827 7.455389 -4.239048
v 13.092827 7.455389 -4.239048
v 13.092827 7.455389 -4.239048
v 13.092827 7.455389 -4.239048
v 13.092827 7.455389 -4.239048
v 13.092827 7.455389 -4.920132
v 13.092827 7.455389 -4.920132
v 13.092827 7.455389 -4.920132
v 13.092827 7.455389 -4.920132
v 13.092827 7.455389 -4.920132
v 12.470894 7.455390 -5.285209
v 12.470894 7.455390 -5.285209
v 12.470894 7.455390 -5.285209
v 12.470894 7.455390 -5.285209
v 12.470893 7.455390 -3.861543
v 12.470893 7.455390 -3.861543
v 12.470893 7.455390 -3.861543
v 12.470893 7.455390 -3.861543
v 13.092827 7.663139 -4.239048
v 13.092827 7.663139 -4.239048
v 13.092827 7.663139 -4.239048
v 13.092827 7.663139 -4.239048
v 13.092827 7.663139 -4.239048
v 13.092827 7.663139 -4.920132
v 13.092827 7.663139 -4.920132
v 13.092827 7.663139 -4.920132
v 13.092827 7.663139 -4.920132
v 13.092827 7.663139 -4.920132
v 12.470894 7.663139 -5.285209
v 12.470894 7.663139 -5.285209
v 12.470894 7.663139 -5.285209
v 12.470894 7.663139 -5.285209
v 12.470893 7.663138 -3.861543
v 12.470893 7.663138 -3.861543
v 12.470893 7.663138 -3.861543
v 12.470893 7.663138 -3.861543
v 12.823937 7.455390 -4.777206
v 12.823937 7.455390 -4.777206
v 12.823937 7.455390 -4.777206
v 12.823937 7.455390 -4.777206
v 12.823938 7.455390 -4.369545
v 12.823938 7.455390 -4.369545
v 12.823938 7.455390 -4.369545
v 12.823938 7.455390 -4.369545
v 12.470894 7.455390 -4.165715
v 12.470894 7.455390 -4.165715
v 12.470894 7.455390 -4.165715
v 12.470894 7.455390 -4.165715
v 12.470893 7.455390 -4.981037
v 12.470893 7.455390 -4.981037
v 12.470893 7.455390 -4.981037
v 12.470893 7.455390 -4.981037
v 12.823938 7.663138 -4.369545
v 12.823938 7.663138 -4.369545
v 12.823938 7.663138 -4.369545
v 12.823938 7.663138 -4.369545
v 12.823937 7.663138 -4.777206
v 12.823937 7.663138 -4.777206
v 12.823937 7.663138 -4.777206
v 12.823937 7.663138 -4.777206
v 12.470893 7.663138 -4.981036
v 12.470893 7.663138 -4.981036
v 12.470893 7.663138 -4.981036
v 12.470893 7.663138 -4.981036
v 12.470894 7.663138 -4.165715
v 12.470894 7.663138 -4.165715
v 12.470894 7.663138 -4.165715
v 12.470894 7.663138 -4.165715
v 11.083790 7.455390 -5.285209
v 11.083790 7.455390 -5.285209
v 11.083790 7.455390 -5.285209
v 11.083790 7.455390 -5.285209
v 10.467323 7.455390 -4.929292
v 10.467323 7.455390 -4.929292
v 10.467323 7.455390 -4.929292
v 10.467323 7.455390 -4.929292
v 10.467323 7.455390 -4.929292
v 10.467323 7.663139 -4.929292
v 10.467323 7.663139 -4.929292
v 10.467323 7.663139 -4.929292
v 10.467323 7.663139 -4.929292
v 10.467323 7.663139 -4.929292
v 11.083790 7.663139 -5.285208
v 11.083790 7.663139 -5.285208
v 11.083790 7.663139 -5.285208
v 11.083790 7.663139 -5.285208
v 11.083789 7.455390 -3.861543
v 11.083789 7.455390 -3.861543
v 11.083789 7.455390 -3.861543
v 11.083789 7.455390 -3.861543
v 11.083789 7.455390 -3.861543
v 11.083789 7.663138 -3.861543
v 11.083789 7.663138 -3.861543
v 11.083789 7.663138 -3.861543
v 11.083789 7.663138 -3.861543
v 11.083789 7.663138 -3.861543
v 10.730744 7.455390 -4.369545
v 10.730744 7.455390 -4.369545
v 10.730744 7.455390 -4.369545
v 10.730744 7.455390 -4.369545
v 10.730744 7.455390 -4.369545
v 10.730744 7.455390 -4.369545
v 11.083790 7.455390 -4.165715
v 11.083790 7.455390 -4.165715
v 11.083790 7.455390 -4.165715
v 11.083790 7.455390 -4.165715
v 10.730745 7.455390 -4.777206
v 10.730745 7.455390 -4.777206
v 10.730745 7.455390 -4.777206
v 10.730745 7.455390 -4.777206
v 11.083789 7.455390 -4.981036
v 11.083789 7.455390 -4.981036
v 11.083789 7.455390 -4.981036
v 11.083789 7.455390 -4.981036
v 10.730745 7.663139 -4.777205
v 10.730745 7.663139 -4.777205
v 10.730745 7.663139 -4.777205
v 10.730745 7.663139 -4.777205
v 11.083789 7.663138 -4.981036
v 11.083789 7.663138 -4.981036
v 11.083789 7.663138 -4.981036
v 11.083789 7.663138 -4.981036
v 10.730744 7.663138 -4.369545
v 10.730744 7.663138 -4.369545
v 10.730744 7.663138 -4.369545
v 10.730744 7.663138 -4.369545
v 10.730744 7.663138 -4.369545
v 10.730744 7.663138 -4.369545
v 11.083790 7.663138 -4.165715
v 11.083790 7.663138 -4.165715
v 11.083790 7.663138 -4.165715
v 11.083790 7.663138 -4.165715
v 8.442359 7.663139 -1.428085
v 8.442359 7.663139 -1.428085
v 8.442359 7.663139 -1.428085
v 8.442359 7.663139 -1.428085
v 8.442359 7.455389 -1.428085
v 8.442359 7.455389 -1.428085
v 8.442359 7.455389 -1.428085
v 8.442359 7.455389 -1.428085
v 8.442359 7.455389 -1.428085
v 9.443606 7.455389 -1.192377
v 9.443606 7.455389 -1.192377
v 9.443606 7.455389 -1.192377
v 9.443606 7.455389 -1.192377
v 9.443606 7.663138 -1.192377
v 9.443606 7.663138 -1.192377
v 9.443606 7.663138 -1.192377
v 9.443606 7.663138 -1.192377
v 9.443606 7.663138 -1.192377
v 8.420929 7.663138 0.000000
v 8.420929 7.663138 0.000000
v 8.420929 7.663138 0.000000
v 8.420929 7.663138 0.000000
v 8.420929 7.455389 0.000000
v 8.420929 7.455389 0.000000
v 8.420929 7.455389 0.000000
v 8.420929 7.455389 0.000000
v 9.422174 7.455389 0.000000
v 9.422174 7.455389 0.000000
v 9.422174 7.455389 0.000000
v 9.422174 7.455389 0.000000
v 9.422174 7.663139 0.000000
v 9.422174 7.663139 0.000000
v 9.422174 7.663139 0.000000
v 9.422174 7.663139 0.000000
v 15.110194 7.827240 4.920133
v 15.110194 7.827240 4.920133
v 15.110194 7.827240 4.920133
v 14.520357 7.827240 5.260674
v 14.520357 7.827240 5.260674
v 14.520357 7.827240 5.260674
v 14.520357 7.827240 5.260674
v 14.520357 7.827240 5.260674
v 14.520357 7.827240 5.260674
v 14.520357 7.827240 5.260674
v 13.930522 7.455389 4.920132
v 13.930522 7.455389 4.920132
v 13.930522 7.455389 4.920132
v 13.930522 7.455389 4.920132
v 13.930522 7.455389 4.920132
v 13.930521 7.455389 4.239048
v 13.930521 7.455389 4.239048
v 13.930521 7.455389 4.239048
v 13.930521 7.455389 4.239048
v 13.930521 7.455389 4.239048
v 14.520358 7.827240 3.898506
v 14.520358 7.827240 3.898506
v 14.520358 7.827240 3.898506
v 14.520358 7.827240 3.898506
v 14.520358 7.827240 3.898506
v 15.110193 7.827240 4.239048
v 15.110193 7.827240 4.239048
v 15.110193 7.827240 4.239048
v 15.110193 7.827240 4.239048
v 15.110193 7.827240 4.239048
v 13.930522 7.663139 4.920133
v 13.930522 7.663139 4.920133
v 13.930522 7.663139 4.920133
v 13.930522 7.663139 4.920133
v 13.930522 7.663139 4.920133
v 13.930522 7.663139 4.239048
v 13.930522 7.663139 4.239048
v 13.930522 7.663139 4.239048
v 13.930522 7.663139 4.239048
v 13.930522 7.663139 4.239048
v 15.110194 6.351524 4.920133
v 15.110194 6.351524 4.920133
v 15.110194 6.351524 4.920133
v 15.110193 6.351524 4.239048
v 15.110193 6.351524 4.239048
v 15.110193 6.351524 4.239048
v 15.110193 6.351524 4.239048
v 15.110193 6.351524 4.239048
v 14.520358 6.351524 3.898506
v 14.520358 6.351524 3.898506
v 14.520358 6.351524 3.898506
v 13.930521 6.351524 4.239048
v 13.930521 6.351524 4.239048
v 13.930521 6.351524 4.239048
v 13.930521 6.351524 4.239048
v 13.930521 6.351524 4.239048
v 13.930522 6.351524 4.920132
v 13.930522 6.351524 4.920132
v 13.930522 6.351524 4.920132
v 14.520357 6.351524 5.260674
v 14.520357 6.351524 5.260674
v 14.520357 6.351524 5.260674
v 14.520357 6.351524 5.260674
v 14.520357 6.351524 5.260674
v 13.930522 7.827240 4.920132
v 13.930522 7.827240 4.920132
v 13.930522 7.827240 4.920132
v 13.930521 7.827240 4.239048
v 13.930521 7.827240 4.239048
v 13.930521 7.827240 4.239048
v 13.930521 7.827240 4.239048
v 13.930521 7.827240 4.239048
v 13.092827 7.455389 4.239048
v 13.092827 7.455389 4.239048
v 13.092827 7.455389 4.239048
v 13.092827 7.455389 4.239048
v 13.092827 7.455389 4.239048
v 13.092827 7.455389 4.920132
v 13.092827 7.455389 4.920132
v 13.092827 7.455389 4.920132
v 13.092827 7.455389 4.920132
v 13.092827 7.455389 4.920132
v 12.470894 7.455390 5.285209
v 12.470894 7.455390 5.285209
v 12.470894 7.455390 5.285209
v 12.470894 7.455390 5.285209
v 12.470893 7.455390 3.861543
v 12.470893 7.455390 3.861543
v 12.470893 7.455390 3.861543
v 12.470893 7.455390 3.861543
v 13.092827 7.663139 4.239048
v 13.092827 7.663139 4.239048
v 13.092827 7.663139 4.239048
v 13.092827 7.663139 4.239048
v 13.092827 7.663139 4.239048
v 13.092827 7.663139 4.920132
v 13.092827 7.663139 4.920132
v 13.092827 7.663139 4.920132
v 13.092827 7.663139 4.920132
v 13.092827 7.663139 4.920132
v 12.470894 7.663139 5.285209
v 12.470894 7.663139 5.285209
v 12.470894 7.663139 5.285209
v 12.470894 7.663139 5.285209
v 12.470893 7.663138 3.861543
v 12.470893 7.663138 3.861543
v 12.470893 7.663138 3.861543
v 12.470893 7.663138 3.861543
v 12.823937 7.455390 4.777206
v 12.823937 7.455390 4.777206
v 12.823937 7.455390 4.777206
v 12.823937 7.455390 4.777206
v 12.823938 7.455390 4.369545
v 12.823938 7.455390 4.369545
v 12.823938 7.455390 4.369545
v 12.823938 7.455390 4.369545
v 12.470894 7.455390 4.165715
v 12.470894 7.455390 4.165715
v 12.470894 7.455390 4.165715
v 12.470894 7.455390 4.165715
v 12.470893 7.455390 4.981037
v 12.470893 7.455390 4.981037
v 12.470893 7.455390 4.981037
v 12.470893 7.455390 4.981037
v 12.823938 7.663138 4.369545
v 12.823938 7.663138 4.369545
v 12.823938 7.663138 4.369545
v 12.823938 7.663138 4.369545
v 12.823937 7.663138 4.777206
v 12.823937 7.663138 4.777206
v 12.823937 7.663138 4.777206
v 12.823937 7.663138 4.777206
v 12.470893 7.663138 4.981036
v 12.470893 7.663138 4.981036
v 12.470893 7.663138 4.981036
v 12.470893 7.663138 4.981036
v 12.470894 7.663138 4.165715
v 12.470894 7.663138 4.165715
v 12.470894 7.663138 4.165715
v 12.470894 7.663138 4.165715
v 11.083790 7.455390 5.285209
v 11.083790 7.455390 5.285209
v 11.083790 7.455390 5.285209
v 11.083790 7.455390 5.285209
v 10.467323 7.455390 4.929292
v 10.467323 7.455390 4.929292
v 10.467323 7.455390 4.929292
v 10.467323 7.455390 4.929292
v 10.467323 7.455390 4.929292
v 10.467323 7.663139 4.929292
v 10.467323 7.663139 4.929292
v 10.467323 7.663139 4.929292
v 10.467323 7.663139 4.929292
v 10.467323 7.663139 4.929292
v 11.083790 7.663139 5.285208
v 11.083790 7.663139 5.285208
v 11.083790 7.663139 5.285208
v 11.083790 7.663139 5.285208
v 11.083789 7.455390 3.861543
v 11.083789 7.455390 3.861543
v 11.083789 7.455390 3.861543
v 11.083789 7.455390 3.861543
v 11.083789 7.455390 3.861543
v 11.083789 7.663138 3.861543
v 11.083789 7.663138 3.861543
v 11.083789 7.663138 3.861543
v 11.083789 7.663138 3.861543
v 11.083789 7.663138 3.861543
v 10.730744 7.455390 4.369545
v 10.730744 7.455390 4.369545
v 10.730744 7.455390 4.369545
v 10.730744 7.455390 4.369545
v 10.730744 7.455390 4.369545
v 10.730744 7.455390 4.369545
v 11.083790 7.455390 4.165715
v 11.083790 7.455390 4.165715
v 11.083790 7.455390 4.165715
v 11.083790 7.455390 4.165715
v 10.730745 7.455390 4.777206
v 10.730745 7.455390 4.777206
v 10.730745 7.455390 4.777206
v 10.730745 7.455390 4.777206
v 11.083789 7.455390 4.981036
v 11.083789 7.455390 4.981036
v 11.083789 7.455390 4.981036
v 11.083789 7.455390 4.981036
v 10.730745 7.663139 4.777205
v 10.730745 7.663139 4.777205
v 10.730745 7.663139 4.777205
v 10.730745 7.663139 4.777205
v 11.083789 7.663138 4.981036
v 11.083789 7.663138 4.981036
v 11.083789 7.663138 4.981036
v 11.083789 7.663138 4.981036
v 10.730744 7.663138 4.369545
v 10.730744 7.663138 4.369545
v 10.730744 7.663138 4.369545
v 10.730744 7.663138 4.369545
v 10.730744 7.663138 4.369545
v 10.730744 7.663138 4.369545
v 11.083790 7.663138 4.165715
v 11.083790 7.663138 4.165715
v 11.083790 7.663138 4.165715
v 11.083790 7.663138 4.165715
v 8.442359 7.663139 1.428085
v 8.442359 7.663139 1.428085
v 8.442359 7.663139 1.428085
v 8.442359 7.663139 1.428085
v 8.442359 7.455389 1.428085
v 8.442359 7.455389 1.428085
v 8.442359 7.455389 1.428085
v 8.442359 7.455389 1.428085
v 8.442359 7.455389 1.428085
v 9.443606 7.455389 1.192377
v 9.443606 7.455389 1.192377
v 9.443606 7.455389 1.192377
v 9.443606 7.455389 1.192377
v 9.443606 7.663138 1.192377
v 9.443606 7.663138 1.192377
v 9.443606 7.663138 1.192377
v 9.443606 7.663138 1.192377
v 9.443606 7.663138 1.192377
v 9.255216 6.463520 1.491498
v 9.255216 5.717771 1.291675
v 9.255216 5.171845 0.745749
v 9.255216 4.972022 -0.000000
v 9.255217 5.171845 -0.745749
v 9.255217 5.717771 -1.291675
v 9.255217 5.717771 -1.291675
v 9.255217 6.463520 -1.491498
v 8.504720 7.209269 -1.291675
v 8.504720 7.755195 -0.745749
v 8.504720 7.955019 -0.000001
v 8.504720 7.755196 0.745748
v 8.504720 7.209270 1.291674
v 10.873724 6.463520 1.491498
v 10.873724 5.717771 1.291675
v 10.873724 5.171845 0.745749
v 10.873724 4.972022 0.000000
v 10.873726 5.717771 -1.291675
v 10.873726 5.717771 -1.291675
v 10.873726 5.717771 -1.291675
v 10.873726 7.209269 -1.291675
v 10.873726 7.209269 -1.291675
v 10.873726 7.209269 -1.291675
v 10.873726 7.955018 -0.000001
v 10.873726 7.755196 0.745748
v 10.873726 7.209270 1.291675
v 11.270276 6.277691 0.693523
v 11.270276 5.769998 0.185829
v 11.270276 5.819790 -0.371658
v 11.270276 5.819790 -0.371658
v 11.270277 7.157043 -0.185829
v 11.270277 7.157043 -0.185829
v 11.270276 6.971214 0.507694
v 10.454022 7.209269 -1.291675
v 10.454022 7.209269 -1.291675
v 10.454022 6.463520 -1.491498
v 10.454022 6.463520 -1.491498
v 10.454022 5.717771 -1.291675
v 10.454022 5.717771 -1.291675
v 10.454022 5.717771 -1.291675
v 10.873726 5.171845 -0.745749
v 10.873726 7.755195 -0.745749
v 11.270277 5.819790 -1.441414
v 11.270277 5.819790 -1.441414
v 11.270277 5.819790 -1.441414
v 11.270277 5.819790 -1.441414
v 11.270277 5.819790 -1.441414
v 11.270277 5.819790 -1.441414
v 10.690454 5.717771 -2.163652
v 10.690454 5.717771 -2.163652
v 10.690454 5.717771 -2.163652
v 10.690454 5.717771 -2.163652
v 10.690454 5.717771 -2.163652
v 10.690454 5.717771 -2.163652
v 10.690454 7.209269 -2.163652
v 10.690454 7.209269 -2.163652
v 10.690454 7.209269 -2.163652
v 10.690454 7.209269 -2.163652
v 10.690454 7.209269 -2.163652
v 10.690454 7.209269 -2.163652
v 11.270277 7.107250 -1.441414
v 11.270277 7.107250 -1.441414
v 11.270277 7.107250 -1.441414
v 11.270277 7.107250 -1.441414
v 11.270277 7.107250 -1.441414
v 11.270277 7.107250 -1.441414
v 12.535896 5.750704 -2.245788
v 12.535896 5.750704 -2.245788
v 12.535896 5.750704 -2.245788
v 12.535896 5.750704 -2.245788
v 12.176354 5.717771 -3.272862
v 12.176354 5.717771 -3.272862
v 12.176354 5.717771 -3.272862
v 12.176354 7.209269 -3.272862
v 12.176354 7.209269 -3.272862
v 12.176354 7.209269 -3.272862
v 12.535896 7.165401 -2.245788
v 12.535896 7.165401 -2.245788
v 12.535896 7.165401 -2.245788
v 15.175758 6.458053 -2.245788
v 14.986225 5.750704 -2.245788
v 14.468410 5.232889 -2.245788
v 13.761061 5.043355 -2.245788
v 13.053712 5.232889 -2.245788
v 13.053712 7.683216 -2.245788
v 13.761061 7.872750 -2.245788
v 14.468410 7.683217 -2.245788
v 14.986225 7.165402 -2.245787
v 15.180897 6.458053 -2.689652
v 14.991645 5.751759 -2.689652
v 14.474602 5.234715 -2.689652
v 13.768308 5.045464 -2.689652
v 13.062014 5.234715 -2.689652
v 12.510154 5.736160 -2.689652
v 12.510154 7.179945 -2.689652
v 13.062014 7.681389 -2.689652
v 13.768308 7.870641 -2.689652
v 14.474602 7.681390 -2.689652
v 14.991645 7.164348 -2.689652
v 14.414052 6.282936 -3.270392
v 13.935626 5.804509 -3.270392
v 14.238935 6.936480 -3.270392
v 13.282082 5.979625 -3.270392
v 13.585392 7.111596 -3.270392
v 12.316723 6.458052 -2.245788
v 12.316723 6.458052 -2.245788
v 12.316723 6.458052 -2.245788
v 12.316723 6.458052 -2.245788
v 12.316723 6.458052 -2.245788
v 12.400064 6.458053 -2.245788
v 12.400064 6.458053 -2.245788
v 12.582403 7.138550 -2.245788
v 15.122057 6.458053 -2.245788
v 14.939717 5.777554 -2.245788
v 14.441559 5.279395 -2.245788
v 13.761061 5.097057 -2.245788
v 13.080563 5.279395 -2.245788
v 12.582403 5.777554 -2.245788
v 12.582403 5.777554 -2.245788
v 13.080563 7.636710 -2.245788
v 13.761061 7.819049 -2.245788
v 14.441559 7.636711 -2.245788
v 14.939717 7.138551 -2.245788
v 12.951937 5.441126 -4.428870
v 12.951937 5.441126 -4.428870
v 12.951937 5.441126 -4.428870
v 15.089987 5.441126 -4.428870
v 15.089987 5.441126 -4.428870
v 15.089987 5.441126 -4.428870
v 12.951937 5.441126 -4.719857
v 12.951937 5.441126 -4.719857
v 12.951937 5.441126 -4.719857
v 15.089987 5.441126 -4.719857
v 15.089987 5.441126 -4.719857
v 15.089987 5.441126 -4.719857
v 13.257034 6.351524 -4.428870
v 13.257034 6.351524 -4.428870
v 13.257034 6.351524 -4.428870
v 13.257034 6.351524 -4.428870
v 15.681425 6.351524 -4.428870
v 15.681425 6.351524 -4.428870
v 15.681425 6.351524 -4.428870
v 13.257034 6.351524 -4.719857
v 13.257034 6.351524 -4.719857
v 13.257034 6.351524 -4.719857
v 13.257034 6.351524 -4.719857
v 15.681425 6.351524 -4.719857
v 15.681425 6.351524 -4.719857
v 15.681425 6.351524 -4.719857
v 15.681425 5.990860 -4.719857
v 15.681425 5.990860 -4.719857
v 15.681425 5.990860 -4.719857
v 15.681425 5.990860 -4.719857
v 15.681425 5.990860 -4.428870
v 15.681425 5.990860 -4.428870
v 15.681425 5.990860 -4.428870
v 15.681425 5.990860 -4.428870
v 12.320154 6.026982 -4.428870
v 12.320154 6.026982 -4.428870
v 12.320154 6.026982 -4.428870
v 12.320154 6.026982 -4.428870
v 12.320154 6.026982 -4.428870
v 12.320154 6.026982 -4.719857
v 12.320154 6.026982 -4.719857
v 12.320154 6.026982 -4.719857
v 12.320154 6.026982 -4.719857
v 12.320154 6.026982 -4.719857
v 11.678230 8.275227 -4.428870
v 11.678230 8.275227 -4.428870
v 11.678230 8.275227 -4.719857
v 11.678230 8.275227 -4.719857
v 10.468238 8.275912 -4.719857
v 10.468238 8.275912 -4.719857
v 10.468238 8.275912 -4.428870
v 10.468238 8.275912 -4.428870
v 12.951937 5.441126 4.428870
v 12.951937 5.441126 4.428870
v 12.951937 5.441126 4.428870
v 15.089987 5.441126 4.428870
v 15.089987 5.441126 4.428870
v 15.089987 5.441126 4.428870
v 12.951937 5.441126 4.719857
v 12.951937 5.441126 4.719857
v 12.951937 5.441126 4.719857
v 15.089987 5.441126 4.719857
v 15.089987 5.441126 4.719857
v 15.089987 5.441126 4.719857
v 13.257034 6.351524 4.428870
v 13.257034 6.351524 4.428870
v 13.257034 6.351524 4.428870
v 13.257034 6.351524 4.428870
v 15.681425 6.351524 4.428870
v 15.681425 6.351524 4.428870
v 15.681425 6.351524 4.428870
v 13.257034 6.351524 4.719857
v 13.257034 6.351524 4.719857
v 13.257034 6.351524 4.719857
v 13.257034 6.351524 4.719857
v 15.681425 6.351524 4.719857
v 15.681425 6.351524 4.719857
v 15.681425 6.351524 4.719857
v 15.681425 5.990860 4.719857
v 15.681425 5.990860 4.719857
v 15.681425 5.990860 4.719857
v 15.681425 5.990860 4.719857
v 15.681425 5.990860 4.428870
v 15.681425 5.990860 4.428870
v 15.681425 5.990860 4.428870
v 15.681425 5.990860 4.428870
v 12.320154 6.026982 4.428870
v 12.320154 6.026982 4.428870
v 12.320154 6.026982 4.428870
v 12.320154 6.026982 4.428870
v 12.320154 6.026982 4.428870
v 12.320154 6.026982 4.719857
v 12.320154 6.026982 4.719857
v 12.320154 6.026982 4.719857
v 12.320154 6.026982 4.719857
v 12.320154 6.026982 4.719857
v 11.678230 8.275227 4.428870
v 11.678230 8.275227 4.428870
v 11.678230 8.275227 4.719857
v 11.678230 8.275227 4.719857
v 10.468238 8.275912 4.719857
v 10.468238 8.275912 4.719857
v 10.468238 8.275912 4.428870
v 10.468238 8.275912 4.428870
v -0.210346 8.493474 -2.856869
v -0.210346 8.493474 -2.856869
v -0.210346 8.493474 -2.856869
v -0.210346 8.493474 -2.132197
v -0.210346 8.493474 -2.132197
v -0.210346 8.493474 -2.132197
v -0.210346 8.493474 -2.132197
v -0.210346 8.493474 -2.132197
v -0.210346 8.493474 -2.132197
v 8.455143 8.493474 -1.466991
v 8.455143 8.493474 -1.466991
v 8.455143 8.493474 -1.466991
v 8.455143 8.493474 -1.466991
v 8.455143 8.493474 -1.466991
v 4.395507 8.493474 -2.856869
v 4.395507 8.493474 -2.856869
v 4.395507 8.493474 -2.856869
v 4.395507 8.493474 -2.856869
v 4.395507 8.493474 -2.856869
v 4.395507 8.493474 -2.856869
v 4.395507 8.493474 -2.856869
v 4.395507 8.493474 -2.856869
v 4.395507 8.493474 -2.856869
v 7.346867 8.493474 -3.858016
v 7.346867 8.493474 -3.858016
v 7.346867 8.493474 -3.858016
v 7.346867 8.493474 -3.858016
v 7.346867 8.493474 -3.858016
v 7.604064 8.493474 -2.957512
v 7.604064 8.493474 -2.957512
v 7.604064 8.493474 -2.957512
v 7.604064 8.493474 -2.957512
v 7.604064 8.493474 -2.957512
v 7.604064 8.493474 -2.957512
v 8.132034 8.493474 -2.416751
v 8.132034 8.493474 -2.416751
v 8.132034 8.493474 -2.416751
v 8.132034 8.493474 -2.416751
v 8.242165 8.493474 -4.367141
v 8.242165 8.493474 -4.367141
v 8.242165 8.493474 -4.367141
v 8.242165 8.493474 -4.367141
v 9.009115 8.493474 -3.950520
v 9.009115 8.493474 -3.950520
v 9.009115 8.493474 -3.950520
v 9.009115 8.493474 -3.950520
v 9.707409 8.493474 -3.838352
v 9.707409 8.493474 -3.838352
v 9.707409 8.493474 -3.838352
v 9.707409 8.493474 -3.838352
v 9.153742 8.493473 -0.976427
v 9.153742 8.493473 -0.976427
v 9.153742 8.493473 -0.976427
v 9.153742 8.493473 -0.976427
v 10.270066 8.493474 -3.561869
v 10.270066 8.493474 -3.561869
v 10.270066 8.493474 -3.561869
v 10.270066 8.493474 -3.561869
v 11.323261 8.493474 -3.970442
v 11.323261 8.493474 -3.970442
v 11.323261 8.493474 -3.970442
v 11.323261 8.493474 -3.970442
v 11.323261 8.493474 -3.970442
v 8.862745 8.493474 -4.367620
v 8.862745 8.493474 -4.367620
v 8.862745 8.493474 -4.367620
v 8.862745 8.493474 -4.367620
v 8.117043 8.493474 -4.921795
v 8.117043 8.493474 -4.921795
v 8.117043 8.493474 -4.921795
v 8.117043 8.493474 -4.921795
v 12.482820 8.493474 -4.569860
v 12.482820 8.493474 -4.569860
v 12.482820 8.493474 -4.569860
v 8.839558 8.493474 -1.500427
v 8.839558 8.493474 -1.500427
v 8.839558 8.493474 -1.500427
v 8.839558 8.493474 -1.500427
v 8.084288 8.493474 -2.112781
v 8.084288 8.493474 -2.112781
v 8.084288 8.493474 -2.112781
v 8.084288 8.493474 -2.112781
v 8.084288 8.493474 -2.112781
v 10.109655 8.493474 -3.819626
v 10.109655 8.493474 -3.819626
v 10.109655 8.493474 -3.819626
v 10.109655 8.493474 -3.819626
v 10.109655 8.493474 -3.819626
v 9.062359 8.493474 -4.224775
v 9.062359 8.493474 -4.224775
v 9.062359 8.493474 -4.224775
v 9.062359 8.493474 -4.224775
v 7.268819 8.493474 -3.522728
v 7.268819 8.493474 -3.522728
v 7.268819 8.493474 -3.522728
v 7.268819 8.493474 -3.522728
v 7.930266 8.493474 -2.972256
v 7.930266 8.493474 -2.972256
v 7.930266 8.493474 -2.972256
v 7.930266 8.493474 -2.972256
v 12.225236 8.493474 -4.922296
v 12.225236 8.493474 -4.922296
v 12.225236 8.493474 -4.922296
v 12.225236 8.493474 -4.922296
v 12.225236 8.493474 -4.922296
v 12.225236 8.493474 -4.922296
v 12.225236 8.493474 -4.922296
v 12.252626 8.493474 -4.241091
v 12.252626 8.493474 -4.241091
v 12.252626 8.493474 -4.241091
v 12.252626 8.493474 -4.241091
v -0.249413 7.953949 -2.132197
v -0.249413 7.953949 -2.132197
v -0.249413 7.953949 -2.132197
v -0.847332 7.954000 -2.424272
v -0.847332 7.954000 -2.424272
v -0.847332 7.954000 -2.424272
v -0.847332 7.954000 -2.424272
v -0.847332 7.954000 -2.424272
v -4.370043 7.954001 -2.856869
v -4.370043 7.954001 -2.856869
v -4.370043 7.954001 -2.856869
v -4.370043 7.954001 -2.856869
v -4.370043 7.954001 -2.856869
v 9.621236 8.493474 -0.380611
v 9.621236 8.493474 -0.380611
v 9.621236 8.493474 -0.380611
v 9.154348 8.493473 -0.714955
v 9.154348 8.493473 -0.714955
v 9.154348 8.493473 -0.714955
v 9.154348 8.493473 -0.714955
v 9.154348 8.493473 -0.714955
v 9.154348 8.493473 -0.714955
v -4.901338 8.490063 -2.856869
v -4.901338 8.490063 -2.856869
v -4.901338 8.490063 -2.856869
v -6.737617 8.490063 -2.856869
v -6.737617 8.490063 -2.856869
v -6.737617 8.490063 -2.856869
v -6.737617 8.490063 -2.856869
v -6.737617 8.490063 -2.856869
v -6.737617 8.490063 -2.856869
v -5.004999 8.490064 -2.297631
v -5.004999 8.490064 -2.297631
v -5.004999 8.490064 -2.297631
v -5.004999 8.490064 -2.297631
v -5.004999 8.490064 -2.297631
v -5.121307 8.490064 -1.457263
v -5.121307 8.490064 -1.457263
v -5.121307 8.490064 -1.457263
v -5.121307 8.490064 -1.457263
v -6.367065 8.490063 -0.721262
v -6.367065 8.490063 -0.721262
v -6.367065 8.490063 -0.721262
v -6.367065 8.490063 -0.721262
v -6.367065 8.490063 -0.721262
v -6.367065 8.490063 -0.721262
v -4.954396 7.954055 -2.269378
v -4.954396 7.954055 -2.269378
v -4.954396 7.954055 -2.269378
v -5.096014 7.954055 -1.238545
v -5.096014 7.954055 -1.238545
v -5.096014 7.954055 -1.238545
v -5.096014 7.954055 -1.238545
v -5.096014 7.954055 -1.238545
v -4.370043 7.954000 -2.424272
v -4.370043 7.954000 -2.424272
v -4.370043 7.954000 -2.424272
v -4.370043 7.954000 -2.424272
v -4.370043 7.954000 -2.424272
v -4.370043 7.954000 -2.424272
v -5.899737 7.954055 -0.700018
v -5.899737 7.954055 -0.700018
v -5.899737 7.954055 -0.700018
v 8.455143 8.220737 -1.466991
v 8.455143 8.220737 -1.466991
v 8.455143 8.220737 -1.466991
v 8.455143 8.220737 -1.466991
v 8.455143 8.220737 -1.466991
v 8.455143 8.220737 -1.466991
v 7.346867 8.220737 -3.858016
v 7.346867 8.220737 -3.858016
v 7.346867 8.220737 -3.858016
v 7.346867 8.220737 -3.858016
v 7.604064 8.220737 -2.957512
v 7.604064 8.220737 -2.957512
v 7.604064 8.220737 -2.957512
v 7.604064 8.220737 -2.957512
v 7.604064 8.220737 -2.957512
v 8.132034 8.220737 -2.416751
v 8.132034 8.220737 -2.416751
v 8.132034 8.220737 -2.416751
v 8.132034 8.220737 -2.416751
v 8.242165 8.220737 -4.367141
v 8.242165 8.220737 -4.367141
v 8.242165 8.220737 -4.367141
v 8.242165 8.220737 -4.367141
v 9.009115 8.220737 -3.950520
v 9.009115 8.220737 -3.950520
v 9.009115 8.220737 -3.950520
v 9.009115 8.220737 -3.950520
v 9.707409 8.220737 -3.838352
v 9.707409 8.220737 -3.838352
v 9.707409 8.220737 -3.838352
v 9.707409 8.220737 -3.838352
v 9.153742 8.220737 -0.976427
v 9.153742 8.220737 -0.976427
v 9.153742 8.220737 -0.976427
v 9.153742 8.220737 -0.976427
v 10.270066 8.220737 -3.561869
v 10.270066 8.220737 -3.561869
v 10.270066 8.220737 -3.561869
v 10.270066 8.220737 -3.561869
v 11.323261 8.220737 -3.970442
v 11.323261 8.220737 -3.970442
v 11.323261 8.220737 -3.970442
v 11.323261 8.220737 -3.970442
v 11.323261 8.220737 -3.970442
v 8.862745 8.220737 -4.367620
v 8.862745 8.220737 -4.367620
v 8.862745 8.220737 -4.367620
v 8.862745 8.220737 -4.367620
v 8.117043 8.220737 -4.921795
v 8.117043 8.220737 -4.921795
v 8.117043 8.220737 -4.921795
v 8.117043 8.220737 -4.921795
v 8.117043 8.220737 -4.921795
v 12.482820 8.220737 -4.569860
v 12.482820 8.220737 -4.569860
v 12.482820 8.220737 -4.569860
v 8.839558 8.220737 -1.500427
v 8.839558 8.220737 -1.500427
v 8.839558 8.220737 -1.500427
v 8.839558 8.220737 -1.500427
v 8.084288 8.220737 -2.112782
v 8.084288 8.220737 -2.112782
v 8.084288 8.220737 -2.112782
v 8.084288 8.220737 -2.112782
v 10.109655 8.220737 -3.819626
v 10.109655 8.220737 -3.819626
v 10.109655 8.220737 -3.819626
v 10.109655 8.220737 -3.819626
v 10.109655 8.220737 -3.819626
v 9.062359 8.220737 -4.224775
v 9.062359 8.220737 -4.224775
v 9.062359 8.220737 -4.224775
v 9.062359 8.220737 -4.224775
v 9.062359 8.220737 -4.224775
v 7.930266 8.220737 -2.972257
v 7.930266 8.220737 -2.972257
v 7.930266 8.220737 -2.972257
v 7.930266 8.220737 -2.972257
v 12.225236 8.220737 -4.922296
v 12.225236 8.220737 -4.922296
v 12.225236 8.220737 -4.922296
v 12.225236 8.220737 -4.922296
v 12.225236 8.220737 -4.922296
v 12.225236 8.220737 -4.922296
v 12.225236 8.220737 -4.922296
v 12.252626 8.220737 -4.241091
v 12.252626 8.220737 -4.241091
v 12.252626 8.220737 -4.241091
v 12.252626 8.220737 -4.241091
v 9.621236 8.220737 -0.380611
v 9.621236 8.220737 -0.380611
v 9.621236 8.220737 -0.380611
v 9.154348 8.220737 -0.714955
v 9.154348 8.220737 -0.714955
v 9.154348 8.220737 -0.714955
v 9.154348 8.220737 -0.714955
v 9.154348 8.220737 -0.714955
v 6.601657 8.493474 -4.058119
v 6.601657 8.493474 -4.058119
v 6.601657 8.493474 -4.058119
v 6.601657 8.493474 -4.058119
v 7.268819 8.220737 -3.522728
v 7.268819 8.220737 -3.522728
v 7.268819 8.220737 -3.522728
v 7.268819 8.220737 -3.522728
v 6.631344 8.220737 -4.065211
v 6.631344 8.220737 -4.065211
v 6.631344 8.220737 -4.065211
v 6.631344 8.220737 -4.065211
v 6.631344 8.220737 -4.065211
v 6.631344 8.220737 -4.065211
v 6.631344 8.220737 -4.065211
v 8.077422 8.220737 -1.589443
v 8.077422 8.220737 -1.589443
v 8.077422 8.220737 -1.589443
v 8.077422 8.220737 -1.589443
v 8.077422 8.220737 -1.589443
v 8.077422 8.220737 -1.589443
v 8.094620 4.698471 -1.580534
v 8.094620 4.698471 -1.580534
v 8.094620 4.698471 -1.580534
v 8.094620 4.698471 -1.580534
v -9.533091 8.490064 -1.068149
v -9.533091 8.490064 -1.068149
v -9.533091 8.490064 -1.068149
v -9.533091 8.490064 -1.068149
v -7.398222 8.490064 -2.627140
v -7.398222 8.490064 -2.627140
v -7.398222 8.490064 -2.627140
v -7.398222 8.490064 -2.627140
v -7.398222 8.490064 -2.627140
v -10.371094 7.953352 -1.673590
v -10.371094 7.953352 -1.673590
v -10.371094 7.953352 -1.673590
v -10.371094 7.953352 -1.673590
v -10.371094 7.953352 -1.673590
v -7.237772 7.953352 -2.856869
v -7.237772 7.953352 -2.856869
v -7.237772 7.953352 -2.856869
v -7.237772 7.953352 -2.856869
v -10.112514 7.953352 -2.156004
v -10.112514 7.953352 -2.156004
v -10.112514 7.953352 -2.156004
v -10.112514 7.953352 -2.156004
v -9.005995 7.953352 -2.838856
v -9.005995 7.953352 -2.838856
v -9.005995 7.953352 -2.838856
v -9.005995 7.953352 -2.838856
v -9.005995 7.953352 -2.838856
v -10.460722 6.420877 -1.671814
v -10.460722 6.420877 -1.671814
v -10.460722 6.420877 -1.671814
v -10.460722 6.420877 -1.671814
v -10.184629 6.420877 -2.186900
v -10.184629 6.420877 -2.186900
v -10.184629 6.420877 -2.186900
v -10.184629 6.420877 -2.186900
v -9.012072 6.420877 -2.911064
v -9.012072 6.420877 -2.911064
v -9.012072 6.420877 -2.911064
v -9.012072 6.420877 -2.911064
v -9.012072 6.420877 -2.911064
v -9.012072 6.420877 -2.911064
v -0.847332 7.954001 -2.856869
v -0.847332 7.954001 -2.856869
v -0.847332 7.954001 -2.856869
v -0.847332 7.954001 -2.856869
v -4.850905 6.376530 -2.935232
v -4.850905 6.376530 -2.935232
v -4.850905 6.376530 -2.935232
v -4.850905 6.376530 -2.935232
v -4.850905 6.376530 -2.935232
v 8.120110 6.463833 -1.581445
v 8.120110 6.463833 -1.581445
v 8.120110 6.463833 -1.581445
v 8.120110 6.463833 -1.581445
v 6.681944 6.463834 -4.173697
v 6.681944 6.463834 -4.173697
v 6.681944 6.463834 -4.173697
v 7.469824 6.463834 -2.795920
v 7.469824 6.463834 -2.795920
v 7.469824 6.463834 -2.795920
v 7.469824 6.463834 -2.795920
v 7.469824 6.463834 -2.795920
v 4.395507 6.463834 -2.935231
v 4.395507 6.463834 -2.935231
v 4.395507 6.463834 -2.935231
v 4.395507 6.463834 -2.935231
v 4.395507 6.463834 -2.935231
v 4.395507 6.463834 -2.935231
v -10.460722 5.510855 -1.671814
v -10.460722 5.510855 -1.671814
v -10.460722 5.510855 -1.671814
v -10.460722 5.510855 -1.671814
v -10.184629 5.510856 -2.186900
v -10.184629 5.510856 -2.186900
v -10.184629 5.510856 -2.186900
v -9.063502 5.510856 -2.838200
v -9.063502 5.510856 -2.838200
v -9.063502 5.510856 -2.838200
v -9.063502 5.510856 -2.838200
v -9.063502 5.510856 -2.838200
v -9.063502 5.510856 -2.838200
v -8.979710 4.307281 -2.747353
v -8.979710 4.307281 -2.747353
v -8.979710 4.307281 -2.747353
v -8.979710 4.307281 -2.747353
v -5.053218 4.306815 -2.844384
v -5.053218 4.306815 -2.844384
v -5.053218 4.306815 -2.844384
v -5.053218 4.306815 -2.844384
v -5.053218 4.306815 -2.844384
v 7.409757 4.544021 -2.752609
v 7.409757 4.544021 -2.752609
v 7.409757 4.544021 -2.752609
v 7.409757 4.544021 -2.752609
v 6.042284 4.398431 -2.844384
v 6.042284 4.398431 -2.844384
v 6.042284 4.398431 -2.844384
v 6.042284 4.398431 -2.844384
v 6.042284 4.398431 -2.844384
v -7.195101 4.306325 -4.160370
v -7.195101 4.306325 -4.160370
v -7.195101 4.306325 -4.160370
v -7.160034 6.398379 -4.228272
v -7.160034 6.398379 -4.228272
v -7.160034 6.398379 -4.228272
v -7.160034 6.398379 -4.228272
v -0.210346 8.493473 2.856871
v -0.210346 8.493473 2.856871
v -0.210346 8.493473 2.856871
v -0.210346 8.493474 2.132200
v -0.210346 8.493474 2.132200
v -0.210346 8.493474 2.132200
v -0.210346 8.493474 2.132200
v -0.210346 8.493474 2.132200
v -0.210346 8.493474 2.132200
v 4.395507 8.493473 0.000001
v 4.395507 8.493473 0.000001
v 4.395507 8.493473 0.000001
v 4.395507 8.493473 0.000001
v 4.395507 8.493473 0.000001
v 4.395507 8.493473 0.000001
v 4.395507 8.493473 0.000001
v 4.395507 8.493473 0.000001
v 4.395507 8.493473 0.000001
v 4.395507 8.493473 0.000001
v 4.395507 8.493473 0.000001
v 4.395507 8.493473 0.000001
v 4.395507 8.493473 2.856871
v 4.395507 8.493473 2.856871
v 4.395507 8.493473 2.856871
v 4.395507 8.493473 2.856871
v 4.395507 8.493473 2.856871
v 4.395507 8.493473 2.856871
v 4.395507 8.493473 2.856871
v 4.395507 8.493473 2.856871
v 4.395507 8.493473 2.856871
v 8.455143 8.493474 1.466993
v 8.455143 8.493474 1.466993
v 8.455143 8.493474 1.466993
v 8.455143 8.493474 1.466993
v 8.455143 8.493474 1.466993
v 8.084288 8.493474 2.112784
v 8.084288 8.493474 2.112784
v 8.084288 8.493474 2.112784
v 8.084288 8.493474 2.112784
v 8.084288 8.493474 2.112784
v 7.346867 8.493474 3.858018
v 7.346867 8.493474 3.858018
v 7.346867 8.493474 3.858018
v 7.346867 8.493474 3.858018
v 7.346867 8.493474 3.858018
v 6.601656 8.493474 4.058121
v 6.601656 8.493474 4.058121
v 6.601656 8.493474 4.058121
v 6.601656 8.493474 4.058121
v 7.930265 8.493474 2.972259
v 7.930265 8.493474 2.972259
v 7.930265 8.493474 2.972259
v 7.930265 8.493474 2.972259
v 8.132034 8.493474 2.416754
v 8.132034 8.493474 2.416754
v 8.132034 8.493474 2.416754
v 8.132034 8.493474 2.416754
v 9.707409 8.493474 3.838354
v 9.707409 8.493474 3.838354
v 9.707409 8.493474 3.838354
v 9.707409 8.493474 3.838354
v 9.009114 8.493474 3.950522
v 9.009114 8.493474 3.950522
v 9.009114 8.493474 3.950522
v 9.009114 8.493474 3.950522
v 9.154348 8.493474 0.714957
v 9.154348 8.493474 0.714957
v 9.154348 8.493474 0.714957
v 9.154348 8.493474 0.714957
v 9.154348 8.493474 0.714957
v 9.154348 8.493474 0.714957
v 8.839558 8.493474 1.500429
v 8.839558 8.493474 1.500429
v 8.839558 8.493474 1.500429
v 8.839558 8.493474 1.500429
v 9.153742 8.493474 0.976429
v 9.153742 8.493474 0.976429
v 9.153742 8.493474 0.976429
v 9.153742 8.493474 0.976429
v 11.323261 8.493473 3.970445
v 11.323261 8.493473 3.970445
v 11.323261 8.493473 3.970445
v 11.323261 8.493473 3.970445
v 11.323261 8.493473 3.970445
v 10.270065 8.493474 3.561871
v 10.270065 8.493474 3.561871
v 10.270065 8.493474 3.561871
v 10.270065 8.493474 3.561871
v 8.117043 8.493474 4.921797
v 8.117043 8.493474 4.921797
v 8.117043 8.493474 4.921797
v 8.117043 8.493474 4.921797
v 8.242164 8.493474 4.367144
v 8.242164 8.493474 4.367144
v 8.242164 8.493474 4.367144
v 8.242164 8.493474 4.367144
v 8.862745 8.493473 4.367622
v 8.862745 8.493473 4.367622
v 8.862745 8.493473 4.367622
v 8.862745 8.493473 4.367622
v 12.225236 8.493474 4.922298
v 12.225236 8.493474 4.922298
v 12.225236 8.493474 4.922298
v 12.225236 8.493474 4.922298
v 12.225236 8.493474 4.922298
v 12.225236 8.493474 4.922298
v 10.109655 8.493474 3.819629
v 10.109655 8.493474 3.819629
v 10.109655 8.493474 3.819629
v 10.109655 8.493474 3.819629
v 10.109655 8.493474 3.819629
v 12.252626 8.493474 4.241094
v 12.252626 8.493474 4.241094
v 12.252626 8.493474 4.241094
v 12.482820 8.493474 4.569862
v 12.482820 8.493474 4.569862
v 12.482820 8.493474 4.569862
v 7.268818 8.493474 3.522730
v 7.268818 8.493474 3.522730
v 7.268818 8.493474 3.522730
v 7.268818 8.493474 3.522730
v 7.604064 8.493474 2.957514
v 7.604064 8.493474 2.957514
v 7.604064 8.493474 2.957514
v 7.604064 8.493474 2.957514
v 7.604064 8.493474 2.957514
v 7.604064 8.493474 2.957514
v -0.847332 7.954001 2.856872
v -0.847332 7.954001 2.856872
v -0.847332 7.954001 2.856872
v -0.847332 7.954001 2.856872
v -0.847332 7.954000 2.424275
v -0.847332 7.954000 2.424275
v -0.847332 7.954000 2.424275
v -0.847332 7.954000 2.424275
v -0.847332 7.954000 2.424275
v -0.249413 7.953949 2.132200
v -0.249413 7.953949 2.132200
v -0.249413 7.953949 2.132200
v -4.370043 7.954001 2.856872
v -4.370043 7.954001 2.856872
v -4.370043 7.954001 2.856872
v -4.370043 7.954001 2.856872
v -4.370043 7.954001 2.856872
v -4.370043 7.954000 2.424275
v -4.370043 7.954000 2.424275
v -4.370043 7.954000 2.424275
v -4.370043 7.954000 2.424275
v -4.370043 7.954000 2.424275
v -4.370043 7.954000 2.424275
v 9.621235 8.493474 0.380614
v 9.621235 8.493474 0.380614
v 9.621235 8.493474 0.380614
v -5.096014 7.954055 1.238548
v -5.096014 7.954055 1.238548
v -5.096014 7.954055 1.238548
v -5.096014 7.954055 1.238548
v -5.096014 7.954055 1.238548
v -4.901339 8.490063 2.856871
v -4.901339 8.490063 2.856871
v -4.901339 8.490063 2.856871
v -5.004999 8.490063 2.297633
v -5.004999 8.490063 2.297633
v -5.004999 8.490063 2.297633
v -5.004999 8.490063 2.297633
v -5.004999 8.490063 2.297633
v -6.737618 8.490063 2.856871
v -6.737618 8.490063 2.856871
v -6.737618 8.490063 2.856871
v -6.737618 8.490063 2.856871
v -6.737618 8.490063 2.856871
v -6.737618 8.490063 2.856871
v -5.121307 8.490063 1.457265
v -5.121307 8.490063 1.457265
v -5.121307 8.490063 1.457265
v -5.121307 8.490063 1.457265
v -6.367065 8.490064 0.721265
v -6.367065 8.490064 0.721265
v -6.367065 8.490064 0.721265
v -6.367065 8.490064 0.721265
v -6.367065 8.490064 0.721265
v -6.367065 8.490064 0.721265
v -7.398222 8.490063 2.627143
v -7.398222 8.490063 2.627143
v -7.398222 8.490063 2.627143
v -7.398222 8.490063 2.627143
v -7.398222 8.490063 2.627143
v -4.954397 7.954055 2.269380
v -4.954397 7.954055 2.269380
v -4.954397 7.954055 2.269380
v -5.899737 7.954055 0.700021
v -5.899737 7.954055 0.700021
v -5.899737 7.954055 0.700021
v 8.455143 8.220736 1.466993
v 8.455143 8.220736 1.466993
v 8.455143 8.220736 1.466993
v 8.455143 8.220736 1.466993
v 8.455143 8.220736 1.466993
v 8.455143 8.220736 1.466993
v 8.084288 8.220737 2.112784
v 8.084288 8.220737 2.112784
v 8.084288 8.220737 2.112784
v 8.084288 8.220737 2.112784
v 7.604064 8.220737 2.957514
v 7.604064 8.220737 2.957514
v 7.604064 8.220737 2.957514
v 7.604064 8.220737 2.957514
v 7.604064 8.220737 2.957514
v 7.268818 8.220737 3.522730
v 7.268818 8.220737 3.522730
v 7.268818 8.220737 3.522730
v 7.268818 8.220737 3.522730
v 6.631344 8.220737 4.065214
v 6.631344 8.220737 4.065214
v 6.631344 8.220737 4.065214
v 6.631344 8.220737 4.065214
v 6.631344 8.220737 4.065214
v 6.631344 8.220737 4.065214
v 6.631344 8.220737 4.065214
v 7.346867 8.220737 3.858018
v 7.346867 8.220737 3.858018
v 7.346867 8.220737 3.858018
v 7.346867 8.220737 3.858018
v 8.242164 8.220737 4.367144
v 8.242164 8.220737 4.367144
v 8.242164 8.220737 4.367144
v 8.242164 8.220737 4.367144
v 9.009114 8.220737 3.950522
v 9.009114 8.220737 3.950522
v 9.009114 8.220737 3.950522
v 9.009114 8.220737 3.950522
v 7.930265 8.220737 2.972259
v 7.930265 8.220737 2.972259
v 7.930265 8.220737 2.972259
v 7.930265 8.220737 2.972259
v 8.132034 8.220737 2.416754
v 8.132034 8.220737 2.416754
v 8.132034 8.220737 2.416754
v 8.132034 8.220737 2.416754
v 9.707409 8.220737 3.838354
v 9.707409 8.220737 3.838354
v 9.707409 8.220737 3.838354
v 9.707409 8.220737 3.838354
v 9.621235 8.220737 0.380614
v 9.621235 8.220737 0.380614
v 9.621235 8.220737 0.380614
v 10.270065 8.220737 3.561871
v 10.270065 8.220737 3.561871
v 10.270065 8.220737 3.561871
v 10.270065 8.220737 3.561871
v 8.839558 8.220737 1.500429
v 8.839558 8.220737 1.500429
v 8.839558 8.220737 1.500429
v 8.839558 8.220737 1.500429
v 9.153742 8.220736 0.976429
v 9.153742 8.220736 0.976429
v 9.153742 8.220736 0.976429
v 9.153742 8.220736 0.976429
v 11.323261 8.220736 3.970445
v 11.323261 8.220736 3.970445
v 11.323261 8.220736 3.970445
v 11.323261 8.220736 3.970445
v 11.323261 8.220736 3.970445
v 10.109655 8.220737 3.819629
v 10.109655 8.220737 3.819629
v 10.109655 8.220737 3.819629
v 10.109655 8.220737 3.819629
v 10.109655 8.220737 3.819629
v 8.862745 8.220736 4.367622
v 8.862745 8.220736 4.367622
v 8.862745 8.220736 4.367622
v 8.862745 8.220736 4.367622
v 9.062359 8.493473 4.224777
v 9.062359 8.493473 4.224777
v 9.062359 8.493473 4.224777
v 9.062359 8.493473 4.224777
v 9.062359 8.220736 4.224777
v 9.062359 8.220736 4.224777
v 9.062359 8.220736 4.224777
v 9.062359 8.220736 4.224777
v 12.225236 8.220737 4.922298
v 12.225236 8.220737 4.922298
v 12.225236 8.220737 4.922298
v 12.225236 8.220737 4.922298
v 12.225236 8.220737 4.922298
v 12.225236 8.220737 4.922298
v 8.117043 8.220737 4.921797
v 8.117043 8.220737 4.921797
v 8.117043 8.220737 4.921797
v 8.117043 8.220737 4.921797
v 12.252626 8.220737 4.241094
v 12.252626 8.220737 4.241094
v 12.252626 8.220737 4.241094
v 12.482820 8.220737 4.569862
v 12.482820 8.220737 4.569862
v 12.482820 8.220737 4.569862
v 9.154348 8.220737 0.714957
v 9.154348 8.220737 0.714957
v 9.154348 8.220737 0.714957
v 9.154348 8.220737 0.714957
v 9.154348 8.220737 0.714957
v 8.077422 8.220737 1.589445
v 8.077422 8.220737 1.589445
v 8.077422 8.220737 1.589445
v 8.077422 8.220737 1.589445
v 8.077422 8.220737 1.589445
v 8.077422 8.220737 1.589445
v 6.681944 6.463834 4.173699
v 6.681944 6.463834 4.173699
v 6.681944 6.463834 4.173699
v 4.395507 6.463834 2.935234
v 4.395507 6.463834 2.935234
v 4.395507 6.463834 2.935234
v 4.395507 6.463834 2.935234
v 4.395507 6.463834 2.935234
v 4.395507 6.463834 2.935234
v 7.469823 6.463834 2.795922
v 7.469823 6.463834 2.795922
v 7.469823 6.463834 2.795922
v 7.469823 6.463834 2.795922
v 7.469823 6.463834 2.795922
v 8.120110 6.463834 1.581447
v 8.120110 6.463834 1.581447
v 8.120110 6.463834 1.581447
v 8.120110 6.463834 1.581447
v -9.933935 8.490063 0.000001
v -9.933935 8.490063 0.000001
v -9.933935 8.490063 0.000001
v -9.933935 8.490063 0.000001
v -9.933935 8.490063 0.000001
v -9.933935 8.490063 0.000001
v -9.005995 7.953351 2.838859
v -9.005995 7.953351 2.838859
v -9.005995 7.953351 2.838859
v -9.005995 7.953351 2.838859
v -9.005995 7.953351 2.838859
v -10.371094 7.953352 1.673592
v -10.371094 7.953352 1.673592
v -10.371094 7.953352 1.673592
v -10.371094 7.953352 1.673592
v -10.371094 7.953352 1.673592
v -10.112514 7.953352 2.156007
v -10.112514 7.953352 2.156007
v -10.112514 7.953352 2.156007
v -10.112514 7.953352 2.156007
v -9.533091 8.490063 1.068152
v -9.533091 8.490063 1.068152
v -9.533091 8.490063 1.068152
v -9.533091 8.490063 1.068152
v -10.460722 6.420877 1.671817
v -10.460722 6.420877 1.671817
v -10.460722 6.420877 1.671817
v -10.460722 6.420877 1.671817
v -10.184629 6.420877 2.186903
v -10.184629 6.420877 2.186903
v -10.184629 6.420877 2.186903
v -10.184629 6.420877 2.186903
v -7.237772 7.953351 2.856871
v -7.237772 7.953351 2.856871
v -7.237772 7.953351 2.856871
v -7.237772 7.953351 2.856871
v -9.012072 6.420877 2.911066
v -9.012072 6.420877 2.911066
v -9.012072 6.420877 2.911066
v -9.012072 6.420877 2.911066
v -9.012072 6.420877 2.911066
v -9.012072 6.420877 2.911066
v -4.850905 6.376530 2.935234
v -4.850905 6.376530 2.935234
v -4.850905 6.376530 2.935234
v -4.850905 6.376530 2.935234
v -4.850905 6.376530 2.935234
v 8.094620 4.698471 1.580537
v 8.094620 4.698471 1.580537
v 8.094620 4.698471 1.580537
v 8.094620 4.698471 1.580537
v 7.409756 4.544021 2.752611
v 7.409756 4.544021 2.752611
v 7.409756 4.544021 2.752611
v 7.409756 4.544021 2.752611
v -10.460722 5.510856 1.671817
v -10.460722 5.510856 1.671817
v -10.460722 5.510856 1.671817
v -10.460722 5.510856 1.671817
v -10.184629 5.510856 2.186903
v -10.184629 5.510856 2.186903
v -10.184629 5.510856 2.186903
v -9.063502 5.510856 2.838202
v -9.063502 5.510856 2.838202
v -9.063502 5.510856 2.838202
v -9.063502 5.510856 2.838202
v -9.063502 5.510856 2.838202
v -9.063502 5.510856 2.838202
v 6.042284 4.398431 2.844387
v 6.042284 4.398431 2.844387
v 6.042284 4.398431 2.844387
v 6.042284 4.398431 2.844387
v 6.042284 4.398431 2.844387
v -5.053219 4.306815 2.844387
v -5.053219 4.306815 2.844387
v -5.053219 4.306815 2.844387
v -5.053219 4.306815 2.844387
v -5.053219 4.306815 2.844387
v -7.195101 4.306325 4.160372
v -7.195101 4.306325 4.160372
v -7.195101 4.306325 4.160372
v -7.160034 6.398379 4.228275
v -7.160034 6.398379 4.228275
v -7.160034 6.398379 4.228275
v -7.160034 6.398379 4.228275
v -8.979710 4.307281 2.747355
v -8.979710 4.307281 2.747355
v -8.979710 4.307281 2.747355
v -8.979710 4.307281 2.747355
v 7.018116 4.328978 0.000001
v 7.018116 4.328978 0.000001
v 7.018116 4.328978 0.000001
v 7.018116 4.328978 0.000001
v 7.018116 4.328978 0.000001
v 7.018116 4.328978 0.000001
v 15.159937 6.458053 -1.494978
v 14.972448 5.758339 -1.494978
v 14.460223 5.246114 -1.494978
v 13.760509 5.058626 -1.494978
v 13.060796 5.246114 -1.494978
v 12.548571 5.758339 -1.494978
v 12.361083 6.458053 -1.494978
v 12.548571 7.157766 -1.494978
v 13.060796 7.669991 -1.494978
v 13.760509 7.857480 -1.494978
v 14.460221 7.669992 -1.494978
v 14.972448 7.157767 -1.494978
v 15.159937 6.458053 -2.272602
v 14.972448 5.758339 -2.272602
v 14.460223 5.246114 -2.272602
v 13.760509 5.058626 -2.272602
v 13.060796 5.246114 -2.272602
v 12.548571 5.758339 -2.272602
v 12.361083 6.458053 -2.272602
v 12.548571 7.157766 -2.272602
v 13.060796 7.669991 -2.272603
v 13.760509 7.857480 -2.272603
v 14.460221 7.669992 -2.272603
v 14.972448 7.157767 -2.272602
v 9.707005 8.479936 4.569860
v 9.707005 8.479936 4.569860
v 12.399999 8.479936 4.569860
v 12.399999 8.479936 4.569860
v 9.923546 8.737654 4.269500
v 9.923546 8.737654 4.269500
v 9.923546 8.737654 4.269500
v 12.399999 8.737654 4.569860
v 12.399999 8.737654 4.569860
v 12.399999 8.737654 4.569860
v 9.707005 8.737654 4.569860
v 9.707005 8.737654 4.569860
v 9.707005 8.737654 4.569860
v 12.183458 8.737654 4.870219
v 12.183458 8.737654 4.870219
v 12.183458 8.737654 4.870219
v 9.923546 8.479936 4.870220
v 9.923546 8.479936 4.870220
v 9.923546 8.479936 4.870220
v 10.191913 8.737654 4.269500
v 10.191913 8.737654 4.269500
v 10.191913 8.737654 4.269500
v 10.191913 8.737654 4.269500
v 10.191913 8.737654 4.269500
v 10.191913 8.737654 4.870219
v 10.191913 8.737654 4.870219
v 10.191913 8.737654 4.870219
v 10.191913 8.737654 4.870219
v 10.191913 8.737654 4.870219
v 12.183458 8.479936 4.269500
v 12.183458 8.479936 4.269500
v 12.183458 8.479936 4.269500
v 11.915091 8.737654 4.269500
v 11.915091 8.737654 4.269500
v 11.915091 8.737654 4.269500
v 11.915091 8.737654 4.269500
v 11.915091 8.737654 4.269500
v 11.915091 8.737654 4.870219
v 11.915091 8.737654 4.870219
v 11.915091 8.737654 4.870219
v 11.915091 8.737654 4.870219
v 11.915091 8.737654 4.870219
v 10.608859 9.145093 4.870219
v 10.608859 9.145093 4.870219
v 10.608859 9.145093 4.870219
v 10.608859 9.145093 4.269501
v 10.608859 9.145093 4.269501
v 10.608859 9.145093 4.269501
v 11.498144 9.145093 4.269501
v 11.498144 9.145093 4.269501
v 11.498144 9.145093 4.269501
v 11.498144 9.145093 4.870219
v 11.498144 9.145093 4.870219
v 11.498144 9.145093 4.870219
v 9.923546 8.479936 4.269500
v 9.923546 8.479936 4.269500
v 9.923546 8.479936 4.269500
v 12.183458 8.479936 4.870220
v 12.183458 8.479936 4.870220
v 12.183458 8.479936 4.870220
v 12.183458 8.737654 4.269500
v 12.183458 8.737654 4.269500
v 12.183458 8.737654 4.269500
v 9.923546 8.737654 4.870219
v 9.923546 8.737654 4.870219
v 9.923546 8.737654 4.870219
v 5.479289 8.040988 -4.660884
v 5.479289 8.040988 -4.660884
v 5.479289 8.040988 -4.660884
v 5.479289 8.040988 -4.660884
v 5.420248 8.040988 -5.335730
v 5.420248 8.040988 -5.335730
v 5.420248 8.040988 -5.335730
v 5.420248 8.040988 -5.335730
v 4.806293 8.040988 -5.622022
v 4.806293 8.040988 -5.622022
v 4.806293 8.040988 -5.622022
v 4.806293 8.040988 -5.622022
v 4.806293 8.040988 -5.622022
v 4.251380 8.040988 -5.233468
v 4.251380 8.040988 -5.233468
v 4.251380 8.040988 -5.233468
v 4.310421 8.040988 -4.558621
v 4.310421 8.040988 -4.558621
v 4.310421 8.040988 -4.558621
v 4.310421 8.040988 -4.558621
v 4.310421 8.040988 -4.558621
v 4.924376 8.040988 -4.272330
v 4.924376 8.040988 -4.272330
v 4.924376 8.040988 -4.272330
v 5.479289 6.628251 -4.660884
v 5.479289 6.628251 -4.660884
v 5.479289 6.628251 -4.660884
v 5.479289 6.628251 -4.660884
v 4.251380 6.628251 -5.233468
v 4.251380 6.628251 -5.233468
v 4.251380 6.628251 -5.233468
v 4.310421 6.628251 -4.558622
v 4.310421 6.628251 -4.558622
v 4.310421 6.628251 -4.558622
v 4.310421 6.628251 -4.558622
v 4.310421 6.628251 -4.558622
v 4.924376 6.628251 -4.272330
v 4.924376 6.628251 -4.272330
v 4.924376 6.628251 -4.272330
v 5.420248 6.628251 -5.335731
v 5.420248 6.628251 -5.335731
v 5.420248 6.628251 -5.335731
v 5.420248 6.628251 -5.335731
v 4.806293 6.628251 -5.622022
v 4.806293 6.628251 -5.622022
v 4.806293 6.628251 -5.622022
v 4.806293 6.628251 -5.622022
v 4.806293 6.628251 -5.622022
v 6.687302 7.858933 -7.585836
v 6.687302 7.858933 -7.585836
v 6.687302 7.858933 -7.585836
v 6.687302 7.858933 -7.585836
v 6.364433 7.858933 -7.642863
v 6.364433 7.858933 -7.642863
v 6.364433 7.858933 -7.642863
v 6.364433 7.858933 -7.642863
v 6.364433 6.810307 -7.642863
v 6.364433 6.810307 -7.642863
v 6.364433 6.810307 -7.642863
v 6.364433 6.810307 -7.642863
v 6.687302 6.810307 -7.585836
v 6.687302 6.810307 -7.585836
v 6.687302 6.810307 -7.585836
v 6.687302 6.810307 -7.585836
v 6.570071 7.858933 -8.483295
v 6.570071 7.858933 -8.483295
v 6.570071 7.858933 -8.483295
v 6.247170 7.858933 -8.426455
v 6.247170 7.858933 -8.426455
v 6.247170 7.858933 -8.426455
v 6.247170 6.810307 -8.426455
v 6.247170 6.810307 -8.426455
v 6.247170 6.810307 -8.426455
v 6.570071 6.810307 -8.483295
v 6.570071 6.810307 -8.483295
v 6.570071 6.810307 -8.483295
v -14.848405 6.954935 -16.351856
v -14.848405 6.954935 -16.351856
v -14.848405 6.954935 -16.351856
v -14.848405 6.954935 -16.351856
v -15.620246 6.954934 -17.637449
v -15.620246 6.954934 -17.637449
v -15.620246 6.954934 -17.637449
v -15.620246 6.954934 -17.637449
v -14.894338 7.022902 -18.947763
v -14.894338 7.022902 -18.947763
v -14.894338 7.022902 -18.947763
v -14.894338 7.022902 -18.947763
v -13.396587 7.090871 -18.972485
v -13.396587 7.090871 -18.972485
v -13.396587 7.090871 -18.972485
v -13.396587 7.090871 -18.972485
v -12.624745 7.090872 -17.686893
v -12.624745 7.090872 -17.686893
v -12.624745 7.090872 -17.686893
v -12.624745 7.090872 -17.686893
v -13.350655 7.022904 -16.376579
v -13.350655 7.022904 -16.376579
v -13.350655 7.022904 -16.376579
v -13.350655 7.022904 -16.376579
v -14.796699 5.804244 -16.382898
v -14.796699 5.804244 -16.382898
v -15.568540 5.804244 -17.668491
v -15.568540 5.804244 -17.668491
v -14.842630 5.872212 -18.978806
v -14.842630 5.872212 -18.978806
v -13.344880 5.940181 -19.003529
v -13.344880 5.940181 -19.003529
v -12.573039 5.940182 -17.717936
v -12.573039 5.940182 -17.717936
v -13.298948 5.872213 -16.407621
v -13.298948 5.872213 -16.407621
v -14.735983 6.995062 -17.652044
v -14.735983 6.995062 -17.652044
v -14.735983 6.995062 -17.652044
v -14.735983 6.995062 -17.652044
v -14.419832 6.995063 -17.125458
v -14.419832 6.995063 -17.125458
v -14.419832 6.995063 -17.125458
v -14.419832 6.995063 -17.125458
v -13.806345 7.022903 -17.135586
v -13.806345 7.022903 -17.135586
v -13.806345 7.022903 -17.135586
v -13.806345 7.022903 -17.135586
v -13.509009 7.050744 -17.672297
v -13.509009 7.050744 -17.672297
v -13.509009 7.050744 -17.672297
v -13.509009 7.050744 -17.672297
v -13.825160 7.050744 -18.198883
v -13.825160 7.050744 -18.198883
v -13.825160 7.050744 -18.198883
v -13.825160 7.050744 -18.198883
v -14.438647 7.022903 -18.188757
v -14.438647 7.022903 -18.188757
v -14.438647 7.022903 -18.188757
v -14.438647 7.022903 -18.188757
v -14.791796 8.237126 -17.618536
v -14.791796 8.237126 -17.618536
v -14.791796 8.237126 -17.618536
v -14.791796 8.237126 -17.618536
v -14.475645 8.237126 -17.091951
v -14.475645 8.237126 -17.091951
v -14.475645 8.237126 -17.091951
v -14.475645 8.237126 -17.091951
v -14.475645 8.237126 -17.091951
v -14.475645 8.237126 -17.091951
v -13.862158 8.264967 -17.102077
v -13.862158 8.264967 -17.102077
v -13.862158 8.264967 -17.102077
v -13.862158 8.264967 -17.102077
v -13.564822 8.292808 -17.638790
v -13.564822 8.292808 -17.638790
v -13.564822 8.292808 -17.638790
v -13.564822 8.292808 -17.638790
v -13.564822 8.292808 -17.638790
v -13.564822 8.292808 -17.638790
v -13.880972 8.292808 -18.165375
v -13.880972 8.292808 -18.165375
v -13.880972 8.292808 -18.165375
v -13.880972 8.292808 -18.165375
v -14.494460 8.264966 -18.155249
v -14.494460 8.264966 -18.155249
v -14.494460 8.264966 -18.155249
v -14.494460 8.264966 -18.155249
v -14.494460 8.264966 -18.155249
v -14.494460 8.264966 -18.155249
v -13.525422 7.416008 -17.662443
v -13.525422 7.416008 -17.662443
v -13.525422 7.416008 -17.662443
v -13.525422 7.416008 -17.662443
v -13.525422 7.416008 -17.662443
v -13.822758 7.388167 -17.125732
v -13.822758 7.388167 -17.125732
v -13.822758 7.388167 -17.125732
v -13.822758 7.388167 -17.125732
v -13.822758 7.388167 -17.125732
v -14.436246 7.360327 -17.115604
v -14.436246 7.360327 -17.115604
v -14.436246 7.360327 -17.115604
v -14.436246 7.360327 -17.115604
v -14.436246 7.360327 -17.115604
v -14.752396 7.360326 -17.642191
v -14.752396 7.360326 -17.642191
v -14.752396 7.360326 -17.642191
v -14.752396 7.360326 -17.642191
v -14.752396 7.360326 -17.642191
v -14.455060 7.388166 -18.178904
v -14.455060 7.388166 -18.178904
v -14.455060 7.388166 -18.178904
v -14.455060 7.388166 -18.178904
v -14.455060 7.388166 -18.178904
v -14.455060 7.388166 -18.178904
v -13.841574 7.416008 -18.189030
v -13.841574 7.416008 -18.189030
v -13.841574 7.416008 -18.189030
v -13.841574 7.416008 -18.189030
v -13.841574 7.416008 -18.189030
v -15.518124 8.173397 -16.466068
v -15.518124 8.173397 -16.466068
v -15.518124 8.173397 -16.466068
v -15.834274 8.173397 -16.992655
v -15.834274 8.173397 -16.992655
v -15.834274 8.173397 -16.992655
v -15.794876 7.296597 -17.016310
v -15.794876 7.296597 -17.016310
v -15.794876 7.296597 -17.016310
v -15.478725 7.296597 -16.489723
v -15.478725 7.296597 -16.489723
v -15.478725 7.296597 -16.489723
v -12.500809 8.324673 -17.047678
v -12.500809 8.324673 -17.047678
v -12.500809 8.324673 -17.047678
v -12.798145 8.296832 -16.510965
v -12.798145 8.296832 -16.510965
v -12.798145 8.296832 -16.510965
v -12.758746 7.420032 -16.534620
v -12.758746 7.420032 -16.534620
v -12.758746 7.420032 -16.534620
v -12.461410 7.447873 -17.071333
v -12.461410 7.447873 -17.071333
v -12.461410 7.447873 -17.071333
v -14.515993 8.296830 -19.372242
v -14.515993 8.296830 -19.372242
v -14.515993 8.296830 -19.372242
v -14.515993 8.296830 -19.372242
v -13.902506 8.324672 -19.382368
v -13.902506 8.324672 -19.382368
v -13.902506 8.324672 -19.382368
v -13.863107 7.447872 -19.406023
v -13.863107 7.447872 -19.406023
v -13.863107 7.447872 -19.406023
v -14.476593 7.420031 -19.395897
v -14.476593 7.420031 -19.395897
v -14.476593 7.420031 -19.395897
v -13.216767 4.476062 -19.009375
v -12.775862 4.475082 -18.353737
v -15.663523 4.496915 -17.364630
v -15.717554 4.494970 -18.152782
v -15.370237 4.490620 -18.862263
v -14.714631 4.485032 -19.302971
v -13.926407 4.479704 -19.356817
v -13.215764 5.987301 -18.998360
v -13.215764 5.987301 -18.998360
v -13.215764 5.987301 -18.998360
v -13.215764 5.987301 -18.998360
v -12.774858 5.986322 -18.342724
v -12.774858 5.986322 -18.342724
v -12.774858 5.986322 -18.342724
v -12.774858 5.986322 -18.342724
v -15.662519 6.008154 -17.353615
v -15.662519 6.008154 -17.353615
v -15.662519 6.008154 -17.353615
v -15.662519 6.008154 -17.353615
v -15.716552 6.006209 -18.141766
v -15.716552 6.006209 -18.141766
v -15.716552 6.006209 -18.141766
v -15.716552 6.006209 -18.141766
v -15.369233 6.001860 -18.851250
v -15.369233 6.001860 -18.851250
v -15.369233 6.001860 -18.851250
v -15.369233 6.001860 -18.851250
v -14.713629 5.996272 -19.291956
v -14.713629 5.996272 -19.291956
v -14.713629 5.996272 -19.291956
v -13.925405 5.990944 -19.345802
v -13.925405 5.990944 -19.345802
v -13.925405 5.990944 -19.345802
v -13.925405 5.990944 -19.345802
v -11.971879 4.457149 -16.805155
v -11.917845 4.459095 -16.017006
v -11.916500 6.485814 -16.002232
v -11.916500 6.485814 -16.002232
v -11.916500 6.485814 -16.002232
v -11.916500 6.485814 -16.002232
v -11.970875 5.968389 -16.794142
v -11.970875 5.968389 -16.794142
v -11.970875 5.968389 -16.794142
v -11.970875 5.968389 -16.794142
v -12.265164 4.463443 -15.307523
v -12.263819 6.490164 -15.292751
v -12.263819 6.490164 -15.292751
v -12.263819 6.490164 -15.292751
v -12.263819 6.490164 -15.292751
v -12.920770 4.469031 -14.866816
v -12.919425 6.495751 -14.852044
v -12.919425 6.495751 -14.852044
v -12.919425 6.495751 -14.852044
v -13.708995 4.474360 -14.812968
v -13.707648 6.501080 -14.798197
v -13.707648 6.501080 -14.798197
v -13.707648 6.501080 -14.798197
v -13.707648 6.501080 -14.798197
v -14.418632 4.478002 -15.160412
v -14.417287 6.504722 -15.145639
v -14.417287 6.504722 -15.145639
v -14.417287 6.504722 -15.145639
v -14.417287 6.504722 -15.145639
v -14.859538 4.478981 -15.816047
v -14.858535 5.990221 -15.805032
v -14.858535 5.990221 -15.805032
v -14.858535 5.990221 -15.805032
v -14.858535 5.990221 -15.805032
v -13.041201 3.993460 -18.188286
v -15.251274 3.996879 -17.431425
v -14.739919 3.988658 -15.914131
v -14.330825 3.987749 -15.305800
v -13.672386 3.984370 -14.983426
v -12.941033 3.979426 -15.033388
v -12.332729 3.974241 -15.442298
v -12.010470 3.970206 -16.100590
v -12.060604 3.968401 -16.831875
v -13.022515 3.768915 -17.585239
v -13.686183 3.743650 -17.671198
v -14.213344 3.666117 -17.266283
v -14.295197 3.581734 -16.607683
v -13.883790 3.539931 -16.081196
v -13.220123 3.565196 -15.995235
v -12.692962 3.642729 -16.400152
v -12.611110 3.727112 -17.058752
v -14.165638 3.973496 -18.236233
v -13.664697 3.498344 -17.212603
v -13.737703 3.426144 -16.650402
v -13.181208 3.447707 -16.581434
v -13.108199 3.519907 -17.143633
v -7.317561 5.416687 -4.602148
v -7.317561 5.416687 -4.602148
v -7.109445 6.002593 -4.726993
v -6.607009 6.245283 -5.028397
v -6.104573 6.002593 -5.329800
v -5.896458 5.416687 -5.454645
v -6.104573 4.830782 -5.329799
v -6.607009 4.588092 -5.028396
v -7.109445 4.830782 -4.726993
v -13.574618 5.416686 -15.032593
v -13.574618 5.416686 -15.032593
v -13.366502 6.002591 -15.157438
v -12.864066 6.245281 -15.458841
v -12.361630 6.002591 -15.760246
v -12.153514 5.416685 -15.885090
v -12.361630 4.830780 -15.760244
v -12.864066 4.588090 -15.458841
v -13.366502 4.830780 -15.157438
v -5.948780 6.120254 -4.660884
v -5.948780 6.120254 -4.660884
v -5.948780 6.120254 -4.660884
v -5.948780 6.120254 -4.660884
v -5.889739 6.120254 -5.335730
v -5.889739 6.120254 -5.335730
v -5.889739 6.120254 -5.335730
v -5.889739 6.120254 -5.335730
v -5.275784 6.120254 -5.622022
v -5.275784 6.120254 -5.622022
v -5.275784 6.120254 -5.622022
v -5.275784 6.120254 -5.622022
v -5.275784 6.120254 -5.622022
v -4.720870 6.120254 -5.233468
v -4.720870 6.120254 -5.233468
v -4.720870 6.120254 -5.233468
v -4.779912 6.120254 -4.558621
v -4.779912 6.120254 -4.558621
v -4.779912 6.120254 -4.558621
v -4.779912 6.120254 -4.558621
v -4.779912 6.120254 -4.558621
v -5.393867 6.120254 -4.272330
v -5.393867 6.120254 -4.272330
v -5.393867 6.120254 -4.272330
v -5.948780 4.707516 -4.660884
v -5.948780 4.707516 -4.660884
v -5.948780 4.707516 -4.660884
v -5.948780 4.707516 -4.660884
v -4.720870 4.707516 -5.233468
v -4.720870 4.707516 -5.233468
v -4.720870 4.707516 -5.233468
v -4.779912 4.707516 -4.558622
v -4.779912 4.707516 -4.558622
v -4.779912 4.707516 -4.558622
v -4.779912 4.707516 -4.558622
v -4.779912 4.707516 -4.558622
v -5.393867 4.707516 -4.272330
v -5.393867 4.707516 -4.272330
v -5.393867 4.707516 -4.272330
v -5.889739 4.707516 -5.335731
v -5.889739 4.707516 -5.335731
v -5.889739 4.707516 -5.335731
v -5.889739 4.707516 -5.335731
v -5.275784 4.707516 -5.622022
v -5.275784 4.707516 -5.622022
v -5.275784 4.707516 -5.622022
v -5.275784 4.707516 -5.622022
v -5.275784 4.707516 -5.622022
v -7.156793 5.938199 -7.585836
v -7.156793 5.938199 -7.585836
v -7.156793 5.938199 -7.585836
v -7.156793 5.938199 -7.585836
v -6.833924 5.938199 -7.642863
v -6.833924 5.938199 -7.642863
v -6.833924 5.938199 -7.642863
v -6.833924 5.938199 -7.642863
v -6.833924 4.889573 -7.642863
v -6.833924 4.889573 -7.642863
v -6.833924 4.889573 -7.642863
v -6.833924 4.889573 -7.642863
v -7.156793 4.889572 -7.585836
v -7.156793 4.889572 -7.585836
v -7.156793 4.889572 -7.585836
v -7.156793 4.889572 -7.585836
v -7.039562 5.938199 -8.483295
v -7.039562 5.938199 -8.483295
v -7.039562 5.938199 -8.483295
v -6.716661 5.938199 -8.426455
v -6.716661 5.938199 -8.426455
v -6.716661 5.938199 -8.426455
v -6.716661 4.889573 -8.426455
v -6.716661 4.889573 -8.426455
v -6.716661 4.889573 -8.426455
v -7.039562 4.889573 -8.483295
v -7.039562 4.889573 -8.483295
v -7.039562 4.889573 -8.483295
v -6.953178 5.415946 -3.854176
v -6.953178 5.415946 -3.854176
v -6.741002 6.246836 -3.736365
v -6.741002 6.246836 -3.736365
v -6.741002 6.246836 -3.736365
v -5.716520 6.246836 -3.167524
v -5.716520 6.246836 -3.167524
v -5.504343 5.415946 -3.049714
v -5.504343 5.415946 -3.049714
v -5.716520 4.572246 -3.167524
v -5.716520 4.572246 -3.167524
v -6.741002 4.572246 -3.736365
v -6.741002 4.572246 -3.736365
v -6.741002 4.572246 -3.736365
v -5.986211 6.255241 -4.643719
v -5.986211 6.255241 -4.643719
v -5.986211 6.255241 -4.643719
v -5.986211 6.255241 -4.643719
v -5.986211 6.255241 -4.643719
v -5.986211 6.255241 -4.643719
v -5.195827 6.255241 -4.107562
v -5.195827 6.255241 -4.107562
v -5.195827 6.255241 -4.107562
v -5.195827 6.255241 -4.107562
v -5.242041 5.415946 -3.522120
v -5.242041 5.415946 -3.522120
v -5.242041 5.415946 -3.522120
v -5.195827 4.572244 -4.107562
v -5.195827 4.572244 -4.107562
v -5.195827 4.572244 -4.107562
v -5.195827 4.572244 -4.107562
v -5.986211 4.572245 -4.643719
v -5.986211 4.572245 -4.643719
v -5.986211 4.572245 -4.643719
v -5.986211 4.572245 -4.643719
v -5.986211 4.572245 -4.643719
v -7.393466 5.415946 -4.721531
v -7.393466 5.415946 -4.721531
v -7.393466 5.415946 -4.721531
v -7.393466 5.415946 -4.721531
v -7.243013 6.264235 -4.802592
v -7.243013 6.264235 -4.802592
v -7.243013 6.264235 -4.802592
v -7.243013 6.264235 -4.802592
v -6.142233 6.264235 -5.448044
v -6.142233 6.264235 -5.448044
v -6.142233 6.264235 -5.448044
v -6.142233 6.264235 -5.448044
v -5.940404 5.415946 -5.585324
v -5.940404 5.415946 -5.585324
v -5.940404 5.415946 -5.585324
v -5.940404 5.415946 -5.585324
v -6.146183 4.573966 -5.451555
v -6.146183 4.573966 -5.451555
v -6.146183 4.573966 -5.451555
v -6.146183 4.573966 -5.451555
v -7.245757 4.574681 -4.809216
v -7.245757 4.574681 -4.809216
v -7.245757 4.574681 -4.809216
v -5.981467 6.268873 -5.108420
v -5.981467 6.268873 -5.108420
v -5.981467 6.268873 -5.108420
v -5.981467 6.268873 -5.108420
v -5.879949 5.415946 -5.476917
v -5.879949 5.415946 -5.476917
v -5.879949 5.415946 -5.476917
v -5.981467 4.675898 -5.108419
v -5.981467 4.675898 -5.108419
v -5.981467 4.675898 -5.108419
v -5.981467 4.675898 -5.108419
v -6.516118 8.472407 -1.520232
v -6.516118 8.472407 -1.520232
v -6.516118 8.472408 -2.476098
v -6.516118 8.472408 -2.476098
v -5.736977 8.472408 -2.476098
v -5.736977 8.472408 -2.476098
v -6.516118 9.281730 -1.520232
v -6.516118 9.281730 -1.520232
v -6.516118 9.281730 -1.520232
v -6.516118 9.281730 -1.520232
v -5.567941 9.281730 -1.520232
v -5.567941 9.281730 -1.520232
v -5.567941 9.281730 -1.520232
v -5.567941 9.281730 -1.520232
v -6.516118 9.281730 -2.476098
v -6.516118 9.281730 -2.476098
v -6.516118 9.281730 -2.476098
v -6.516118 9.281730 -2.476098
v -5.567941 9.281730 -2.476098
v -5.567941 9.281730 -2.476098
v -5.567941 9.281730 -2.476098
v -5.567941 9.281730 -2.476098
v -6.516118 9.766751 -1.795799
v -6.516118 9.766751 -1.795799
v -6.516118 9.766751 -1.795799
v -6.516118 9.766751 -1.795799
v -5.567941 9.766751 -1.795799
v -5.567941 9.766751 -1.795799
v -5.567941 9.766751 -1.795799
v -5.567941 9.766751 -1.795799
v -5.567941 9.766751 -1.795799
v -5.567941 9.766751 -2.200531
v -5.567941 9.766751 -2.200531
v -5.567941 9.766751 -2.200531
v -5.567941 9.766751 -2.200531
v -5.567941 9.766751 -2.200531
v -6.516118 9.766751 -2.200531
v -6.516118 9.766751 -2.200531
v -6.516118 9.766751 -2.200531
v -6.516118 9.766751 -2.200531
v -6.516118 11.171719 -1.795799
v -6.516118 11.171719 -1.795799
v -6.516118 11.171719 -1.795799
v -6.516118 11.171719 -1.795799
v -6.516118 11.171719 -1.795799
v -6.516118 11.171719 -2.200531
v -6.516118 11.171719 -2.200531
v -6.516118 11.171719 -2.200531
v -6.516118 11.171719 -2.200531
v -6.516118 11.171719 -2.200531
v -6.777341 18.566469 -1.795799
v -6.777341 18.566469 -1.795799
v -6.777341 18.566469 -1.795799
v -6.777341 18.566469 -1.795799
v -6.777341 18.566469 -1.795799
v -5.567943 21.414745 -1.795799
v -5.567943 21.414745 -1.795799
v -5.567943 21.414745 -1.795799
v -5.567943 21.414745 -1.795799
v -5.567943 21.414745 -2.200531
v -5.567943 21.414745 -2.200531
v -5.567943 21.414745 -2.200531
v -5.567943 21.414745 -2.200531
v -6.777341 18.566469 -2.200532
v -6.777341 18.566469 -2.200532
v -6.777341 18.566469 -2.200532
v -6.777341 18.566469 -2.200532
v -6.777341 18.566469 -2.200532
v -6.777344 21.414745 -1.795799
v -6.777344 21.414745 -1.795799
v -6.777344 21.414745 -1.795799
v -6.777344 21.414743 -2.200531
v -6.777344 21.414743 -2.200531
v -6.777344 21.414743 -2.200531
v -7.038226 13.114404 -2.200531
v -7.038226 13.114404 -2.200531
v -7.038226 13.114404 -2.200531
v -7.038226 13.114405 -1.795799
v -7.038226 13.114405 -1.795799
v -7.038226 13.114405 -1.795799
v -7.035591 17.569178 -1.795799
v -7.035591 17.569178 -1.795799
v -7.035591 17.569178 -1.795799
v -7.035591 17.569178 -2.200531
v -7.035591 17.569178 -2.200531
v -7.035591 17.569178 -2.200531
v -5.736977 8.472408 -1.520232
v -5.736977 8.472408 -1.520232
v -6.516118 8.472407 1.520232
v -6.516118 8.472407 1.520232
v -6.516118 8.472408 2.476098
v -6.516118 8.472408 2.476098
v -5.736977 8.472408 2.476098
v -5.736977 8.472408 2.476098
v -6.516118 9.281730 1.520232
v -6.516118 9.281730 1.520232
v -6.516118 9.281730 1.520232
v -6.516118 9.281730 1.520232
v -5.567941 9.281730 1.520232
v -5.567941 9.281730 1.520232
v -5.567941 9.281730 1.520232
v -5.567941 9.281730 1.520232
v -6.516118 9.281730 2.476098
v -6.516118 9.281730 2.476098
v -6.516118 9.281730 2.476098
v -6.516118 9.281730 2.476098
v -5.567941 9.281730 2.476098
v -5.567941 9.281730 2.476098
v -5.567941 9.281730 2.476098
v -5.567941 9.281730 2.476098
v -6.516118 9.766751 1.795799
v -6.516118 9.766751 1.795799
v -6.516118 9.766751 1.795799
v -6.516118 9.766751 1.795799
v -5.567941 9.766751 1.795799
v -5.567941 9.766751 1.795799
v -5.567941 9.766751 1.795799
v -5.567941 9.766751 1.795799
v -5.567941 9.766751 1.795799
v -5.567941 9.766751 2.200531
v -5.567941 9.766751 2.200531
v -5.567941 9.766751 2.200531
v -5.567941 9.766751 2.200531
v -5.567941 9.766751 2.200531
v -6.516118 9.766751 2.200531
v -6.516118 9.766751 2.200531
v -6.516118 9.766751 2.200531
v -6.516118 9.766751 2.200531
v -6.516118 11.171719 1.795799
v -6.516118 11.171719 1.795799
v -6.516118 11.171719 1.795799
v -6.516118 11.171719 1.795799
v -6.516118 11.171719 1.795799
v -6.516118 11.171719 2.200531
v -6.516118 11.171719 2.200531
v -6.516118 11.171719 2.200531
v -6.516118 11.171719 2.200531
v -6.516118 11.171719 2.200531
v -6.777341 18.566469 1.795799
v -6.777341 18.566469 1.795799
v -6.777341 18.566469 1.795799
v -6.777341 18.566469 1.795799
v -6.777341 18.566469 1.795799
v -5.567943 21.414745 1.795799
v -5.567943 21.414745 1.795799
v -5.567943 21.414745 1.795799
v -5.567943 21.414745 1.795799
v -5.567943 21.414745 2.200531
v -5.567943 21.414745 2.200531
v -5.567943 21.414745 2.200531
v -5.567943 21.414745 2.200531
v -6.777341 18.566469 2.200532
v -6.777341 18.566469 2.200532
v -6.777341 18.566469 2.200532
v -6.777341 18.566469 2.200532
v -6.777341 18.566469 2.200532
v -6.777344 21.414745 1.795799
v -6.777344 21.414745 1.795799
v -6.777344 21.414745 1.795799
v -6.777344 21.414743 2.200531
v -6.777344 21.414743 2.200531
v -6.777344 21.414743 2.200531
v -7.038226 13.114404 2.200531
v -7.038226 13.114404 2.200531
v -7.038226 13.114404 2.200531
v -7.038226 13.114405 1.795799
v -7.038226 13.114405 1.795799
v -7.038226 13.114405 1.795799
v -7.035591 17.569178 1.795799
v -7.035591 17.569178 1.795799
v -7.035591 17.569178 1.795799
v -7.035591 17.569178 2.200531
v -7.035591 17.569178 2.200531
v -7.035591 17.569178 2.200531
v -5.736977 8.472408 1.520232
v -5.736977 8.472408 1.520232
v 6.070158 4.405293 -0.000367
v 5.707429 4.405293 0.875340
v 4.831721 4.405293 1.238070
v 3.956014 4.405293 0.875340
v 3.593285 4.405293 -0.000367
v 3.956014 4.405293 -0.876074
v 4.831721 4.405293 -1.238804
v 5.707429 4.405293 -0.876074
v 5.700683 4.109925 -0.045698
v 5.432920 4.109925 0.600740
v 4.786481 4.109924 0.868504
v 4.140042 4.109925 0.600740
v 3.872279 4.109925 -0.045698
v 4.140043 4.109924 -0.692136
v 4.786481 4.109925 -0.959900
v 5.432920 4.109924 -0.692136
v 5.171830 3.951483 0.113919
v 4.626863 3.951484 0.339651
v 4.401132 3.951483 -0.205315
v 4.946098 3.951484 -0.431047
v -7.294241 8.483507 -0.000367
v -7.656971 8.483507 -0.876074
v -8.532679 8.483507 -1.238804
v -9.408386 8.483507 -0.876074
v -9.771115 8.483507 -0.000367
v -9.408386 8.483507 0.875341
v -8.532679 8.483507 1.238070
v -7.656971 8.483507 0.875341
v -7.663717 8.778874 0.044964
v -7.931480 8.778874 -0.601474
v -8.577919 8.778875 -0.869238
v -9.224358 8.778874 -0.601474
v -9.492121 8.778874 0.044964
v -9.224357 8.778875 0.691402
v -8.577919 8.778874 0.959166
v -7.931480 8.778875 0.691402
v -8.192570 8.937317 -0.114653
v -8.737536 8.937316 -0.340385
v -8.963268 8.937317 0.204581
v -8.418302 8.937316 0.430313
v -6.516118 8.472407 -1.520232
v -6.516118 8.472407 -1.520232
v -6.516118 8.472408 -2.476098
v -6.516118 8.472408 -2.476098
v -5.736977 8.472408 -2.476098
v -5.736977 8.472408 -2.476098
v -6.516118 9.281730 -1.520232
v -6.516118 9.281730 -1.520232
v -6.516118 9.281730 -1.520232
v -6.516118 9.281730 -1.520232
v -5.567941 9.281730 -1.520232
v -5.567941 9.281730 -1.520232
v -5.567941 9.281730 -1.520232
v -5.567941 9.281730 -1.520232
v -6.516118 9.281730 -2.476098
v -6.516118 9.281730 -2.476098
v -6.516118 9.281730 -2.476098
v -6.516118 9.281730 -2.476098
v -5.567941 9.281730 -2.476098
v -5.567941 9.281730 -2.476098
v -5.567941 9.281730 -2.476098
v -5.567941 9.281730 -2.476098
v -6.516118 9.766751 -1.795799
v -6.516118 9.766751 -1.795799
v -6.516118 9.766751 -1.795799
v -6.516118 9.766751 -1.795799
v -5.567941 9.766751 -1.795799
v -5.567941 9.766751 -1.795799
v -5.567941 9.766751 -1.795799
v -5.567941 9.766751 -1.795799
v -5.567941 9.766751 -1.795799
v -5.567941 9.766751 -2.200531
v -5.567941 9.766751 -2.200531
v -5.567941 9.766751 -2.200531
v -5.567941 9.766751 -2.200531
v -5.567941 9.766751 -2.200531
v -6.516118 9.766751 -2.200531
v -6.516118 9.766751 -2.200531
v -6.516118 9.766751 -2.200531
v -6.516118 9.766751 -2.200531
v -6.516118 11.171719 -1.795799
v -6.516118 11.171719 -1.795799
v -6.516118 11.171719 -1.795799
v -6.516118 11.171719 -1.795799
v -6.516118 11.171719 -1.795799
v -6.516118 11.171719 -2.200531
v -6.516118 11.171719 -2.200531
v -6.516118 11.171719 -2.200531
v -6.516118 11.171719 -2.200531
v -6.516118 11.171719 -2.200531
v -6.777341 18.566469 -1.795799
v -6.777341 18.566469 -1.795799
v -6.777341 18.566469 -1.795799
v -6.777341 18.566469 -1.795799
v -6.777341 18.566469 -1.795799
v -5.567943 21.414745 -1.795799
v -5.567943 21.414745 -1.795799
v -5.567943 21.414745 -1.795799
v -5.567943 21.414745 -1.795799
v -5.567943 21.414745 -2.200531
v -5.567943 21.414745 -2.200531
v -5.567943 21.414745 -2.200531
v -5.567943 21.414745 -2.200531
v -6.777341 18.566469 -2.200532
v -6.777341 18.566469 -2.200532
v -6.777341 18.566469 -2.200532
v -6.777341 18.566469 -2.200532
v -6.777341 18.566469 -2.200532
v -6.777344 21.414745 -1.795799
v -6.777344 21.414745 -1.795799
v -6.777344 21.414745 -1.795799
v -6.777344 21.414743 -2.200531
v -6.777344 21.414743 -2.200531
v -6.777344 21.414743 -2.200531
v -7.038226 13.114404 -2.200531
v -7.038226 13.114404 -2.200531
v -7.038226 13.114404 -2.200531
v -7.038226 13.114405 -1.795799
v -7.038226 13.114405 -1.795799
v -7.038226 13.114405 -1.795799
v -7.035591 17.569178 -1.795799
v -7.035591 17.569178 -1.795799
v -7.035591 17.569178 -1.795799
v -7.035591 17.569178 -2.200531
v -7.035591 17.569178 -2.200531
v -7.035591 17.569178 -2.200531
v -5.736977 8.472408 -1.520232
v -5.736977 8.472408 -1.520232
v -10.400874 5.603290 -2.777886
v -10.400874 5.603290 -2.777886
v -10.400874 5.603290 -2.777886
v -10.400874 5.603290 -2.777886
v 2.381536 4.408703 -2.752855
v 2.381536 4.408703 -2.752855
v -10.400874 0.248112 -2.611775
v -10.400874 0.248112 -2.611775
v -10.400874 0.248112 -2.611775
v -10.400874 0.248112 -2.611775
v -10.400874 0.248112 -2.611775
v 2.656248 -0.093728 -1.529675
v 2.656248 -0.093728 -1.529675
v 2.656248 -0.093728 -1.529675
v 2.656248 -0.093728 -1.529675
v 2.656248 -0.093728 -1.529675
v 3.645645 4.408702 -0.418087
v 3.645645 4.408702 -0.418087
v 3.645645 4.408702 -0.418087
v 3.645645 4.408702 -0.418087
v -8.922623 -0.093728 -1.548772
v -8.922623 -0.093728 -1.548772
v -8.922623 -0.093728 -1.548772
v -8.938770 4.408703 -2.752214
v -8.938770 4.408703 -2.752214
v -8.938770 4.408703 -2.752214
v -10.149261 -0.516320 -2.575015
v -10.149261 -0.516320 -2.575015
v -10.149261 -0.516320 -2.575015
v -10.149261 -0.516320 -2.575015
v 2.381536 -0.516321 -2.583135
v 2.381536 -0.516321 -2.583135
v 2.381536 -0.516321 -2.583135
v 2.381536 -0.516321 -2.583135
v 2.381536 -0.516321 -2.583135
v 2.381536 -0.516321 -2.583135
v 2.475484 -0.516321 -2.057824
v 2.475484 -0.516321 -2.057824
v 2.475484 -0.516321 -2.057824
v -9.395772 -0.516320 -2.084139
v -9.395772 -0.516320 -2.084139
v -9.395772 -0.516320 -2.084139
v -9.395772 -0.516320 -2.084139
v -8.938770 5.603291 -2.773926
v -8.938770 5.603291 -2.773926
v 3.388987 3.175819 -0.255186
v 3.388987 3.175819 -0.255186
v 3.388987 3.175819 -0.255186
v 3.388987 3.175819 -0.255186
v 2.342861 4.408703 -0.418087
v 2.342861 4.408703 -0.418087
v 2.343615 3.175819 -0.255186
v 2.343615 3.175819 -0.255186
v 2.343615 3.175819 -0.255186
v 2.343615 3.175819 -0.255186
v 3.645645 4.408702 0.418087
v 3.645645 4.408702 0.418087
v 3.645645 4.408702 0.418087
v 3.645645 4.408702 0.418087
v 2.381536 4.408703 2.752855
v 2.381536 4.408703 2.752855
v -8.938770 4.408704 2.752214
v -8.938770 4.408704 2.752214
v -8.938770 4.408704 2.752214
v 2.342862 4.408703 0.418087
v 2.342862 4.408703 0.418087
v -10.400873 0.248113 2.601793
v -10.400873 0.248113 2.601793
v -10.400873 0.248113 2.601793
v -10.400873 0.248113 2.601793
v -10.400873 0.248113 2.601793
v -10.400873 5.603291 2.777887
v -10.400873 5.603291 2.777887
v -10.400873 5.603291 2.777887
v -10.400873 5.603291 2.777887
v -10.149261 -0.516321 2.565033
v -10.149261 -0.516321 2.565033
v -10.149261 -0.516321 2.565033
v -10.149261 -0.516321 2.565033
v 2.381536 -0.516321 2.583135
v 2.381536 -0.516321 2.583135
v 2.381536 -0.516321 2.583135
v 2.381536 -0.516321 2.583135
v 2.381536 -0.516321 2.583135
v 2.381536 -0.516321 2.583135
v 2.475484 -0.516321 2.057824
v 2.475484 -0.516321 2.057824
v 2.475484 -0.516321 2.057824
v -9.395773 -0.516321 2.084139
v -9.395773 -0.516321 2.084139
v -9.395773 -0.516321 2.084139
v -9.395773 -0.516321 2.084139
v -8.922623 -0.093728 1.548772
v -8.922623 -0.093728 1.548772
v -8.922623 -0.093728 1.548772
v 2.656248 -0.093728 1.529675
v 2.656248 -0.093728 1.529675
v 2.656248 -0.093728 1.529675
v 2.656248 -0.093728 1.529675
v 2.656248 -0.093728 1.529675
v -8.938770 5.603290 2.773926
v -8.938770 5.603290 2.773926
v -10.149261 -0.516321 0.000000
v -10.149261 -0.516321 0.000000
v 3.388987 3.175818 0.255186
v 3.388987 3.175818 0.255186
v 3.388987 3.175818 0.255186
v 3.388987 3.175818 0.255186
v 2.343616 3.175818 0.255186
v 2.343616 3.175818 0.255186
v 2.343616 3.175818 0.255186
v 2.343616 3.175818 0.255186
v 6.483687 7.336680 3.854176
v 6.483687 7.336680 3.854176
v 6.271511 8.167570 3.736365
v 6.271511 8.167570 3.736365
v 6.271511 8.167570 3.736365
v 5.247029 8.167570 3.167524
v 5.247029 8.167570 3.167524
v 5.034852 7.336680 3.049714
v 5.034852 7.336680 3.049714
v 5.247029 6.492980 3.167524
v 5.247029 6.492980 3.167524
v 6.271511 6.492980 3.736365
v 6.271511 6.492980 3.736365
v 6.271511 6.492980 3.736365
v 5.516720 8.175975 4.643719
v 5.516720 8.175975 4.643719
v 5.516720 8.175975 4.643719
v 5.516720 8.175975 4.643719
v 5.516720 8.175975 4.643719
v 5.516720 8.175975 4.643719
v 4.726336 8.175975 4.107562
v 4.726336 8.175975 4.107562
v 4.726336 8.175975 4.107562
v 4.726336 8.175975 4.107562
v 4.772550 7.336680 3.522120
v 4.772550 7.336680 3.522120
v 4.772550 7.336680 3.522120
v 4.726336 6.492978 4.107562
v 4.726336 6.492978 4.107562
v 4.726336 6.492978 4.107562
v 4.726336 6.492978 4.107562
v 5.516720 6.492980 4.643719
v 5.516720 6.492980 4.643719
v 5.516720 6.492980 4.643719
v 5.516720 6.492980 4.643719
v 5.516720 6.492980 4.643719
v 6.923975 7.336680 4.721531
v 6.923975 7.336680 4.721531
v 6.923975 7.336680 4.721531
v 6.923975 7.336680 4.721531
v 6.773522 8.184969 4.802592
v 6.773522 8.184969 4.802592
v 6.773522 8.184969 4.802592
v 6.773522 8.184969 4.802592
v 5.672742 8.184969 5.448044
v 5.672742 8.184969 5.448044
v 5.672742 8.184969 5.448044
v 5.672742 8.184969 5.448044
v 5.470914 7.336680 5.585324
v 5.470914 7.336680 5.585324
v 5.470914 7.336680 5.585324
v 5.470914 7.336680 5.585324
v 5.676693 6.494700 5.451555
v 5.676693 6.494700 5.451555
v 5.676693 6.494700 5.451555
v 5.676693 6.494700 5.451555
v 6.776266 6.495416 4.809216
v 6.776266 6.495416 4.809216
v 6.776266 6.495416 4.809216
v 5.511976 8.189608 5.108420
v 5.511976 8.189608 5.108420
v 5.511976 8.189608 5.108420
v 5.511976 8.189608 5.108420
v 5.410458 7.336680 5.476917
v 5.410458 7.336680 5.476917
v 5.410458 7.336680 5.476917
v 5.511976 6.596632 5.108419
v 5.511976 6.596632 5.108419
v 5.511976 6.596632 5.108419
v 5.511976 6.596632 5.108419
v 5.479289 8.040988 4.660884
v 5.479289 8.040988 4.660884
v 5.479289 8.040988 4.660884
v 5.479289 8.040988 4.660884
v 5.420248 8.040988 5.335730
v 5.420248 8.040988 5.335730
v 5.420248 8.040988 5.335730
v 5.420248 8.040988 5.335730
v 4.806293 8.040988 5.622022
v 4.806293 8.040988 5.622022
v 4.806293 8.040988 5.622022
v 4.806293 8.040988 5.622022
v 4.806293 8.040988 5.622022
v 4.251380 8.040988 5.233468
v 4.251380 8.040988 5.233468
v 4.251380 8.040988 5.233468
v 4.310421 8.040988 4.558621
v 4.310421 8.040988 4.558621
v 4.310421 8.040988 4.558621
v 4.310421 8.040988 4.558621
v 4.310421 8.040988 4.558621
v 4.924376 8.040988 4.272330
v 4.924376 8.040988 4.272330
v 4.924376 8.040988 4.272330
v 5.479289 6.628251 4.660884
v 5.479289 6.628251 4.660884
v 5.479289 6.628251 4.660884
v 5.479289 6.628251 4.660884
v 4.251380 6.628251 5.233468
v 4.251380 6.628251 5.233468
v 4.251380 6.628251 5.233468
v 4.310421 6.628251 4.558622
v 4.310421 6.628251 4.558622
v 4.310421 6.628251 4.558622
v 4.310421 6.628251 4.558622
v 4.310421 6.628251 4.558622
v 4.924376 6.628251 4.272330
v 4.924376 6.628251 4.272330
v 4.924376 6.628251 4.272330
v 5.420248 6.628251 5.335731
v 5.420248 6.628251 5.335731
v 5.420248 6.628251 5.335731
v 5.420248 6.628251 5.335731
v 4.806293 6.628251 5.622022
v 4.806293 6.628251 5.622022
v 4.806293 6.628251 5.622022
v 4.806293 6.628251 5.622022
v 4.806293 6.628251 5.622022
v 6.687302 7.858933 7.585836
v 6.687302 7.858933 7.585836
v 6.687302 7.858933 7.585836
v 6.687302 7.858933 7.585836
v 6.364433 7.858933 7.642863
v 6.364433 7.858933 7.642863
v 6.364433 7.858933 7.642863
v 6.364433 7.858933 7.642863
v 6.364433 6.810307 7.642863
v 6.364433 6.810307 7.642863
v 6.364433 6.810307 7.642863
v 6.364433 6.810307 7.642863
v 6.687302 6.810307 7.585836
v 6.687302 6.810307 7.585836
v 6.687302 6.810307 7.585836
v 6.687302 6.810307 7.585836
v 6.570071 7.858933 8.483295
v 6.570071 7.858933 8.483295
v 6.570071 7.858933 8.483295
v 6.247170 7.858933 8.426455
v 6.247170 7.858933 8.426455
v 6.247170 7.858933 8.426455
v 6.247170 6.810307 8.426455
v 6.247170 6.810307 8.426455
v 6.247170 6.810307 8.426455
v 6.570071 6.810307 8.483295
v 6.570071 6.810307 8.483295
v 6.570071 6.810307 8.483295
v -14.848405 6.954935 16.351856
v -14.848405 6.954935 16.351856
v -14.848405 6.954935 16.351856
v -14.848405 6.954935 16.351856
v -15.620246 6.954934 17.637449
v -15.620246 6.954934 17.637449
v -15.620246 6.954934 17.637449
v -15.620246 6.954934 17.637449
v -14.894338 7.022902 18.947763
v -14.894338 7.022902 18.947763
v -14.894338 7.022902 18.947763
v -14.894338 7.022902 18.947763
v -13.396587 7.090871 18.972485
v -13.396587 7.090871 18.972485
v -13.396587 7.090871 18.972485
v -13.396587 7.090871 18.972485
v -12.624745 7.090872 17.686893
v -12.624745 7.090872 17.686893
v -12.624745 7.090872 17.686893
v -12.624745 7.090872 17.686893
v -13.350655 7.022904 16.376579
v -13.350655 7.022904 16.376579
v -13.350655 7.022904 16.376579
v -13.350655 7.022904 16.376579
v -14.796699 5.804244 16.382898
v -14.796699 5.804244 16.382898
v -15.568540 5.804244 17.668491
v -15.568540 5.804244 17.668491
v -14.842630 5.872212 18.978806
v -14.842630 5.872212 18.978806
v -13.344880 5.940181 19.003529
v -13.344880 5.940181 19.003529
v -12.573039 5.940182 17.717936
v -12.573039 5.940182 17.717936
v -13.298948 5.872213 16.407621
v -13.298948 5.872213 16.407621
v -14.735983 6.995062 17.652044
v -14.735983 6.995062 17.652044
v -14.735983 6.995062 17.652044
v -14.735983 6.995062 17.652044
v -14.419832 6.995063 17.125458
v -14.419832 6.995063 17.125458
v -14.419832 6.995063 17.125458
v -14.419832 6.995063 17.125458
v -13.806345 7.022903 17.135586
v -13.806345 7.022903 17.135586
v -13.806345 7.022903 17.135586
v -13.806345 7.022903 17.135586
v -13.509009 7.050744 17.672297
v -13.509009 7.050744 17.672297
v -13.509009 7.050744 17.672297
v -13.509009 7.050744 17.672297
v -13.825160 7.050744 18.198883
v -13.825160 7.050744 18.198883
v -13.825160 7.050744 18.198883
v -13.825160 7.050744 18.198883
v -14.438647 7.022903 18.188757
v -14.438647 7.022903 18.188757
v -14.438647 7.022903 18.188757
v -14.438647 7.022903 18.188757
v -14.791796 8.237126 17.618536
v -14.791796 8.237126 17.618536
v -14.791796 8.237126 17.618536
v -14.791796 8.237126 17.618536
v -14.475645 8.237126 17.091951
v -14.475645 8.237126 17.091951
v -14.475645 8.237126 17.091951
v -14.475645 8.237126 17.091951
v -14.475645 8.237126 17.091951
v -14.475645 8.237126 17.091951
v -13.862158 8.264967 17.102077
v -13.862158 8.264967 17.102077
v -13.862158 8.264967 17.102077
v -13.862158 8.264967 17.102077
v -13.564822 8.292808 17.638790
v -13.564822 8.292808 17.638790
v -13.564822 8.292808 17.638790
v -13.564822 8.292808 17.638790
v -13.564822 8.292808 17.638790
v -13.564822 8.292808 17.638790
v -13.880972 8.292808 18.165375
v -13.880972 8.292808 18.165375
v -13.880972 8.292808 18.165375
v -13.880972 8.292808 18.165375
v -14.494460 8.264966 18.155249
v -14.494460 8.264966 18.155249
v -14.494460 8.264966 18.155249
v -14.494460 8.264966 18.155249
v -14.494460 8.264966 18.155249
v -14.494460 8.264966 18.155249
v -13.525422 7.416008 17.662443
v -13.525422 7.416008 17.662443
v -13.525422 7.416008 17.662443
v -13.525422 7.416008 17.662443
v -13.525422 7.416008 17.662443
v -13.822758 7.388167 17.125732
v -13.822758 7.388167 17.125732
v -13.822758 7.388167 17.125732
v -13.822758 7.388167 17.125732
v -13.822758 7.388167 17.125732
v -14.436246 7.360327 17.115604
v -14.436246 7.360327 17.115604
v -14.436246 7.360327 17.115604
v -14.436246 7.360327 17.115604
v -14.436246 7.360327 17.115604
v -14.752396 7.360326 17.642191
v -14.752396 7.360326 17.642191
v -14.752396 7.360326 17.642191
v -14.752396 7.360326 17.642191
v -14.752396 7.360326 17.642191
v -14.455060 7.388166 18.178904
v -14.455060 7.388166 18.178904
v -14.455060 7.388166 18.178904
v -14.455060 7.388166 18.178904
v -14.455060 7.388166 18.178904
v -14.455060 7.388166 18.178904
v -13.841574 7.416008 18.189030
v -13.841574 7.416008 18.189030
v -13.841574 7.416008 18.189030
v -13.841574 7.416008 18.189030
v -13.841574 7.416008 18.189030
v -15.518124 8.173397 16.466068
v -15.518124 8.173397 16.466068
v -15.518124 8.173397 16.466068
v -15.834274 8.173397 16.992655
v -15.834274 8.173397 16.992655
v -15.834274 8.173397 16.992655
v -15.794876 7.296597 17.016310
v -15.794876 7.296597 17.016310
v -15.794876 7.296597 17.016310
v -15.478725 7.296597 16.489723
v -15.478725 7.296597 16.489723
v -15.478725 7.296597 16.489723
v -12.500809 8.324673 17.047678
v -12.500809 8.324673 17.047678
v -12.500809 8.324673 17.047678
v -12.798145 8.296832 16.510965
v -12.798145 8.296832 16.510965
v -12.798145 8.296832 16.510965
v -12.758746 7.420032 16.534620
v -12.758746 7.420032 16.534620
v -12.758746 7.420032 16.534620
v -12.461410 7.447873 17.071333
v -12.461410 7.447873 17.071333
v -12.461410 7.447873 17.071333
v -14.515993 8.296830 19.372242
v -14.515993 8.296830 19.372242
v -14.515993 8.296830 19.372242
v -14.515993 8.296830 19.372242
v -13.902506 8.324672 19.382368
v -13.902506 8.324672 19.382368
v -13.902506 8.324672 19.382368
v -13.863107 7.447872 19.406023
v -13.863107 7.447872 19.406023
v -13.863107 7.447872 19.406023
v -14.476593 7.420031 19.395897
v -14.476593 7.420031 19.395897
v -14.476593 7.420031 19.395897
v -13.216767 4.476062 19.009375
v -12.775862 4.475082 18.353737
v -15.663523 4.496915 17.364630
v -15.717554 4.494970 18.152782
v -15.370237 4.490620 18.862263
v -14.714631 4.485032 19.302971
v -13.926407 4.479704 19.356817
v -13.215764 5.987301 18.998360
v -13.215764 5.987301 18.998360
v -13.215764 5.987301 18.998360
v -13.215764 5.987301 18.998360
v -12.774858 5.986322 18.342724
v -12.774858 5.986322 18.342724
v -12.774858 5.986322 18.342724
v -12.774858 5.986322 18.342724
v -15.662519 6.008154 17.353615
v -15.662519 6.008154 17.353615
v -15.662519 6.008154 17.353615
v -15.662519 6.008154 17.353615
v -15.716552 6.006209 18.141766
v -15.716552 6.006209 18.141766
v -15.716552 6.006209 18.141766
v -15.716552 6.006209 18.141766
v -15.369233 6.001860 18.851250
v -15.369233 6.001860 18.851250
v -15.369233 6.001860 18.851250
v -15.369233 6.001860 18.851250
v -14.713629 5.996272 19.291956
v -14.713629 5.996272 19.291956
v -14.713629 5.996272 19.291956
v -13.925405 5.990944 19.345802
v -13.925405 5.990944 19.345802
v -13.925405 5.990944 19.345802
v -13.925405 5.990944 19.345802
v -11.971879 4.457149 16.805155
v -11.917845 4.459095 16.017006
v -11.916500 6.485814 16.002232
v -11.916500 6.485814 16.002232
v -11.916500 6.485814 16.002232
v -11.916500 6.485814 16.002232
v -11.970875 5.968389 16.794142
v -11.970875 5.968389 16.794142
v -11.970875 5.968389 16.794142
v -11.970875 5.968389 16.794142
v -12.265164 4.463443 15.307523
v -12.263819 6.490164 15.292751
v -12.263819 6.490164 15.292751
v -12.263819 6.490164 15.292751
v -12.263819 6.490164 15.292751
v -12.920770 4.469031 14.866816
v -12.919425 6.495751 14.852044
v -12.919425 6.495751 14.852044
v -12.919425 6.495751 14.852044
v -13.708995 4.474360 14.812968
v -13.707648 6.501080 14.798197
v -13.707648 6.501080 14.798197
v -13.707648 6.501080 14.798197
v -13.707648 6.501080 14.798197
v -14.418632 4.478002 15.160412
v -14.417287 6.504722 15.145639
v -14.417287 6.504722 15.145639
v -14.417287 6.504722 15.145639
v -14.417287 6.504722 15.145639
v -14.859538 4.478981 15.816047
v -14.858535 5.990221 15.805032
v -14.858535 5.990221 15.805032
v -14.858535 5.990221 15.805032
v -14.858535 5.990221 15.805032
v -13.041201 3.993460 18.188286
v -15.251274 3.996879 17.431425
v -14.739919 3.988658 15.914131
v -14.330825 3.987749 15.305800
v -13.672386 3.984370 14.983426
v -12.941033 3.979426 15.033388
v -12.332729 3.974241 15.442298
v -12.010470 3.970206 16.100590
v -12.060604 3.968401 16.831875
v -13.022515 3.768915 17.585239
v -13.686183 3.743650 17.671198
v -14.213344 3.666117 17.266283
v -14.295197 3.581734 16.607683
v -13.883790 3.539931 16.081196
v -13.220123 3.565196 15.995235
v -12.692962 3.642729 16.400152
v -12.611110 3.727112 17.058752
v -14.165638 3.973496 18.236233
v -13.664697 3.498344 17.212603
v -13.737703 3.426144 16.650402
v -13.181208 3.447707 16.581434
v -13.108199 3.519907 17.143633
v -7.317561 5.416687 4.602148
v -7.317561 5.416687 4.602148
v -7.109445 6.002593 4.726993
v -6.607009 6.245283 5.028397
v -6.104573 6.002593 5.329800
v -5.896458 5.416687 5.454645
v -6.104573 4.830782 5.329799
v -6.607009 4.588092 5.028396
v -7.109445 4.830782 4.726993
v -13.574618 5.416686 15.032593
v -13.574618 5.416686 15.032593
v -13.366502 6.002591 15.157438
v -12.864066 6.245281 15.458841
v -12.361630 6.002591 15.760246
v -12.153514 5.416685 15.885090
v -12.361630 4.830780 15.760244
v -12.864066 4.588090 15.458841
v -13.366502 4.830780 15.157438
v -5.948780 6.120254 4.660884
v -5.948780 6.120254 4.660884
v -5.948780 6.120254 4.660884
v -5.948780 6.120254 4.660884
v -5.889739 6.120254 5.335730
v -5.889739 6.120254 5.335730
v -5.889739 6.120254 5.335730
v -5.889739 6.120254 5.335730
v -5.275784 6.120254 5.622022
v -5.275784 6.120254 5.622022
v -5.275784 6.120254 5.622022
v -5.275784 6.120254 5.622022
v -5.275784 6.120254 5.622022
v -4.720870 6.120254 5.233468
v -4.720870 6.120254 5.233468
v -4.720870 6.120254 5.233468
v -4.779912 6.120254 4.558621
v -4.779912 6.120254 4.558621
v -4.779912 6.120254 4.558621
v -4.779912 6.120254 4.558621
v -4.779912 6.120254 4.558621
v -5.393867 6.120254 4.272330
v -5.393867 6.120254 4.272330
v -5.393867 6.120254 4.272330
v -5.948780 4.707516 4.660884
v -5.948780 4.707516 4.660884
v -5.948780 4.707516 4.660884
v -5.948780 4.707516 4.660884
v -4.720870 4.707516 5.233468
v -4.720870 4.707516 5.233468
v -4.720870 4.707516 5.233468
v -4.779912 4.707516 4.558622
v -4.779912 4.707516 4.558622
v -4.779912 4.707516 4.558622
v -4.779912 4.707516 4.558622
v -4.779912 4.707516 4.558622
v -5.393867 4.707516 4.272330
v -5.393867 4.707516 4.272330
v -5.393867 4.707516 4.272330
v -5.889739 4.707516 5.335731
v -5.889739 4.707516 5.335731
v -5.889739 4.707516 5.335731
v -5.889739 4.707516 5.335731
v -5.275784 4.707516 5.622022
v -5.275784 4.707516 5.622022
v -5.275784 4.707516 5.622022
v -5.275784 4.707516 5.622022
v -5.275784 4.707516 5.622022
v -7.156793 5.938199 7.585836
v -7.156793 5.938199 7.585836
v -7.156793 5.938199 7.585836
v -7.156793 5.938199 7.585836
v -6.833924 5.938199 7.642863
v -6.833924 5.938199 7.642863
v -6.833924 5.938199 7.642863
v -6.833924 5.938199 7.642863
v -6.833924 4.889573 7.642863
v -6.833924 4.889573 7.642863
v -6.833924 4.889573 7.642863
v -6.833924 4.889573 7.642863
v -7.156793 4.889572 7.585836
v -7.156793 4.889572 7.585836
v -7.156793 4.889572 7.585836
v -7.156793 4.889572 7.585836
v -7.039562 5.938199 8.483295
v -7.039562 5.938199 8.483295
v -7.039562 5.938199 8.483295
v -6.716661 5.938199 8.426455
v -6.716661 5.938199 8.426455
v -6.716661 5.938199 8.426455
v -6.716661 4.889573 8.426455
v -6.716661 4.889573 8.426455
v -6.716661 4.889573 8.426455
v -7.039562 4.889573 8.483295
v -7.039562 4.889573 8.483295
v -7.039562 4.889573 8.483295
v -6.953178 5.415946 3.854176
v -6.953178 5.415946 3.854176
v -6.741002 6.246836 3.736365
v -6.741002 6.246836 3.736365
v -6.741002 6.246836 3.736365
v -5.716520 6.246836 3.167524
v -5.716520 6.246836 3.167524
v -5.504343 5.415946 3.049714
v -5.504343 5.415946 3.049714
v -5.716520 4.572246 3.167524
v -5.716520 4.572246 3.167524
v -6.741002 4.572246 3.736365
v -6.741002 4.572246 3.736365
v -6.741002 4.572246 3.736365
v -5.986211 6.255241 4.643719
v -5.986211 6.255241 4.643719
v -5.986211 6.255241 4.643719
v -5.986211 6.255241 4.643719
v -5.986211 6.255241 4.643719
v -5.986211 6.255241 4.643719
v -5.195827 6.255241 4.107562
v -5.195827 6.255241 4.107562
v -5.195827 6.255241 4.107562
v -5.195827 6.255241 4.107562
v -5.242041 5.415946 3.522120
v -5.242041 5.415946 3.522120
v -5.242041 5.415946 3.522120
v -5.195827 4.572244 4.107562
v -5.195827 4.572244 4.107562
v -5.195827 4.572244 4.107562
v -5.195827 4.572244 4.107562
v -5.986211 4.572245 4.643719
v -5.986211 4.572245 4.643719
v -5.986211 4.572245 4.643719
v -5.986211 4.572245 4.643719
v -5.986211 4.572245 4.643719
v -7.393466 5.415946 4.721531
v -7.393466 5.415946 4.721531
v -7.393466 5.415946 4.721531
v -7.393466 5.415946 4.721531
v -7.243013 6.264235 4.802592
v -7.243013 6.264235 4.802592
v -7.243013 6.264235 4.802592
v -7.243013 6.264235 4.802592
v -6.142233 6.264235 5.448044
v -6.142233 6.264235 5.448044
v -6.142233 6.264235 5.448044
v -6.142233 6.264235 5.448044
v -5.940404 5.415946 5.585324
v -5.940404 5.415946 5.585324
v -5.940404 5.415946 5.585324
v -5.940404 5.415946 5.585324
v -6.146183 4.573966 5.451555
v -6.146183 4.573966 5.451555
v -6.146183 4.573966 5.451555
v -6.146183 4.573966 5.451555
v -7.245757 4.574681 4.809216
v -7.245757 4.574681 4.809216
v -7.245757 4.574681 4.809216
v -5.981467 6.268873 5.108420
v -5.981467 6.268873 5.108420
v -5.981467 6.268873 5.108420
v -5.981467 6.268873 5.108420
v -5.879949 5.415946 5.476917
v -5.879949 5.415946 5.476917
v -5.879949 5.415946 5.476917
v -5.981467 4.675898 5.108419
v -5.981467 4.675898 5.108419
v -5.981467 4.675898 5.108419
v -5.981467 4.675898 5.108419
v 13.678684 5.820070 -17.447052
v 13.678684 5.820070 -17.447052
v 13.678684 5.820070 -17.447052
v 13.678684 5.820070 -17.447052
v 12.864820 5.820072 -18.706463
v 12.864820 5.820072 -18.706463
v 12.864820 5.820072 -18.706463
v 12.864820 5.820072 -18.706463
v 13.547073 5.752103 -20.040026
v 13.547073 5.752103 -20.040026
v 13.547073 5.752103 -20.040026
v 13.547073 5.752103 -20.040026
v 15.043191 5.684134 -20.114182
v 15.043191 5.684134 -20.114182
v 15.043191 5.684134 -20.114182
v 15.043191 5.684134 -20.114182
v 15.857056 5.684133 -18.854774
v 15.857056 5.684133 -18.854774
v 15.857056 5.684133 -18.854774
v 15.857056 5.684133 -18.854774
v 15.174802 5.752101 -17.521210
v 15.174802 5.752101 -17.521210
v 15.174802 5.752101 -17.521210
v 15.174802 5.752101 -17.521210
v 13.729337 6.970761 -17.479786
v 13.729337 6.970761 -17.479786
v 12.915474 6.970762 -18.739195
v 12.915474 6.970762 -18.739195
v 13.597727 6.902793 -20.072760
v 13.597727 6.902793 -20.072760
v 15.093844 6.834825 -20.146917
v 15.093844 6.834825 -20.146917
v 15.907708 6.834824 -18.887506
v 15.907708 6.834824 -18.887506
v 15.225454 6.902792 -17.553942
v 15.225454 6.902792 -17.553942
v 13.748119 5.779943 -18.750242
v 13.748119 5.779943 -18.750242
v 13.748119 5.779943 -18.750242
v 13.748119 5.779943 -18.750242
v 14.081483 5.779943 -18.234381
v 14.081483 5.779943 -18.234381
v 14.081483 5.779943 -18.234381
v 14.081483 5.779943 -18.234381
v 14.694301 5.752102 -18.264757
v 14.694301 5.752102 -18.264757
v 14.694301 5.752102 -18.264757
v 14.694301 5.752102 -18.264757
v 14.973755 5.724262 -18.810991
v 14.973755 5.724262 -18.810991
v 14.973755 5.724262 -18.810991
v 14.973755 5.724262 -18.810991
v 14.640392 5.724262 -19.326855
v 14.640392 5.724262 -19.326855
v 14.640392 5.724262 -19.326855
v 14.640392 5.724262 -19.326855
v 14.027573 5.752102 -19.296478
v 14.027573 5.752102 -19.296478
v 14.027573 5.752102 -19.296478
v 14.027573 5.752102 -19.296478
v 13.693443 4.537879 -18.714909
v 13.693443 4.537879 -18.714909
v 13.693443 4.537879 -18.714909
v 13.693443 4.537879 -18.714909
v 14.026807 4.537879 -18.199051
v 14.026807 4.537879 -18.199051
v 14.026807 4.537879 -18.199051
v 14.026807 4.537879 -18.199051
v 14.026807 4.537879 -18.199051
v 14.026807 4.537879 -18.199051
v 14.639625 4.510038 -18.229425
v 14.639625 4.510038 -18.229425
v 14.639625 4.510038 -18.229425
v 14.639625 4.510038 -18.229425
v 14.919079 4.482198 -18.775661
v 14.919079 4.482198 -18.775661
v 14.919079 4.482198 -18.775661
v 14.919079 4.482198 -18.775661
v 14.919079 4.482198 -18.775661
v 14.919079 4.482198 -18.775661
v 14.585717 4.482198 -19.291521
v 14.585717 4.482198 -19.291521
v 14.585717 4.482198 -19.291521
v 14.585717 4.482198 -19.291521
v 13.972897 4.510039 -19.261147
v 13.972897 4.510039 -19.261147
v 13.972897 4.510039 -19.261147
v 13.972897 4.510039 -19.261147
v 13.972897 4.510039 -19.261147
v 13.972897 4.510039 -19.261147
v 14.957676 5.358998 -18.800602
v 14.957676 5.358998 -18.800602
v 14.957676 5.358998 -18.800602
v 14.957676 5.358998 -18.800602
v 14.957676 5.358998 -18.800602
v 14.678223 5.386838 -18.254368
v 14.678223 5.386838 -18.254368
v 14.678223 5.386838 -18.254368
v 14.678223 5.386838 -18.254368
v 14.678223 5.386838 -18.254368
v 14.065403 5.414679 -18.223991
v 14.065403 5.414679 -18.223991
v 14.065403 5.414679 -18.223991
v 14.065403 5.414679 -18.223991
v 14.065403 5.414679 -18.223991
v 13.732041 5.414679 -18.739853
v 13.732041 5.414679 -18.739853
v 13.732041 5.414679 -18.739853
v 13.732041 5.414679 -18.739853
v 13.732041 5.414679 -18.739853
v 14.011496 5.386839 -19.286089
v 14.011496 5.386839 -19.286089
v 14.011496 5.386839 -19.286089
v 14.011496 5.386839 -19.286089
v 14.011496 5.386839 -19.286089
v 14.011496 5.386839 -19.286089
v 14.624312 5.358998 -19.316463
v 14.624312 5.358998 -19.316463
v 14.624312 5.358998 -19.316463
v 14.624312 5.358998 -19.316463
v 14.624312 5.358998 -19.316463
v 13.005560 4.601608 -17.539091
v 13.005560 4.601608 -17.539091
v 13.005560 4.601608 -17.539091
v 12.672195 4.601608 -18.054953
v 12.672195 4.601608 -18.054953
v 12.672195 4.601608 -18.054953
v 12.710793 5.478408 -18.079897
v 12.710793 5.478408 -18.079897
v 12.710793 5.478408 -18.079897
v 13.044155 5.478408 -17.564034
v 13.044155 5.478408 -17.564034
v 13.044155 5.478408 -17.564034
v 16.002029 4.450333 -18.219999
v 16.002029 4.450333 -18.219999
v 16.002029 4.450333 -18.219999
v 15.722573 4.478173 -17.673763
v 15.722573 4.478173 -17.673763
v 15.722573 4.478173 -17.673763
v 15.761169 5.354973 -17.698706
v 15.761169 5.354973 -17.698706
v 15.761169 5.354973 -17.698706
v 16.040625 5.327133 -18.244942
v 16.040625 5.327133 -18.244942
v 16.040625 5.327133 -18.244942
v 13.911198 4.478175 -20.476765
v 13.911198 4.478175 -20.476765
v 13.911198 4.478175 -20.476765
v 13.911198 4.478175 -20.476765
v 14.524016 4.450334 -20.507139
v 14.524016 4.450334 -20.507139
v 14.524016 4.450334 -20.507139
v 14.562613 5.327134 -20.532084
v 14.562613 5.327134 -20.532084
v 14.562613 5.327134 -20.532084
v 13.949795 5.354974 -20.501707
v 13.949795 5.354974 -20.501707
v 13.949795 5.354974 -20.501707
v 16.045773 8.298944 -18.709093
v 15.700072 8.299923 -17.998634
v 13.395000 8.278090 -19.999525
v 14.049520 8.280035 -20.441914
v 14.837479 8.284386 -20.497700
v 15.547751 8.289973 -20.151928
v 15.990017 8.295301 -19.497255
v 16.036747 6.787704 -18.702696
v 16.036747 6.787704 -18.702696
v 16.036747 6.787704 -18.702696
v 16.036747 6.787704 -18.702696
v 15.691052 6.788683 -17.992237
v 15.691052 6.788683 -17.992237
v 15.691052 6.788683 -17.992237
v 15.691052 6.788683 -17.992237
v 13.385978 6.766851 -19.993128
v 13.385978 6.766851 -19.993128
v 13.385978 6.766851 -19.993128
v 13.385978 6.766851 -19.993128
v 14.040496 6.768796 -20.435518
v 14.040496 6.768796 -20.435518
v 14.040496 6.768796 -20.435518
v 14.040496 6.768796 -20.435518
v 14.828459 6.773145 -20.491302
v 14.828459 6.773145 -20.491302
v 14.828459 6.773145 -20.491302
v 14.828459 6.773145 -20.491302
v 15.538729 6.778733 -20.145533
v 15.538729 6.778733 -20.145533
v 15.538729 6.778733 -20.145533
v 15.980993 6.784061 -19.490856
v 15.980993 6.784061 -19.490856
v 15.980993 6.784061 -19.490856
v 15.980993 6.784061 -19.490856
v 14.764368 8.317857 -16.525900
v 14.109852 8.315910 -16.083511
v 14.097750 6.289191 -16.074930
v 14.097750 6.289191 -16.074930
v 14.097750 6.289191 -16.074930
v 14.097750 6.289191 -16.074930
v 14.755347 6.806617 -16.519503
v 14.755347 6.806617 -16.519503
v 14.755347 6.806617 -16.519503
v 14.755347 6.806617 -16.519503
v 13.321890 8.311562 -16.027727
v 13.309790 6.284842 -16.019148
v 13.309790 6.284842 -16.019148
v 13.309790 6.284842 -16.019148
v 13.309790 6.284842 -16.019148
v 12.611620 8.305974 -16.373497
v 12.599520 6.279254 -16.364920
v 12.599520 6.279254 -16.364920
v 12.599520 6.279254 -16.364920
v 12.169352 8.300646 -17.028172
v 12.157253 6.273925 -17.019592
v 12.157253 6.273925 -17.019592
v 12.157253 6.273925 -17.019592
v 12.157253 6.273925 -17.019592
v 12.113600 8.297003 -17.816330
v 12.101500 6.270283 -17.807753
v 12.101500 6.270283 -17.807753
v 12.101500 6.270283 -17.807753
v 12.101500 6.270283 -17.807753
v 12.459295 8.296024 -18.526787
v 12.450274 6.784784 -18.520391
v 12.450274 6.784784 -18.520391
v 12.450274 6.784784 -18.520391
v 12.450274 6.784784 -18.520391
v 15.423779 8.781546 -18.145060
v 13.659721 8.778127 -19.676517
v 12.604176 8.786347 -18.472572
v 12.283422 8.787256 -17.813375
v 12.335154 8.790635 -17.082081
v 12.745510 8.795580 -16.474644
v 13.404534 8.800764 -16.153820
v 14.135642 8.804800 -16.205580
v 14.742935 8.806604 -16.616049
v 14.911606 9.006090 -17.826164
v 14.652781 9.031355 -18.443296
v 14.037947 9.108888 -18.695948
v 13.427258 9.193271 -18.436119
v 13.178448 9.235074 -17.816006
v 13.437269 9.209809 -17.198874
v 14.052107 9.132277 -16.946222
v 14.662795 9.047894 -17.206055
v 14.900769 8.801509 -19.141613
v 14.266946 9.276661 -18.194494
v 13.744069 9.348862 -17.975409
v 13.963787 9.327298 -17.459494
v 14.486664 9.255098 -17.678579
v 6.848070 7.337422 -4.602148
v 6.848070 7.337422 -4.602148
v 6.639955 7.923327 -4.726993
v 6.137519 8.166018 -5.028397
v 5.635082 7.923327 -5.329800
v 5.426967 7.337422 -5.454645
v 5.635082 6.751516 -5.329799
v 6.137519 6.508826 -5.028396
v 6.639955 6.751516 -4.726993
v 13.833823 7.337420 -16.180840
v 13.833823 7.337420 -16.180840
v 13.625707 7.923326 -16.305685
v 13.123271 8.166015 -16.607088
v 12.620835 7.923326 -16.908493
v 12.412719 7.337420 -17.033337
v 12.620835 6.751514 -16.908491
v 13.123271 6.508824 -16.607088
v 13.625707 6.751514 -16.305685
v 6.483687 7.336680 -3.854176
v 6.483687 7.336680 -3.854176
v 6.271511 8.167570 -3.736365
v 6.271511 8.167570 -3.736365
v 6.271511 8.167570 -3.736365
v 5.247029 8.167570 -3.167524
v 5.247029 8.167570 -3.167524
v 5.034852 7.336680 -3.049714
v 5.034852 7.336680 -3.049714
v 5.247029 6.492980 -3.167524
v 5.247029 6.492980 -3.167524
v 6.271511 6.492980 -3.736365
v 6.271511 6.492980 -3.736365
v 6.271511 6.492980 -3.736365
v 5.516720 8.175975 -4.643719
v 5.516720 8.175975 -4.643719
v 5.516720 8.175975 -4.643719
v 5.516720 8.175975 -4.643719
v 5.516720 8.175975 -4.643719
v 5.516720 8.175975 -4.643719
v 4.726336 8.175975 -4.107562
v 4.726336 8.175975 -4.107562
v 4.726336 8.175975 -4.107562
v 4.726336 8.175975 -4.107562
v 4.772550 7.336680 -3.522120
v 4.772550 7.336680 -3.522120
v 4.772550 7.336680 -3.522120
v 4.726336 6.492978 -4.107562
v 4.726336 6.492978 -4.107562
v 4.726336 6.492978 -4.107562
v 4.726336 6.492978 -4.107562
v 5.516720 6.492980 -4.643719
v 5.516720 6.492980 -4.643719
v 5.516720 6.492980 -4.643719
v 5.516720 6.492980 -4.643719
v 5.516720 6.492980 -4.643719
v 6.923975 7.336680 -4.721531
v 6.923975 7.336680 -4.721531
v 6.923975 7.336680 -4.721531
v 6.923975 7.336680 -4.721531
v 6.773522 8.184969 -4.802592
v 6.773522 8.184969 -4.802592
v 6.773522 8.184969 -4.802592
v 6.773522 8.184969 -4.802592
v 5.672742 8.184969 -5.448044
v 5.672742 8.184969 -5.448044
v 5.672742 8.184969 -5.448044
v 5.672742 8.184969 -5.448044
v 5.470914 7.336680 -5.585324
v 5.470914 7.336680 -5.585324
v 5.470914 7.336680 -5.585324
v 5.470914 7.336680 -5.585324
v 5.676693 6.494700 -5.451555
v 5.676693 6.494700 -5.451555
v 5.676693 6.494700 -5.451555
v 5.676693 6.494700 -5.451555
v 6.776266 6.495416 -4.809216
v 6.776266 6.495416 -4.809216
v 6.776266 6.495416 -4.809216
v 5.511976 8.189608 -5.108420
v 5.511976 8.189608 -5.108420
v 5.511976 8.189608 -5.108420
v 5.511976 8.189608 -5.108420
v 5.410458 7.336680 -5.476917
v 5.410458 7.336680 -5.476917
v 5.410458 7.336680 -5.476917
v 5.511976 6.596632 -5.108419
v 5.511976 6.596632 -5.108419
v 5.511976 6.596632 -5.108419
v 5.511976 6.596632 -5.108419
v 13.678684 5.820070 17.447052
v 13.678684 5.820070 17.447052
v 13.678684 5.820070 17.447052
v 13.678684 5.820070 17.447052
v 12.864820 5.820072 18.706463
v 12.864820 5.820072 18.706463
v 12.864820 5.820072 18.706463
v 12.864820 5.820072 18.706463
v 13.547073 5.752103 20.040026
v 13.547073 5.752103 20.040026
v 13.547073 5.752103 20.040026
v 13.547073 5.752103 20.040026
v 15.043191 5.684134 20.114182
v 15.043191 5.684134 20.114182
v 15.043191 5.684134 20.114182
v 15.043191 5.684134 20.114182
v 15.857056 5.684133 18.854774
v 15.857056 5.684133 18.854774
v 15.857056 5.684133 18.854774
v 15.857056 5.684133 18.854774
v 15.174802 5.752101 17.521210
v 15.174802 5.752101 17.521210
v 15.174802 5.752101 17.521210
v 15.174802 5.752101 17.521210
v 13.729337 6.970761 17.479786
v 13.729337 6.970761 17.479786
v 12.915474 6.970762 18.739195
v 12.915474 6.970762 18.739195
v 13.597727 6.902793 20.072760
v 13.597727 6.902793 20.072760
v 15.093844 6.834825 20.146917
v 15.093844 6.834825 20.146917
v 15.907708 6.834824 18.887506
v 15.907708 6.834824 18.887506
v 15.225454 6.902792 17.553942
v 15.225454 6.902792 17.553942
v 13.748119 5.779943 18.750242
v 13.748119 5.779943 18.750242
v 13.748119 5.779943 18.750242
v 13.748119 5.779943 18.750242
v 14.081483 5.779943 18.234381
v 14.081483 5.779943 18.234381
v 14.081483 5.779943 18.234381
v 14.081483 5.779943 18.234381
v 14.694301 5.752102 18.264757
v 14.694301 5.752102 18.264757
v 14.694301 5.752102 18.264757
v 14.694301 5.752102 18.264757
v 14.973755 5.724262 18.810991
v 14.973755 5.724262 18.810991
v 14.973755 5.724262 18.810991
v 14.973755 5.724262 18.810991
v 14.640392 5.724262 19.326855
v 14.640392 5.724262 19.326855
v 14.640392 5.724262 19.326855
v 14.640392 5.724262 19.326855
v 14.027573 5.752102 19.296478
v 14.027573 5.752102 19.296478
v 14.027573 5.752102 19.296478
v 14.027573 5.752102 19.296478
v 13.693443 4.537879 18.714909
v 13.693443 4.537879 18.714909
v 13.693443 4.537879 18.714909
v 13.693443 4.537879 18.714909
v 14.026807 4.537879 18.199051
v 14.026807 4.537879 18.199051
v 14.026807 4.537879 18.199051
v 14.026807 4.537879 18.199051
v 14.026807 4.537879 18.199051
v 14.026807 4.537879 18.199051
v 14.639625 4.510038 18.229425
v 14.639625 4.510038 18.229425
v 14.639625 4.510038 18.229425
v 14.639625 4.510038 18.229425
v 14.919079 4.482198 18.775661
v 14.919079 4.482198 18.775661
v 14.919079 4.482198 18.775661
v 14.919079 4.482198 18.775661
v 14.919079 4.482198 18.775661
v 14.919079 4.482198 18.775661
v 14.585717 4.482198 19.291521
v 14.585717 4.482198 19.291521
v 14.585717 4.482198 19.291521
v 14.585717 4.482198 19.291521
v 13.972897 4.510039 19.261147
v 13.972897 4.510039 19.261147
v 13.972897 4.510039 19.261147
v 13.972897 4.510039 19.261147
v 13.972897 4.510039 19.261147
v 13.972897 4.510039 19.261147
v 14.957676 5.358998 18.800602
v 14.957676 5.358998 18.800602
v 14.957676 5.358998 18.800602
v 14.957676 5.358998 18.800602
v 14.957676 5.358998 18.800602
v 14.678223 5.386838 18.254368
v 14.678223 5.386838 18.254368
v 14.678223 5.386838 18.254368
v 14.678223 5.386838 18.254368
v 14.678223 5.386838 18.254368
v 14.065403 5.414679 18.223991
v 14.065403 5.414679 18.223991
v 14.065403 5.414679 18.223991
v 14.065403 5.414679 18.223991
v 14.065403 5.414679 18.223991
v 13.732041 5.414679 18.739853
v 13.732041 5.414679 18.739853
v 13.732041 5.414679 18.739853
v 13.732041 5.414679 18.739853
v 13.732041 5.414679 18.739853
v 14.011496 5.386839 19.286089
v 14.011496 5.386839 19.286089
v 14.011496 5.386839 19.286089
v 14.011496 5.386839 19.286089
v 14.011496 5.386839 19.286089
v 14.011496 5.386839 19.286089
v 14.624312 5.358998 19.316463
v 14.624312 5.358998 19.316463
v 14.624312 5.358998 19.316463
v 14.624312 5.358998 19.316463
v 14.624312 5.358998 19.316463
v 13.005560 4.601608 17.539091
v 13.005560 4.601608 17.539091
v 13.005560 4.601608 17.539091
v 12.672195 4.601608 18.054953
v 12.672195 4.601608 18.054953
v 12.672195 4.601608 18.054953
v 12.710793 5.478408 18.079897
v 12.710793 5.478408 18.079897
v 12.710793 5.478408 18.079897
v 13.044155 5.478408 17.564034
v 13.044155 5.478408 17.564034
v 13.044155 5.478408 17.564034
v 16.002029 4.450333 18.219999
v 16.002029 4.450333 18.219999
v 16.002029 4.450333 18.219999
v 15.722573 4.478173 17.673763
v 15.722573 4.478173 17.673763
v 15.722573 4.478173 17.673763
v 15.761169 5.354973 17.698706
v 15.761169 5.354973 17.698706
v 15.761169 5.354973 17.698706
v 16.040625 5.327133 18.244942
v 16.040625 5.327133 18.244942
v 16.040625 5.327133 18.244942
v 13.911198 4.478175 20.476765
v 13.911198 4.478175 20.476765
v 13.911198 4.478175 20.476765
v 13.911198 4.478175 20.476765
v 14.524016 4.450334 20.507139
v 14.524016 4.450334 20.507139
v 14.524016 4.450334 20.507139
v 14.562613 5.327134 20.532084
v 14.562613 5.327134 20.532084
v 14.562613 5.327134 20.532084
v 13.949795 5.354974 20.501707
v 13.949795 5.354974 20.501707
v 13.949795 5.354974 20.501707
v 16.045773 8.298944 18.709093
v 15.700072 8.299923 17.998634
v 13.395000 8.278090 19.999525
v 14.049520 8.280035 20.441914
v 14.837479 8.284386 20.497700
v 15.547751 8.289973 20.151928
v 15.990017 8.295301 19.497255
v 16.036747 6.787704 18.702696
v 16.036747 6.787704 18.702696
v 16.036747 6.787704 18.702696
v 16.036747 6.787704 18.702696
v 15.691052 6.788683 17.992237
v 15.691052 6.788683 17.992237
v 15.691052 6.788683 17.992237
v 15.691052 6.788683 17.992237
v 13.385978 6.766851 19.993128
v 13.385978 6.766851 19.993128
v 13.385978 6.766851 19.993128
v 13.385978 6.766851 19.993128
v 14.040496 6.768796 20.435518
v 14.040496 6.768796 20.435518
v 14.040496 6.768796 20.435518
v 14.040496 6.768796 20.435518
v 14.828459 6.773145 20.491302
v 14.828459 6.773145 20.491302
v 14.828459 6.773145 20.491302
v 14.828459 6.773145 20.491302
v 15.538729 6.778733 20.145533
v 15.538729 6.778733 20.145533
v 15.538729 6.778733 20.145533
v 15.980993 6.784061 19.490856
v 15.980993 6.784061 19.490856
v 15.980993 6.784061 19.490856
v 15.980993 6.784061 19.490856
v 14.764368 8.317857 16.525900
v 14.109852 8.315910 16.083511
v 14.097750 6.289191 16.074930
v 14.097750 6.289191 16.074930
v 14.097750 6.289191 16.074930
v 14.097750 6.289191 16.074930
v 14.755347 6.806617 16.519503
v 14.755347 6.806617 16.519503
v 14.755347 6.806617 16.519503
v 14.755347 6.806617 16.519503
v 13.321890 8.311562 16.027727
v 13.309790 6.284842 16.019148
v 13.309790 6.284842 16.019148
v 13.309790 6.284842 16.019148
v 13.309790 6.284842 16.019148
v 12.611620 8.305974 16.373497
v 12.599520 6.279254 16.364920
v 12.599520 6.279254 16.364920
v 12.599520 6.279254 16.364920
v 12.169352 8.300646 17.028172
v 12.157253 6.273925 17.019592
v 12.157253 6.273925 17.019592
v 12.157253 6.273925 17.019592
v 12.157253 6.273925 17.019592
v 12.113600 8.297003 17.816330
v 12.101500 6.270283 17.807753
v 12.101500 6.270283 17.807753
v 12.101500 6.270283 17.807753
v 12.101500 6.270283 17.807753
v 12.459295 8.296024 18.526787
v 12.450274 6.784784 18.520391
v 12.450274 6.784784 18.520391
v 12.450274 6.784784 18.520391
v 12.450274 6.784784 18.520391
v 15.423779 8.781546 18.145060
v 13.659721 8.778127 19.676517
v 12.604176 8.786347 18.472572
v 12.283422 8.787256 17.813375
v 12.335154 8.790635 17.082081
v 12.745510 8.795580 16.474644
v 13.404534 8.800764 16.153820
v 14.135642 8.804800 16.205580
v 14.742935 8.806604 16.616049
v 14.911606 9.006090 17.826164
v 14.652781 9.031355 18.443296
v 14.037947 9.108888 18.695948
v 13.427258 9.193271 18.436119
v 13.178448 9.235074 17.816006
v 13.437269 9.209809 17.198874
v 14.052107 9.132277 16.946222
v 14.662795 9.047894 17.206055
v 14.900769 8.801509 19.141613
v 14.266946 9.276661 18.194494
v 13.744069 9.348862 17.975409
v 13.963787 9.327298 17.459494
v 14.486664 9.255098 17.678579
v 6.848070 7.337422 4.602148
v 6.848070 7.337422 4.602148
v 6.639955 7.923327 4.726993
v 6.137519 8.166018 5.028397
v 5.635082 7.923327 5.329800
v 5.426967 7.337422 5.454645
v 5.635082 6.751516 5.329799
v 6.137519 6.508826 5.028396
v 6.639955 6.751516 4.726993
v 13.833823 7.337420 16.180840
v 13.833823 7.337420 16.180840
v 13.625707 7.923326 16.305685
v 13.123271 8.166015 16.607088
v 12.620835 7.923326 16.908493
v 12.412719 7.337420 17.033337
v 12.620835 6.751514 16.908491
v 13.123271 6.508824 16.607088
v 13.625707 6.751514 16.305685
vt 0.556236 0.188203
vt 0.556236 0.188203
vt 0.556236 0.188203
vt 0.556236 0.188203
vt 0.556236 0.188203
vt 0.556236 0.188203
vt 0.556236 0.188203
vt 0.700470 0.185319
vt 0.700470 0.185319
vt 0.700470 0.185319
vt 0.700470 0.185319
vt 0.700470 0.185319
vt 0.700470 0.185319
vt 0.726929 0.183391
vt 0.700092 0.211462
vt 0.700092 0.211462
vt 0.572773 0.214388
vt 0.572773 0.214388
vt 0.572773 0.214388
vt 0.572773 0.214388
vt 0.554851 0.249954
vt 0.504709 0.186680
vt 0.555057 0.239751
vt 0.555057 0.239751
vt 0.504709 0.186680
vt 0.569006 0.236891
vt 0.569006 0.236891
vt 0.569006 0.236891
vt 0.565036 0.300927
vt 0.457368 0.186753
vt 0.565036 0.300927
vt 0.565036 0.300927
vt 0.584750 0.289114
vt 0.584750 0.289114
vt 0.584750 0.289114
vt 0.579199 0.243253
vt 0.579199 0.243253
vt 0.579199 0.243253
vt 0.579199 0.243253
vt 0.579199 0.243253
vt 0.700599 0.239699
vt 0.752597 0.195022
vt 0.700599 0.239699
vt 0.752597 0.195022
vt 0.702710 0.286688
vt 0.702710 0.286688
vt 0.702710 0.286688
vt 0.799714 0.193776
vt 0.503741 0.116319
vt 0.553690 0.058513
vt 0.503741 0.116319
vt 0.552872 0.062487
vt 0.552872 0.062487
vt 0.565471 0.370347
vt 0.553476 0.011328
vt 0.456744 0.116967
vt 0.565471 0.370347
vt 0.750382 0.099764
vt 0.697020 0.057247
vt 0.750382 0.099764
vt 0.697020 0.057247
vt 0.697757 0.085649
vt 0.697757 0.085649
vt 0.725157 0.112585
vt 0.703934 0.381516
vt 0.696385 0.010132
vt 0.797582 0.098851
vt 0.703934 0.381516
vt 0.699057 0.111862
vt 0.699057 0.111862
vt 0.699057 0.111862
vt 0.699057 0.111862
vt 0.699057 0.111862
vt 0.699057 0.111862
vt 0.555691 0.113982
vt 0.555691 0.113982
vt 0.555691 0.113982
vt 0.555691 0.113982
vt 0.555691 0.113982
vt 0.555691 0.113982
vt 0.555691 0.113982
vt 0.571323 0.087323
vt 0.571323 0.087323
vt 0.571323 0.087323
vt 0.571323 0.087323
vt 0.566919 0.064989
vt 0.566919 0.064989
vt 0.566919 0.064989
vt 0.576770 0.011186
vt 0.585168 0.382697
vt 0.576770 0.011186
vt 0.576952 0.058398
vt 0.576952 0.058398
vt 0.576952 0.058398
vt 0.576952 0.058398
vt 0.576952 0.058398
vt 0.653472 0.121152
vt 0.653472 0.121152
vt 0.653472 0.121152
vt 0.653472 0.121152
vt 0.653472 0.121152
vt 0.673801 0.128579
vt 0.673801 0.128579
vt 0.673801 0.128579
vt 0.673801 0.128579
vt 0.682210 0.148808
vt 0.682210 0.148808
vt 0.682210 0.148808
vt 0.682210 0.148808
vt 0.682210 0.148808
vt 0.674617 0.169464
vt 0.674617 0.169464
vt 0.674617 0.169464
vt 0.674617 0.169464
vt 0.654369 0.177689
vt 0.654369 0.177689
vt 0.654369 0.177689
vt 0.654369 0.177689
vt 0.654369 0.177689
vt 0.634620 0.170410
vt 0.634620 0.170410
vt 0.634620 0.170410
vt 0.634620 0.170410
vt 0.626343 0.149820
vt 0.626343 0.149820
vt 0.626343 0.149820
vt 0.626343 0.149820
vt 0.634104 0.128965
vt 0.634104 0.128965
vt 0.634104 0.128965
vt 0.634104 0.128965
vt 0.653904 0.139139
vt 0.653904 0.139139
vt 0.653904 0.139139
vt 0.653904 0.139139
vt 0.661320 0.142397
vt 0.661320 0.142397
vt 0.661320 0.142397
vt 0.661320 0.142397
vt 0.664313 0.149856
vt 0.664313 0.149856
vt 0.664313 0.149856
vt 0.664313 0.149856
vt 0.661317 0.157006
vt 0.661317 0.157006
vt 0.661317 0.157006
vt 0.661317 0.157006
vt 0.654241 0.159351
vt 0.654241 0.159351
vt 0.654241 0.159351
vt 0.654241 0.159351
vt 0.647155 0.157211
vt 0.647155 0.157211
vt 0.647155 0.157211
vt 0.647155 0.157211
vt 0.643926 0.150191
vt 0.643926 0.150191
vt 0.643926 0.150191
vt 0.643926 0.150191
vt 0.646639 0.142604
vt 0.646639 0.142604
vt 0.646639 0.142604
vt 0.646639 0.142604
vt 0.654104 0.149386
vt 0.654104 0.149386
vt 0.654104 0.149386
vt 0.654104 0.149386
vt 0.654104 0.149386
vt 0.654104 0.149386
vt 0.654104 0.149386
vt 0.654104 0.149386
vt 0.592201 0.122039
vt 0.592201 0.122039
vt 0.592201 0.122039
vt 0.592201 0.122039
vt 0.592201 0.122039
vt 0.611763 0.129356
vt 0.611763 0.129356
vt 0.611763 0.129356
vt 0.611763 0.129356
vt 0.620032 0.149750
vt 0.620032 0.149750
vt 0.620032 0.149750
vt 0.620032 0.149750
vt 0.612321 0.170926
vt 0.612321 0.170926
vt 0.612321 0.170926
vt 0.612321 0.170926
vt 0.592781 0.178939
vt 0.592781 0.178939
vt 0.592781 0.178939
vt 0.592781 0.178939
vt 0.592781 0.178939
vt 0.572416 0.171440
vt 0.572416 0.171440
vt 0.572416 0.171440
vt 0.572416 0.171440
vt 0.564607 0.150850
vt 0.564607 0.150850
vt 0.564607 0.150850
vt 0.564607 0.150850
vt 0.564607 0.150850
vt 0.572141 0.130130
vt 0.572141 0.130130
vt 0.572141 0.130130
vt 0.572141 0.130130
vt 0.592068 0.140149
vt 0.592068 0.140149
vt 0.592068 0.140149
vt 0.592068 0.140149
vt 0.599417 0.143395
vt 0.599417 0.143395
vt 0.599417 0.143395
vt 0.599417 0.143395
vt 0.602352 0.150915
vt 0.602352 0.150915
vt 0.602352 0.150915
vt 0.602352 0.150915
vt 0.599312 0.158099
vt 0.599312 0.158099
vt 0.599312 0.158099
vt 0.599312 0.158099
vt 0.592302 0.160492
vt 0.592302 0.160492
vt 0.592302 0.160492
vt 0.592302 0.160492
vt 0.585204 0.158369
vt 0.585204 0.158369
vt 0.585204 0.158369
vt 0.585204 0.158369
vt 0.582083 0.151284
vt 0.582083 0.151284
vt 0.582083 0.151284
vt 0.582083 0.151284
vt 0.584809 0.143668
vt 0.584809 0.143668
vt 0.584809 0.143668
vt 0.584809 0.143668
vt 0.592197 0.150464
vt 0.592197 0.150464
vt 0.592197 0.150464
vt 0.592197 0.150464
vt 0.592197 0.150464
vt 0.592197 0.150464
vt 0.592197 0.150464
vt 0.592197 0.150464
vt 0.038054 0.446882
vt 0.038054 0.446882
vt 0.040049 0.520964
vt 0.040049 0.520964
vt 0.045361 0.455123
vt 0.045361 0.455123
vt 0.054519 0.458492
vt 0.039175 0.516152
vt 0.039175 0.516152
vt 0.039175 0.516152
vt 0.038988 0.451691
vt 0.038988 0.451691
vt 0.038988 0.451691
vt 0.032718 0.512630
vt 0.023730 0.509471
vt 0.032718 0.512630
vt 0.017205 0.459239
vt 0.017205 0.459239
vt 0.030127 0.451726
vt 0.054667 0.464555
vt 0.045131 0.461025
vt 0.045131 0.461025
vt 0.054667 0.464555
vt 0.054667 0.464555
vt 0.032516 0.461204
vt 0.023037 0.465129
vt 0.023037 0.465129
vt 0.023037 0.465129
vt 0.032516 0.461204
vt 0.061049 0.508719
vt 0.048120 0.516230
vt 0.061049 0.508719
vt 0.055277 0.502746
vt 0.045591 0.506703
vt 0.045591 0.506703
vt 0.055277 0.502746
vt 0.055277 0.502746
vt 0.032802 0.506655
vt 0.023584 0.503382
vt 0.032802 0.506655
vt 0.023584 0.503382
vt 0.023584 0.503382
vt 0.032326 0.474280
vt 0.032326 0.474280
vt 0.032326 0.474280
vt 0.045670 0.474027
vt 0.045670 0.474027
vt 0.045670 0.474027
vt 0.045957 0.493631
vt 0.045957 0.493631
vt 0.045957 0.493631
vt 0.032578 0.493854
vt 0.032578 0.493854
vt 0.032578 0.493854
vt 0.046813 0.449118
vt 0.060261 0.458398
vt 0.060261 0.458398
vt 0.017994 0.509558
vt 0.031276 0.518622
vt 0.017994 0.509558
vt 0.045170 0.512938
vt 0.055434 0.508602
vt 0.045170 0.512938
vt 0.022941 0.459155
vt 0.033075 0.455022
vt 0.033075 0.455022
vt 0.558941 0.927215
vt 0.550299 0.932817
vt 0.550299 0.932817
vt 0.546149 0.920355
vt 0.546149 0.920355
vt 0.545987 0.920067
vt 0.545987 0.920067
vt 0.545987 0.920067
vt 0.546149 0.920355
vt 0.545987 0.920067
vt 0.535412 0.907198
vt 0.535412 0.907198
vt 0.535412 0.907198
vt 0.535412 0.907198
vt 0.535412 0.907198
vt 0.559515 0.899750
vt 0.557826 0.973121
vt 0.520591 0.901194
vt 0.520591 0.901194
vt 0.557826 0.973121
vt 0.559907 0.958035
vt 0.559907 0.958035
vt 0.559907 0.958035
vt 0.569284 0.908432
vt 0.559907 0.958035
vt 0.555222 0.945478
vt 0.569768 0.921074
vt 0.555222 0.945478
vt 0.569768 0.921074
vt 0.569768 0.921074
vt 0.541063 0.906706
vt 0.541063 0.906706
vt 0.541063 0.906706
vt 0.541063 0.906706
vt 0.541063 0.906706
vt 0.555378 0.900296
vt 0.555378 0.900296
vt 0.561629 0.971759
vt 0.561629 0.971759
vt 0.555378 0.900296
vt 0.498600 0.937209
vt 0.524201 0.943163
vt 0.524201 0.943163
vt 0.489974 0.927737
vt 0.489974 0.927737
vt 0.489974 0.927737
vt 0.528510 0.955731
vt 0.528510 0.955731
vt 0.533210 0.968345
vt 0.493960 0.915221
vt 0.533210 0.968345
vt 0.538186 0.980952
vt 0.507415 0.912237
vt 0.507415 0.912237
vt 0.507415 0.912237
vt 0.507415 0.912237
vt 0.515678 0.921597
vt 0.515678 0.921597
vt 0.515678 0.921597
vt 0.520553 0.930751
vt 0.511511 0.933947
vt 0.520553 0.930751
vt 0.511511 0.933947
vt 0.511511 0.933947
vt 0.544352 0.908515
vt 0.544352 0.908515
vt 0.544352 0.908515
vt 0.556934 0.902093
vt 0.564665 0.970679
vt 0.556934 0.902093
vt 0.556934 0.902093
vt 0.556934 0.902093
vt 0.518240 0.888548
vt 0.560576 0.885325
vt 0.560576 0.885325
vt 0.518240 0.888548
vt 0.518240 0.888548
vt 0.533789 0.888748
vt 0.533789 0.888748
vt 0.533789 0.888748
vt 0.533789 0.888748
vt 0.533789 0.888748
vt 0.532956 0.876568
vt 0.532956 0.876568
vt 0.532956 0.876568
vt 0.532956 0.876568
vt 0.568644 0.869037
vt 0.508215 0.874495
vt 0.568644 0.869037
vt 0.508215 0.874495
vt 0.556275 0.885273
vt 0.556275 0.885273
vt 0.556275 0.885273
vt 0.556275 0.885273
vt 0.556275 0.885273
vt 0.539151 0.888471
vt 0.539151 0.888471
vt 0.539151 0.888471
vt 0.539151 0.888471
vt 0.539151 0.888471
vt 0.536153 0.876186
vt 0.536153 0.876186
vt 0.536153 0.876186
vt 0.536153 0.876186
vt 0.564836 0.869473
vt 0.564836 0.869473
vt 0.564836 0.869473
vt 0.564836 0.869473
vt 0.527638 0.883840
vt 0.527638 0.883840
vt 0.546794 0.879511
vt 0.546794 0.879511
vt 0.518762 0.883462
vt 0.553000 0.878249
vt 0.518762 0.883462
vt 0.553000 0.878249
vt 0.514528 0.875347
vt 0.556490 0.871118
vt 0.514528 0.875347
vt 0.556490 0.871118
vt 0.543277 0.874695
vt 0.543277 0.874695
vt 0.528440 0.876990
vt 0.528440 0.876990
vt 0.554106 0.880552
vt 0.554106 0.880552
vt 0.554106 0.880552
vt 0.554106 0.880552
vt 0.544220 0.883060
vt 0.544220 0.883060
vt 0.544220 0.883060
vt 0.544220 0.883060
vt 0.540497 0.876012
vt 0.540497 0.876012
vt 0.540497 0.876012
vt 0.540497 0.876012
vt 0.559667 0.871088
vt 0.559667 0.871088
vt 0.559667 0.871088
vt 0.559667 0.871088
vt 0.531326 0.853993
vt 0.531326 0.853993
vt 0.531326 0.853993
vt 0.531326 0.853993
vt 0.530458 0.844821
vt 0.530458 0.844821
vt 0.530458 0.844821
vt 0.530458 0.844821
vt 0.530458 0.844821
vt 0.534669 0.844565
vt 0.534669 0.844565
vt 0.534669 0.844565
vt 0.534669 0.844565
vt 0.534669 0.844565
vt 0.534197 0.853871
vt 0.534197 0.853871
vt 0.534197 0.853871
vt 0.534197 0.853871
vt 0.509451 0.841701
vt 0.560904 0.837307
vt 0.560904 0.837307
vt 0.509451 0.841701
vt 0.509451 0.841701
vt 0.556869 0.838160
vt 0.556869 0.838160
vt 0.556869 0.838160
vt 0.556869 0.838160
vt 0.556869 0.838160
vt 0.520204 0.842285
vt 0.520204 0.842285
vt 0.520204 0.842285
vt 0.520204 0.842285
vt 0.546209 0.842525
vt 0.546209 0.842525
vt 0.550229 0.845928
vt 0.550229 0.845928
vt 0.514612 0.845962
vt 0.514612 0.845962
vt 0.524755 0.845884
vt 0.524755 0.845884
vt 0.541147 0.846629
vt 0.541147 0.846629
vt 0.540971 0.852546
vt 0.527559 0.852989
vt 0.540971 0.852546
vt 0.527559 0.852989
vt 0.538783 0.845481
vt 0.538783 0.845481
vt 0.538783 0.845481
vt 0.538783 0.845481
vt 0.538204 0.852584
vt 0.538204 0.852584
vt 0.538204 0.852584
vt 0.538204 0.852584
vt 0.545474 0.840204
vt 0.545474 0.840204
vt 0.545474 0.840204
vt 0.545474 0.840204
vt 0.545474 0.840204
vt 0.545474 0.840204
vt 0.552599 0.842688
vt 0.552599 0.842688
vt 0.552599 0.842688
vt 0.552599 0.842688
vt 0.531671 0.773759
vt 0.531671 0.773759
vt 0.531671 0.773759
vt 0.531671 0.773759
vt 0.527588 0.773941
vt 0.527588 0.773941
vt 0.527588 0.773941
vt 0.527588 0.773941
vt 0.527588 0.773941
vt 0.508182 0.777730
vt 0.555348 0.774860
vt 0.508182 0.777730
vt 0.555348 0.774860
vt 0.551269 0.775117
vt 0.551269 0.775117
vt 0.551269 0.775117
vt 0.551269 0.775117
vt 0.551269 0.775117
vt 0.531555 0.761246
vt 0.531198 0.760665
vt 0.531555 0.761246
vt 0.531198 0.760665
vt 0.526763 0.761492
vt 0.526763 0.761492
vt 0.526407 0.760939
vt 0.526407 0.760939
vt 0.555976 0.765897
vt 0.506774 0.768122
vt 0.506457 0.767687
vt 0.555645 0.765172
vt 0.551647 0.764979
vt 0.551647 0.764979
vt 0.551978 0.765680
vt 0.551978 0.765680
vt 0.549642 0.933507
vt 0.558317 0.927957
vt 0.549642 0.933507
vt 0.545565 0.921021
vt 0.545405 0.920732
vt 0.545565 0.921021
vt 0.545405 0.920732
vt 0.545565 0.921021
vt 0.545405 0.920732
vt 0.545405 0.920732
vt 0.534906 0.907801
vt 0.534906 0.907801
vt 0.534906 0.907801
vt 0.534906 0.907801
vt 0.534906 0.907801
vt 0.520121 0.901710
vt 0.559052 0.900495
vt 0.556931 0.973854
vt 0.556931 0.973854
vt 0.520121 0.901710
vt 0.559100 0.958781
vt 0.559100 0.958781
vt 0.559100 0.958781
vt 0.568770 0.909235
vt 0.559100 0.958781
vt 0.569179 0.921879
vt 0.569179 0.921879
vt 0.554490 0.946197
vt 0.554490 0.946197
vt 0.569179 0.921879
vt 0.540559 0.907342
vt 0.540559 0.907342
vt 0.540559 0.907342
vt 0.540559 0.907342
vt 0.540559 0.907342
vt 0.560742 0.972516
vt 0.554912 0.901017
vt 0.554912 0.901017
vt 0.560742 0.972516
vt 0.554912 0.901017
vt 0.523483 0.943700
vt 0.523483 0.943700
vt 0.497918 0.937595
vt 0.527718 0.956293
vt 0.489347 0.928072
vt 0.527718 0.956293
vt 0.489347 0.928072
vt 0.489347 0.928072
vt 0.532343 0.968934
vt 0.532343 0.968934
vt 0.493407 0.915580
vt 0.506880 0.912674
vt 0.506880 0.912674
vt 0.506880 0.912674
vt 0.506880 0.912674
vt 0.537245 0.981570
vt 0.515087 0.922083
vt 0.515087 0.922083
vt 0.515087 0.922083
vt 0.510847 0.934408
vt 0.519909 0.931266
vt 0.519909 0.931266
vt 0.510847 0.934408
vt 0.510847 0.934408
vt 0.543838 0.909171
vt 0.543838 0.909171
vt 0.543838 0.909171
vt 0.563784 0.971453
vt 0.556457 0.902823
vt 0.556457 0.902823
vt 0.556457 0.902823
vt 0.556457 0.902823
vt 0.560198 0.886076
vt 0.517844 0.889050
vt 0.517844 0.889050
vt 0.517844 0.889050
vt 0.560198 0.886076
vt 0.533391 0.889342
vt 0.533391 0.889342
vt 0.533391 0.889342
vt 0.533391 0.889342
vt 0.533391 0.889342
vt 0.532630 0.877157
vt 0.532630 0.877157
vt 0.532630 0.877157
vt 0.532630 0.877157
vt 0.568362 0.869837
vt 0.507902 0.874938
vt 0.507902 0.874938
vt 0.568362 0.869837
vt 0.555898 0.885999
vt 0.555898 0.885999
vt 0.555898 0.885999
vt 0.555898 0.885999
vt 0.555898 0.885999
vt 0.538755 0.889096
vt 0.538755 0.889096
vt 0.538755 0.889096
vt 0.538755 0.889096
vt 0.538755 0.889096
vt 0.535829 0.876794
vt 0.535829 0.876794
vt 0.535829 0.876794
vt 0.535829 0.876794
vt 0.564551 0.870250
vt 0.564551 0.870250
vt 0.564551 0.870250
vt 0.564551 0.870250
vt 0.546451 0.880182
vt 0.527269 0.884398
vt 0.546451 0.880182
vt 0.527269 0.884398
vt 0.518396 0.883967
vt 0.552664 0.878956
vt 0.552664 0.878956
vt 0.518396 0.883967
vt 0.556196 0.871846
vt 0.556196 0.871846
vt 0.514210 0.875828
vt 0.514210 0.875828
vt 0.542963 0.875345
vt 0.542963 0.875345
vt 0.528112 0.877552
vt 0.528112 0.877552
vt 0.553757 0.881266
vt 0.553757 0.881266
vt 0.553757 0.881266
vt 0.553757 0.881266
vt 0.543855 0.883715
vt 0.543855 0.883715
vt 0.543855 0.883715
vt 0.543855 0.883715
vt 0.540174 0.876645
vt 0.540174 0.876645
vt 0.540174 0.876645
vt 0.540174 0.876645
vt 0.559373 0.871835
vt 0.559373 0.871835
vt 0.559373 0.871835
vt 0.559373 0.871835
vt 0.531133 0.854573
vt 0.531133 0.854573
vt 0.531133 0.854573
vt 0.531133 0.854573
vt 0.530320 0.845396
vt 0.530320 0.845396
vt 0.530320 0.845396
vt 0.530320 0.845396
vt 0.530320 0.845396
vt 0.534532 0.845164
vt 0.534532 0.845164
vt 0.534532 0.845164
vt 0.534532 0.845164
vt 0.534532 0.845164
vt 0.534005 0.854467
vt 0.534005 0.854467
vt 0.534005 0.854467
vt 0.534005 0.854467
vt 0.560809 0.838061
vt 0.509331 0.842152
vt 0.509331 0.842152
vt 0.509331 0.842152
vt 0.560809 0.838061
vt 0.556769 0.838891
vt 0.556769 0.838891
vt 0.556769 0.838891
vt 0.556769 0.838891
vt 0.556769 0.838891
vt 0.520081 0.842799
vt 0.546083 0.843193
vt 0.520081 0.842799
vt 0.520081 0.842799
vt 0.546083 0.843193
vt 0.520081 0.842799
vt 0.550084 0.846620
vt 0.550084 0.846620
vt 0.514467 0.846444
vt 0.514467 0.846444
vt 0.524610 0.846425
vt 0.540997 0.847267
vt 0.524610 0.846425
vt 0.540997 0.847267
vt 0.527372 0.853547
vt 0.527372 0.853547
vt 0.540787 0.853183
vt 0.540787 0.853183
vt 0.538641 0.846105
vt 0.538641 0.846105
vt 0.538641 0.846105
vt 0.538641 0.846105
vt 0.538019 0.853204
vt 0.538019 0.853204
vt 0.538019 0.853204
vt 0.538019 0.853204
vt 0.545363 0.840868
vt 0.545363 0.840868
vt 0.545363 0.840868
vt 0.545363 0.840868
vt 0.545363 0.840868
vt 0.545363 0.840868
vt 0.552473 0.843393
vt 0.552473 0.843393
vt 0.552473 0.843393
vt 0.552473 0.843393
vt 0.531951 0.774342
vt 0.531951 0.774342
vt 0.531951 0.774342
vt 0.531951 0.774342
vt 0.527867 0.774500
vt 0.527867 0.774500
vt 0.527867 0.774500
vt 0.527867 0.774500
vt 0.527867 0.774500
vt 0.555622 0.775582
vt 0.508439 0.778175
vt 0.555622 0.775582
vt 0.508439 0.778175
vt 0.551541 0.775816
vt 0.551541 0.775816
vt 0.551541 0.775816
vt 0.551541 0.775816
vt 0.551541 0.775816
vt 0.021076 0.121657
vt 0.014348 0.116922
vt 0.024357 0.103778
vt 0.032092 0.090644
vt 0.036020 0.077232
vt 0.034258 0.064749
vt 0.037858 0.172023
vt 0.047437 0.165909
vt 0.050143 0.158471
vt 0.050555 0.149774
vt 0.046577 0.140706
vt 0.039862 0.133312
vt 0.031289 0.126682
vt 0.044307 0.112597
vt 0.041731 0.107023
vt 0.047226 0.100055
vt 0.054765 0.092984
vt 0.082730 0.189377
vt 0.075593 0.086999
vt 0.082730 0.189377
vt 0.081035 0.137344
vt 0.081035 0.137344
vt 0.081035 0.137344
vt 0.066816 0.128997
vt 0.057984 0.122925
vt 0.049155 0.117284
vt 0.056702 0.108199
vt 0.061954 0.101505
vt 0.070078 0.099478
vt 0.070078 0.099478
vt 0.071475 0.120696
vt 0.071475 0.120696
vt 0.061632 0.115543
vt 0.075226 0.147914
vt 0.075226 0.147914
vt 0.072298 0.162837
vt 0.072298 0.162837
vt 0.067524 0.175561
vt 0.076187 0.186504
vt 0.065597 0.075653
vt 0.063376 0.087163
vt 0.073724 0.135793
vt 0.084421 0.099234
vt 0.084421 0.099234
vt 0.084421 0.099234
vt 0.084421 0.099234
vt 0.090169 0.189930
vt 0.090169 0.189930
vt 0.085774 0.174382
vt 0.085774 0.174382
vt 0.085774 0.174382
vt 0.085774 0.174382
vt 0.085774 0.174382
vt 0.085774 0.174382
vt 0.086304 0.147663
vt 0.086304 0.147663
vt 0.086304 0.147663
vt 0.086304 0.147663
vt 0.086304 0.147663
vt 0.086304 0.147663
vt 0.087006 0.129105
vt 0.087006 0.129105
vt 0.087006 0.129105
vt 0.087006 0.129105
vt 0.087006 0.129105
vt 0.087006 0.129105
vt 0.112247 0.102771
vt 0.117261 0.187164
vt 0.117261 0.187164
vt 0.112247 0.102771
vt 0.115898 0.169979
vt 0.115898 0.169979
vt 0.115898 0.169979
vt 0.115447 0.145751
vt 0.115447 0.145751
vt 0.115447 0.145751
vt 0.113499 0.127485
vt 0.113499 0.127485
vt 0.113499 0.127485
vt 0.172456 0.155328
vt 0.169315 0.170763
vt 0.159746 0.182955
vt 0.146027 0.189701
vt 0.131364 0.190126
vt 0.128180 0.123709
vt 0.143053 0.123411
vt 0.157219 0.129012
vt 0.167785 0.140335
vt 0.164956 0.155654
vt 0.162893 0.167716
vt 0.155362 0.177343
vt 0.144257 0.182800
vt 0.131948 0.183014
vt 0.119281 0.179731
vt 0.116841 0.134997
vt 0.129226 0.130693
vt 0.141719 0.130468
vt 0.153243 0.134924
vt 0.161616 0.143916
vt 0.150091 0.158967
vt 0.143455 0.167353
vt 0.146585 0.148778
vt 0.132536 0.166366
vt 0.136275 0.145748
vt 0.107954 0.114694
vt 0.107954 0.114694
vt 0.107954 0.114694
vt 0.107954 0.114694
vt 0.107954 0.114694
vt 0.109379 0.114674
vt 0.109379 0.114674
vt 0.113945 0.126630
vt 0.173253 0.155293
vt 0.170046 0.171099
vt 0.160256 0.183582
vt 0.146234 0.190489
vt 0.131301 0.190969
vt 0.117372 0.188101
vt 0.113016 0.103263
vt 0.128083 0.122885
vt 0.143213 0.122609
vt 0.157684 0.128349
vt 0.168488 0.139938
vt 0.064800 0.383460
vt 0.064800 0.383460
vt 0.064800 0.383460
vt 0.058221 0.424548
vt 0.058221 0.424548
vt 0.058221 0.424548
vt 0.070784 0.383295
vt 0.070784 0.383295
vt 0.012784 0.381263
vt 0.063602 0.426758
vt 0.015603 0.422575
vt 0.063602 0.426758
vt 0.042585 0.384398
vt 0.042585 0.384398
vt 0.042585 0.384398
vt 0.042585 0.384398
vt 0.039109 0.433682
vt 0.039109 0.433682
vt 0.039109 0.433682
vt 0.035442 0.384310
vt 0.035442 0.384310
vt 0.035442 0.384310
vt 0.035442 0.384310
vt 0.034076 0.433389
vt 0.040426 0.439943
vt 0.034076 0.433389
vt 0.027892 0.432838
vt 0.027892 0.432838
vt 0.048477 0.439045
vt 0.048477 0.439045
vt 0.045346 0.433606
vt 0.045346 0.433606
vt 0.045346 0.433606
vt 0.045346 0.433606
vt 0.055032 0.369029
vt 0.055032 0.369029
vt 0.055032 0.369029
vt 0.055032 0.369029
vt 0.055032 0.369029
vt 0.061248 0.368707
vt 0.024356 0.368709
vt 0.061248 0.368707
vt 0.024356 0.368709
vt 0.024356 0.368709
vt 0.041126 0.325696
vt 0.041126 0.325696
vt 0.035895 0.325663
vt 0.035895 0.325663
vt 0.013817 0.313214
vt 0.068131 0.311746
vt 0.062079 0.311112
vt 0.062079 0.311112
vt 0.016479 0.380844
vt 0.016479 0.380844
vt 0.016479 0.380844
vt 0.023059 0.421932
vt 0.023059 0.421932
vt 0.023059 0.421932
vt 0.010495 0.380679
vt 0.010495 0.380679
vt 0.068495 0.378647
vt 0.017678 0.424142
vt 0.065676 0.419959
vt 0.017678 0.424142
vt 0.038694 0.381782
vt 0.038694 0.381782
vt 0.038694 0.381782
vt 0.038694 0.381782
vt 0.042170 0.431066
vt 0.042170 0.431066
vt 0.042170 0.431066
vt 0.045837 0.381694
vt 0.045837 0.381694
vt 0.045837 0.381694
vt 0.045837 0.381694
vt 0.047203 0.430773
vt 0.047203 0.430773
vt 0.040853 0.437327
vt 0.032802 0.436429
vt 0.053387 0.430222
vt 0.032802 0.436429
vt 0.053387 0.430222
vt 0.035934 0.430990
vt 0.035934 0.430990
vt 0.035934 0.430990
vt 0.035934 0.430990
vt 0.026248 0.366413
vt 0.026248 0.366413
vt 0.026248 0.366413
vt 0.026248 0.366413
vt 0.026248 0.366413
vt 0.020031 0.366091
vt 0.056924 0.366093
vt 0.020031 0.366091
vt 0.056924 0.366093
vt 0.056924 0.366093
vt 0.040153 0.323080
vt 0.040153 0.323080
vt 0.045384 0.323047
vt 0.045384 0.323047
vt 0.013148 0.309130
vt 0.067462 0.310598
vt 0.019200 0.308496
vt 0.019200 0.308496
vt 0.212528 0.531096
vt 0.212528 0.531096
vt 0.212528 0.531096
vt 0.232980 0.536709
vt 0.232980 0.536709
vt 0.232980 0.536709
vt 0.232980 0.536709
vt 0.232980 0.536709
vt 0.232980 0.536709
vt 0.252175 0.825543
vt 0.252175 0.825543
vt 0.252175 0.825543
vt 0.252175 0.825543
vt 0.252175 0.825543
vt 0.192787 0.688098
vt 0.192787 0.688098
vt 0.192787 0.688098
vt 0.192787 0.688098
vt 0.192787 0.688098
vt 0.192787 0.688098
vt 0.192787 0.688098
vt 0.192787 0.688098
vt 0.192787 0.688098
vt 0.162860 0.792183
vt 0.162860 0.792183
vt 0.162860 0.792183
vt 0.162860 0.792183
vt 0.162860 0.792183
vt 0.197344 0.795926
vt 0.197344 0.795926
vt 0.197344 0.795926
vt 0.197344 0.795926
vt 0.197344 0.795926
vt 0.197344 0.795926
vt 0.216489 0.813908
vt 0.216489 0.813908
vt 0.216489 0.813908
vt 0.216489 0.813908
vt 0.147420 0.827035
vt 0.147420 0.827035
vt 0.147420 0.827035
vt 0.147420 0.827035
vt 0.171684 0.852353
vt 0.171684 0.852353
vt 0.171684 0.852353
vt 0.171684 0.852353
vt 0.175980 0.874338
vt 0.175980 0.874338
vt 0.175980 0.874338
vt 0.175980 0.874338
vt 0.270682 0.851426
vt 0.270682 0.851426
vt 0.270682 0.851426
vt 0.270682 0.851426
vt 0.193099 0.896657
vt 0.193099 0.896657
vt 0.193099 0.896657
vt 0.193099 0.896657
vt 0.183121 0.932695
vt 0.183121 0.932695
vt 0.183121 0.932695
vt 0.183121 0.932695
vt 0.183121 0.932695
vt 0.153733 0.849573
vt 0.153733 0.849573
vt 0.153733 0.849573
vt 0.153733 0.849573
vt 0.130510 0.827644
vt 0.130510 0.827644
vt 0.130510 0.827644
vt 0.130510 0.827644
vt 0.163618 0.971344
vt 0.163618 0.971344
vt 0.163618 0.971344
vt 0.253899 0.842923
vt 0.253899 0.842923
vt 0.253899 0.842923
vt 0.253899 0.842923
vt 0.228598 0.811840
vt 0.228598 0.811840
vt 0.228598 0.811840
vt 0.228598 0.811840
vt 0.228598 0.811840
vt 0.181062 0.890363
vt 0.181062 0.890363
vt 0.181062 0.890363
vt 0.181062 0.890363
vt 0.181062 0.890363
vt 0.160297 0.855629
vt 0.160297 0.855629
vt 0.160297 0.855629
vt 0.160297 0.855629
vt 0.175422 0.787150
vt 0.175422 0.787150
vt 0.175422 0.787150
vt 0.175422 0.787150
vt 0.199761 0.810146
vt 0.199761 0.810146
vt 0.199761 0.810146
vt 0.199761 0.810146
vt 0.155750 0.963913
vt 0.155750 0.963913
vt 0.155750 0.963913
vt 0.155750 0.963913
vt 0.155750 0.963913
vt 0.155750 0.963913
vt 0.155750 0.963913
vt 0.174010 0.965223
vt 0.174010 0.965223
vt 0.174010 0.965223
vt 0.174010 0.965223
vt 0.233197 0.519937
vt 0.233197 0.519937
vt 0.233197 0.519937
vt 0.218872 0.502355
vt 0.218872 0.502355
vt 0.218872 0.502355
vt 0.218872 0.502355
vt 0.218872 0.502355
vt 0.209932 0.381641
vt 0.209932 0.381641
vt 0.209932 0.381641
vt 0.209932 0.381641
vt 0.209932 0.381641
vt 0.290752 0.862826
vt 0.290752 0.862826
vt 0.290752 0.862826
vt 0.278176 0.849692
vt 0.278176 0.849692
vt 0.278176 0.849692
vt 0.278176 0.849692
vt 0.278176 0.849692
vt 0.278176 0.849692
vt 0.219600 0.358027
vt 0.219600 0.358027
vt 0.219600 0.358027
vt 0.214818 0.295268
vt 0.214818 0.295268
vt 0.214818 0.295268
vt 0.214818 0.295268
vt 0.214818 0.295268
vt 0.214818 0.295268
vt 0.232581 0.353081
vt 0.232581 0.353081
vt 0.232581 0.353081
vt 0.232581 0.353081
vt 0.232581 0.353081
vt 0.254778 0.347758
vt 0.254778 0.347758
vt 0.254778 0.347758
vt 0.254778 0.347758
vt 0.280328 0.311509
vt 0.280328 0.311509
vt 0.280328 0.311509
vt 0.280328 0.311509
vt 0.280328 0.311509
vt 0.280328 0.311509
vt 0.236239 0.367083
vt 0.236239 0.367083
vt 0.236239 0.367083
vt 0.265044 0.361008
vt 0.265044 0.361008
vt 0.265044 0.361008
vt 0.265044 0.361008
vt 0.265044 0.361008
vt 0.224824 0.383987
vt 0.224824 0.383987
vt 0.224824 0.383987
vt 0.224824 0.383987
vt 0.224824 0.383987
vt 0.224824 0.383987
vt 0.283673 0.335579
vt 0.283673 0.335579
vt 0.283673 0.335579
vt 0.329775 0.931827
vt 0.329775 0.931827
vt 0.329775 0.931827
vt 0.247765 0.829551
vt 0.247765 0.829551
vt 0.329775 0.931827
vt 0.167235 0.797311
vt 0.362931 0.915167
vt 0.167235 0.797311
vt 0.362931 0.915167
vt 0.192547 0.800778
vt 0.350372 0.919187
vt 0.350372 0.919187
vt 0.192547 0.800778
vt 0.350372 0.919187
vt 0.220920 0.820459
vt 0.220920 0.820459
vt 0.342997 0.926857
vt 0.342997 0.926857
vt 0.370494 0.927540
vt 0.155227 0.826913
vt 0.370494 0.927540
vt 0.155227 0.826913
vt 0.167942 0.846528
vt 0.364972 0.938519
vt 0.167942 0.846528
vt 0.364972 0.938519
vt 0.363704 0.948395
vt 0.182819 0.875455
vt 0.182819 0.875455
vt 0.363704 0.948395
vt 0.275953 0.858446
vt 0.323182 0.941876
vt 0.275953 0.858446
vt 0.323182 0.941876
vt 0.190631 0.889949
vt 0.360063 0.956437
vt 0.360063 0.956437
vt 0.190631 0.889949
vt 0.189752 0.938998
vt 0.366281 0.971076
vt 0.366281 0.971076
vt 0.189752 0.938998
vt 0.366281 0.971076
vt 0.370776 0.936273
vt 0.157474 0.844416
vt 0.157474 0.844416
vt 0.370776 0.936273
vt 0.378244 0.925533
vt 0.378244 0.925533
vt 0.378244 0.925533
vt 0.121576 0.828227
vt 0.121576 0.828227
vt 0.163619 0.978556
vt 0.163619 0.978556
vt 0.375232 0.987128
vt 0.247467 0.838797
vt 0.330416 0.937222
vt 0.330416 0.937222
vt 0.247467 0.838797
vt 0.228841 0.818431
vt 0.338698 0.926321
vt 0.228841 0.818431
vt 0.338698 0.926321
vt 0.363619 0.954064
vt 0.184207 0.885814
vt 0.363619 0.954064
vt 0.184207 0.885814
vt 0.363619 0.954064
vt 0.161371 0.849078
vt 0.161371 0.849078
vt 0.368855 0.939146
vt 0.368855 0.939146
vt 0.368855 0.939146
vt 0.192803 0.808915
vt 0.350725 0.923771
vt 0.192803 0.808915
vt 0.350725 0.923771
vt 0.147500 0.967385
vt 0.147500 0.967385
vt 0.380077 0.983347
vt 0.380077 0.983347
vt 0.380077 0.983347
vt 0.380077 0.983347
vt 0.380077 0.983347
vt 0.370503 0.984035
vt 0.179848 0.970612
vt 0.179848 0.970612
vt 0.370503 0.984035
vt 0.315005 0.948720
vt 0.288648 0.870913
vt 0.288648 0.870913
vt 0.319503 0.942001
vt 0.319503 0.942001
vt 0.277487 0.858747
vt 0.277487 0.858747
vt 0.319503 0.942001
vt 0.153951 0.768959
vt 0.153951 0.768959
vt 0.153951 0.768959
vt 0.153951 0.768959
vt 0.358178 0.914218
vt 0.358178 0.914218
vt 0.175679 0.794022
vt 0.175679 0.794022
vt 0.365528 0.905005
vt 0.365528 0.905005
vt 0.144671 0.767334
vt 0.365528 0.905005
vt 0.144671 0.767334
vt 0.139106 0.765195
vt 0.068968 0.020932
vt 0.105156 0.020831
vt 0.105156 0.020831
vt 0.331330 0.926457
vt 0.105156 0.020831
vt 0.331330 0.926457
vt 0.331330 0.926457
vt 0.105644 0.065210
vt 0.087714 0.991799
vt 0.105644 0.065210
vt 0.087714 0.991799
vt 0.269991 0.213824
vt 0.269991 0.213824
vt 0.269991 0.213824
vt 0.269991 0.213824
vt 0.219369 0.272974
vt 0.219369 0.272974
vt 0.219369 0.272974
vt 0.219369 0.272974
vt 0.219369 0.272974
vt 0.250097 0.184855
vt 0.250097 0.184855
vt 0.250097 0.184855
vt 0.250097 0.184855
vt 0.250097 0.184855
vt 0.200009 0.278621
vt 0.200009 0.278621
vt 0.200009 0.278621
vt 0.200009 0.278621
vt 0.233053 0.189208
vt 0.233053 0.189208
vt 0.233053 0.189208
vt 0.233053 0.189208
vt 0.205259 0.216574
vt 0.205259 0.216574
vt 0.205259 0.216574
vt 0.205259 0.216574
vt 0.205259 0.216574
vt 0.248841 0.139577
vt 0.248841 0.139577
vt 0.248841 0.139577
vt 0.248841 0.139577
vt 0.229235 0.140465
vt 0.229235 0.140465
vt 0.229235 0.140465
vt 0.229235 0.140465
vt 0.150745 0.219813
vt 0.150745 0.219813
vt 0.183878 0.154161
vt 0.150745 0.219813
vt 0.150745 0.219813
vt 0.183878 0.154161
vt 0.201915 0.502575
vt 0.201915 0.502575
vt 0.201915 0.502575
vt 0.201915 0.502575
vt 0.161982 0.366404
vt 0.161982 0.366404
vt 0.161982 0.366404
vt 0.161982 0.366404
vt 0.161982 0.366404
vt 0.105524 0.042967
vt 0.105524 0.042967
vt 0.105524 0.042967
vt 0.105524 0.042967
vt 0.090866 0.743883
vt 0.090866 0.743883
vt 0.068156 0.043129
vt 0.088171 0.043075
vt 0.050892 0.734887
vt 0.088171 0.043075
vt 0.088171 0.043075
vt 0.050892 0.734887
vt 0.127813 0.658049
vt 0.127813 0.658049
vt 0.127813 0.658049
vt 0.127813 0.658049
vt 0.127813 0.658049
vt 0.127813 0.658049
vt 0.246562 0.112641
vt 0.246562 0.112641
vt 0.246562 0.112641
vt 0.246562 0.112641
vt 0.228413 0.106864
vt 0.228413 0.106864
vt 0.228413 0.106864
vt 0.205890 0.069233
vt 0.182813 0.120516
vt 0.205890 0.069233
vt 0.117691 0.210060
vt 0.117691 0.210060
vt 0.205890 0.069233
vt 0.103631 0.767049
vt 0.209774 0.029807
vt 0.103631 0.767049
vt 0.076031 0.207834
vt 0.104755 0.818605
vt 0.104755 0.818605
vt 0.095156 0.361608
vt 0.095156 0.361608
vt 0.104755 0.818605
vt 0.088532 0.067323
vt 0.103101 0.982435
vt 0.014918 0.697231
vt 0.103101 0.982435
vt 0.104333 0.964285
vt 0.104333 0.964285
vt 0.048906 0.672954
vt 0.048906 0.672954
vt 0.104333 0.964285
vt 0.064421 0.286094
vt 0.122115 0.790534
vt 0.064421 0.286094
vt 0.125002 0.286266
vt 0.125002 0.286266
vt 0.125002 0.286266
vt 0.125002 0.286266
vt 0.392705 0.532000
vt 0.392705 0.532000
vt 0.392705 0.532000
vt 0.372083 0.537361
vt 0.372083 0.537361
vt 0.372083 0.537361
vt 0.372083 0.537361
vt 0.372083 0.537361
vt 0.372083 0.537361
vt 0.300310 0.689918
vt 0.300310 0.689918
vt 0.300310 0.689918
vt 0.300310 0.689918
vt 0.300310 0.689918
vt 0.300310 0.689918
vt 0.300310 0.689918
vt 0.300310 0.689918
vt 0.300310 0.689918
vt 0.300310 0.689918
vt 0.300310 0.689918
vt 0.300310 0.689918
vt 0.407950 0.688541
vt 0.407950 0.688541
vt 0.407950 0.688541
vt 0.407950 0.688541
vt 0.407950 0.688541
vt 0.407950 0.688541
vt 0.407950 0.688541
vt 0.407950 0.688541
vt 0.407950 0.688541
vt 0.350852 0.825803
vt 0.350852 0.825803
vt 0.350852 0.825803
vt 0.350852 0.825803
vt 0.350852 0.825803
vt 0.373776 0.811356
vt 0.373776 0.811356
vt 0.373776 0.811356
vt 0.373776 0.811356
vt 0.373776 0.811356
vt 0.438370 0.788788
vt 0.438370 0.788788
vt 0.438370 0.788788
vt 0.438370 0.788788
vt 0.438370 0.788788
vt 0.446958 0.765963
vt 0.446958 0.765963
vt 0.446958 0.765963
vt 0.446958 0.765963
vt 0.402470 0.808474
vt 0.402470 0.808474
vt 0.402470 0.808474
vt 0.402470 0.808474
vt 0.385907 0.812880
vt 0.385907 0.812880
vt 0.385907 0.812880
vt 0.385907 0.812880
vt 0.430861 0.870512
vt 0.430861 0.870512
vt 0.430861 0.870512
vt 0.430861 0.870512
vt 0.433424 0.848416
vt 0.433424 0.848416
vt 0.433424 0.848416
vt 0.433424 0.848416
vt 0.325459 0.850413
vt 0.325459 0.850413
vt 0.325459 0.850413
vt 0.325459 0.850413
vt 0.325459 0.850413
vt 0.325459 0.850413
vt 0.349961 0.843515
vt 0.349961 0.843515
vt 0.349961 0.843515
vt 0.349961 0.843515
vt 0.333196 0.852439
vt 0.333196 0.852439
vt 0.333196 0.852439
vt 0.333196 0.852439
vt 0.429206 0.929352
vt 0.429206 0.929352
vt 0.429206 0.929352
vt 0.429206 0.929352
vt 0.429206 0.929352
vt 0.415787 0.893816
vt 0.415787 0.893816
vt 0.415787 0.893816
vt 0.415787 0.893816
vt 0.472189 0.820842
vt 0.472189 0.820842
vt 0.472189 0.820842
vt 0.472189 0.820842
vt 0.455462 0.821587
vt 0.455462 0.821587
vt 0.455462 0.821587
vt 0.455462 0.821587
vt 0.451019 0.844335
vt 0.451019 0.844335
vt 0.451019 0.844335
vt 0.451019 0.844335
vt 0.459508 0.956666
vt 0.459508 0.956666
vt 0.459508 0.956666
vt 0.459508 0.956666
vt 0.459508 0.956666
vt 0.459508 0.956666
vt 0.427257 0.886884
vt 0.427257 0.886884
vt 0.427257 0.886884
vt 0.427257 0.886884
vt 0.427257 0.886884
vt 0.442136 0.960737
vt 0.442136 0.960737
vt 0.442136 0.960737
vt 0.453254 0.965118
vt 0.453254 0.965118
vt 0.453254 0.965118
vt 0.425818 0.784467
vt 0.425818 0.784467
vt 0.425818 0.784467
vt 0.425818 0.784467
vt 0.404032 0.794182
vt 0.404032 0.794182
vt 0.404032 0.794182
vt 0.404032 0.794182
vt 0.404032 0.794182
vt 0.404032 0.794182
vt 0.403715 0.503451
vt 0.403715 0.503451
vt 0.403715 0.503451
vt 0.403715 0.503451
vt 0.386710 0.502714
vt 0.386710 0.502714
vt 0.386710 0.502714
vt 0.386710 0.502714
vt 0.386710 0.502714
vt 0.372115 0.520740
vt 0.372115 0.520740
vt 0.372115 0.520740
vt 0.397452 0.383145
vt 0.397452 0.383145
vt 0.397452 0.383145
vt 0.397452 0.383145
vt 0.397452 0.383145
vt 0.382406 0.385708
vt 0.382406 0.385708
vt 0.382406 0.385708
vt 0.382406 0.385708
vt 0.382406 0.385708
vt 0.382406 0.385708
vt 0.312732 0.863937
vt 0.312732 0.863937
vt 0.312732 0.863937
vt 0.341460 0.362090
vt 0.341460 0.362090
vt 0.341460 0.362090
vt 0.341460 0.362090
vt 0.341460 0.362090
vt 0.387506 0.359634
vt 0.387506 0.359634
vt 0.387506 0.359634
vt 0.374464 0.354766
vt 0.374464 0.354766
vt 0.374464 0.354766
vt 0.374464 0.354766
vt 0.374464 0.354766
vt 0.392098 0.296513
vt 0.392098 0.296513
vt 0.392098 0.296513
vt 0.392098 0.296513
vt 0.392098 0.296513
vt 0.392098 0.296513
vt 0.352344 0.349399
vt 0.352344 0.349399
vt 0.352344 0.349399
vt 0.352344 0.349399
vt 0.327533 0.312066
vt 0.327533 0.312066
vt 0.327533 0.312066
vt 0.327533 0.312066
vt 0.327533 0.312066
vt 0.327533 0.312066
vt 0.387828 0.273619
vt 0.387828 0.273619
vt 0.387828 0.273619
vt 0.387828 0.273619
vt 0.387828 0.273619
vt 0.370734 0.368817
vt 0.370734 0.368817
vt 0.370734 0.368817
vt 0.323584 0.335349
vt 0.323584 0.335349
vt 0.323584 0.335349
vt 0.288485 0.933132
vt 0.355931 0.829048
vt 0.288485 0.933132
vt 0.288485 0.933132
vt 0.288485 0.933132
vt 0.355931 0.829048
vt 0.279232 0.928200
vt 0.373837 0.818267
vt 0.373837 0.818267
vt 0.279232 0.928200
vt 0.267131 0.921817
vt 0.267131 0.921817
vt 0.267131 0.921817
vt 0.409253 0.798448
vt 0.409253 0.798448
vt 0.425295 0.791042
vt 0.259028 0.917351
vt 0.259028 0.917351
vt 0.425295 0.791042
vt 0.251110 0.908621
vt 0.251110 0.908621
vt 0.456167 0.764025
vt 0.456167 0.764025
vt 0.459421 0.768178
vt 0.251110 0.908621
vt 0.181512 0.019977
vt 0.254344 0.918598
vt 0.434092 0.793979
vt 0.434092 0.793979
vt 0.254344 0.918598
vt 0.447719 0.822265
vt 0.447719 0.822265
vt 0.247577 0.931424
vt 0.247577 0.931424
vt 0.253781 0.942032
vt 0.436613 0.842334
vt 0.253781 0.942032
vt 0.436613 0.842334
vt 0.267069 0.926414
vt 0.409255 0.806889
vt 0.409255 0.806889
vt 0.267069 0.926414
vt 0.274976 0.929007
vt 0.381791 0.819429
vt 0.274976 0.929007
vt 0.381791 0.819429
vt 0.255670 0.951809
vt 0.255670 0.951809
vt 0.424154 0.872302
vt 0.424154 0.872302
vt 0.313528 0.872371
vt 0.313528 0.872371
vt 0.304292 0.949059
vt 0.417373 0.886716
vt 0.259811 0.959604
vt 0.259811 0.959604
vt 0.417373 0.886716
vt 0.356217 0.839400
vt 0.288186 0.938556
vt 0.356217 0.839400
vt 0.288186 0.938556
vt 0.328379 0.859809
vt 0.295700 0.942745
vt 0.328379 0.859809
vt 0.295700 0.942745
vt 0.254530 0.974607
vt 0.423203 0.936271
vt 0.254530 0.974607
vt 0.254530 0.974607
vt 0.423203 0.936271
vt 0.423807 0.882992
vt 0.256113 0.957461
vt 0.256113 0.957461
vt 0.256113 0.957461
vt 0.423807 0.882992
vt 0.447091 0.839561
vt 0.247846 0.940158
vt 0.247846 0.940158
vt 0.447091 0.839561
vt 0.444975 0.850781
vt 0.444975 0.850781
vt 0.444975 0.850781
vt 0.444975 0.850781
vt 0.249945 0.942903
vt 0.443278 0.844180
vt 0.249945 0.942903
vt 0.443278 0.844180
vt 0.241536 0.987724
vt 0.468177 0.959047
vt 0.241536 0.987724
vt 0.241536 0.987724
vt 0.241536 0.987724
vt 0.468177 0.959047
vt 0.481154 0.820736
vt 0.239716 0.929910
vt 0.239716 0.929910
vt 0.481154 0.820736
vt 0.437247 0.967003
vt 0.437247 0.967003
vt 0.251134 0.987807
vt 0.454698 0.972266
vt 0.246610 0.991192
vt 0.454698 0.972266
vt 0.299380 0.942637
vt 0.326442 0.859929
vt 0.299380 0.942637
vt 0.299380 0.942637
vt 0.326442 0.859929
vt 0.286594 0.927870
vt 0.286594 0.927870
vt 0.145326 0.020470
vt 0.145326 0.020470
vt 0.145326 0.020470
vt 0.286594 0.927870
vt 0.509592 0.748278
vt 0.509592 0.748278
vt 0.182702 0.042158
vt 0.474527 0.661703
vt 0.474527 0.661703
vt 0.474527 0.661703
vt 0.474527 0.661703
vt 0.474527 0.661703
vt 0.474527 0.661703
vt 0.552337 0.740427
vt 0.552337 0.740427
vt 0.162689 0.042447
vt 0.162689 0.042447
vt 0.162689 0.042447
vt 0.145338 0.042633
vt 0.145338 0.042633
vt 0.145338 0.042633
vt 0.145338 0.042633
vt 0.303988 0.203749
vt 0.303988 0.203749
vt 0.303988 0.203749
vt 0.303988 0.203749
vt 0.303988 0.203749
vt 0.303988 0.203749
vt 0.402068 0.216863
vt 0.402068 0.216863
vt 0.402068 0.216863
vt 0.402068 0.216863
vt 0.402068 0.216863
vt 0.357710 0.183368
vt 0.357710 0.183368
vt 0.357710 0.183368
vt 0.357710 0.183368
vt 0.357710 0.183368
vt 0.374519 0.188289
vt 0.374519 0.188289
vt 0.374519 0.188289
vt 0.374519 0.188289
vt 0.337795 0.213286
vt 0.337795 0.213286
vt 0.337795 0.213286
vt 0.337795 0.213286
vt 0.359428 0.137189
vt 0.359428 0.137189
vt 0.359428 0.137189
vt 0.359428 0.137189
vt 0.378899 0.138778
vt 0.378899 0.138778
vt 0.378899 0.138778
vt 0.378899 0.138778
vt 0.406696 0.280169
vt 0.406696 0.280169
vt 0.406696 0.280169
vt 0.406696 0.280169
vt 0.454641 0.221735
vt 0.454641 0.221735
vt 0.424088 0.153692
vt 0.454641 0.221735
vt 0.424088 0.153692
vt 0.454641 0.221735
vt 0.446201 0.367726
vt 0.446201 0.367726
vt 0.446201 0.367726
vt 0.446201 0.367726
vt 0.446201 0.367726
vt 0.145581 0.064903
vt 0.046099 0.991678
vt 0.145581 0.064903
vt 0.046099 0.991678
vt 0.162726 0.066721
vt 0.586999 0.698003
vt 0.030767 0.982225
vt 0.030767 0.982225
vt 0.361569 0.110116
vt 0.361569 0.110116
vt 0.361569 0.110116
vt 0.361569 0.110116
vt 0.379235 0.103982
vt 0.379235 0.103982
vt 0.379235 0.103982
vt 0.485868 0.210922
vt 0.485868 0.210922
vt 0.425305 0.119467
vt 0.399292 0.064238
vt 0.399292 0.064238
vt 0.399292 0.064238
vt 0.552283 0.677692
vt 0.552283 0.677692
vt 0.029641 0.964068
vt 0.029641 0.964068
vt 0.029641 0.964068
vt 0.030066 0.818388
vt 0.513587 0.362909
vt 0.513587 0.362909
vt 0.030066 0.818388
vt 0.030066 0.818388
vt 0.542621 0.283689
vt 0.012870 0.790216
vt 0.542621 0.283689
vt 0.482203 0.287694
vt 0.482203 0.287694
vt 0.482203 0.287694
vt 0.482203 0.287694
vt 0.391181 0.023708
vt 0.031490 0.766840
vt 0.031490 0.766840
vt 0.526139 0.204955
vt 0.066950 0.976953
vt 0.066950 0.976953
vt 0.066950 0.976953
vt 0.066950 0.976953
vt 0.066950 0.976953
vt 0.066950 0.976953
vt 0.063588 0.213714
vt 0.063210 0.227474
vt 0.056009 0.239202
vt 0.043904 0.245766
vt 0.030139 0.245392
vt 0.018410 0.238186
vt 0.011853 0.226086
vt 0.012221 0.212321
vt 0.019427 0.200585
vt 0.031533 0.194031
vt 0.045291 0.194403
vt 0.057028 0.201604
vt 0.054610 0.216127
vt 0.054229 0.225076
vt 0.049427 0.232641
vt 0.041487 0.236790
vt 0.032537 0.236410
vt 0.024976 0.231606
vt 0.020826 0.223665
vt 0.021203 0.214715
vt 0.026007 0.207153
vt 0.033948 0.203008
vt 0.042900 0.203384
vt 0.050463 0.208185
vt 0.041181 0.446228
vt 0.041181 0.446228
vt 0.039186 0.520310
vt 0.039186 0.520310
vt 0.033875 0.454469
vt 0.024716 0.457838
vt 0.033875 0.454469
vt 0.040060 0.515498
vt 0.040060 0.515498
vt 0.040060 0.515498
vt 0.040248 0.451037
vt 0.040248 0.451037
vt 0.040248 0.451037
vt 0.046518 0.511976
vt 0.055505 0.508817
vt 0.046518 0.511976
vt 0.062030 0.458585
vt 0.062030 0.458585
vt 0.049108 0.451072
vt 0.024568 0.463901
vt 0.034104 0.460371
vt 0.024568 0.463901
vt 0.034104 0.460371
vt 0.024568 0.463901
vt 0.046720 0.460550
vt 0.056198 0.464475
vt 0.056198 0.464475
vt 0.046720 0.460550
vt 0.056198 0.464475
vt 0.018186 0.508065
vt 0.018186 0.508065
vt 0.031116 0.515576
vt 0.023958 0.502092
vt 0.033644 0.506049
vt 0.023958 0.502092
vt 0.033644 0.506049
vt 0.023958 0.502092
vt 0.055651 0.502728
vt 0.046433 0.506001
vt 0.055651 0.502728
vt 0.055651 0.502728
vt 0.046433 0.506001
vt 0.046909 0.473626
vt 0.046909 0.473626
vt 0.046909 0.473626
vt 0.033565 0.473373
vt 0.033565 0.473373
vt 0.033565 0.473373
vt 0.033278 0.492977
vt 0.033278 0.492977
vt 0.033278 0.492977
vt 0.046657 0.493200
vt 0.046657 0.493200
vt 0.046657 0.493200
vt 0.032422 0.448464
vt 0.018975 0.457744
vt 0.018975 0.457744
vt 0.047960 0.517968
vt 0.061242 0.508904
vt 0.061242 0.508904
vt 0.034065 0.512284
vt 0.023801 0.507948
vt 0.034065 0.512284
vt 0.046160 0.454368
vt 0.046160 0.454368
vt 0.056294 0.458501
vt 0.438096 0.105136
vt 0.444181 0.015711
vt 0.444181 0.015711
vt 0.438096 0.105136
vt 0.450955 0.098416
vt 0.459553 0.017298
vt 0.459553 0.017298
vt 0.450955 0.098416
vt 0.449614 0.085626
vt 0.449614 0.085626
vt 0.449614 0.085626
vt 0.449614 0.085626
vt 0.449614 0.085626
vt 0.437137 0.081510
vt 0.437137 0.081510
vt 0.437137 0.081510
vt 0.424210 0.084344
vt 0.424210 0.084344
vt 0.424210 0.084344
vt 0.424210 0.084344
vt 0.416435 0.024443
vt 0.428895 0.018461
vt 0.428895 0.018461
vt 0.425451 0.098303
vt 0.446026 0.040971
vt 0.446026 0.040971
vt 0.446026 0.040971
vt 0.446026 0.040971
vt 0.438744 0.058463
vt 0.438744 0.058463
vt 0.438744 0.058463
vt 0.427084 0.052377
vt 0.427084 0.052377
vt 0.427084 0.052377
vt 0.427084 0.052377
vt 0.427084 0.052377
vt 0.435179 0.042544
vt 0.435179 0.042544
vt 0.435179 0.042544
vt 0.455511 0.045522
vt 0.455511 0.045522
vt 0.455511 0.045522
vt 0.455511 0.045522
vt 0.451922 0.058041
vt 0.451922 0.058041
vt 0.451922 0.058041
vt 0.451922 0.058041
vt 0.451922 0.058041
vt 0.508671 0.034352
vt 0.508671 0.034352
vt 0.503472 0.089700
vt 0.503472 0.089700
vt 0.501620 0.083642
vt 0.501620 0.083642
vt 0.501620 0.083642
vt 0.501620 0.083642
vt 0.502191 0.061324
vt 0.502191 0.061324
vt 0.502191 0.061324
vt 0.502191 0.061324
vt 0.504214 0.055025
vt 0.504214 0.055025
vt 0.504214 0.055025
vt 0.504214 0.055025
vt 0.525900 0.038239
vt 0.523767 0.083570
vt 0.518318 0.088734
vt 0.517239 0.082979
vt 0.517239 0.082979
vt 0.517239 0.082979
vt 0.518691 0.063573
vt 0.518691 0.063573
vt 0.518691 0.063573
vt 0.520734 0.058104
vt 0.520734 0.058104
vt 0.525155 0.063788
vt 0.747505 0.056781
vt 0.747505 0.056781
vt 0.747505 0.056781
vt 0.747505 0.056781
vt 0.813385 0.079802
vt 0.813385 0.079802
vt 0.740662 0.077486
vt 0.740662 0.077486
vt 0.808805 0.059227
vt 0.808805 0.059227
vt 0.808805 0.059227
vt 0.808805 0.059227
vt 0.796553 0.045138
vt 0.796553 0.045138
vt 0.796553 0.045138
vt 0.796553 0.045138
vt 0.779116 0.039560
vt 0.779116 0.039560
vt 0.779116 0.039560
vt 0.779116 0.039560
vt 0.761232 0.043669
vt 0.761232 0.043669
vt 0.761232 0.043669
vt 0.761232 0.043669
vt 0.733558 0.046804
vt 0.733558 0.046804
vt 0.832124 0.073279
vt 0.723952 0.069501
vt 0.823771 0.049262
vt 0.823771 0.049262
vt 0.805301 0.029868
vt 0.805301 0.029868
vt 0.779225 0.022051
vt 0.779225 0.022051
vt 0.752821 0.028461
vt 0.752821 0.028461
vt 0.744942 0.457098
vt 0.653780 0.423304
vt 0.756087 0.073353
vt 0.799187 0.074078
vt 0.654260 0.405764
vt 0.743582 0.374388
vt 0.758975 0.063493
vt 0.758975 0.063493
vt 0.831982 0.304582
vt 0.757911 0.367146
vt 0.767038 0.055785
vt 0.767038 0.055785
vt 0.847056 0.313564
vt 0.777960 0.052995
vt 0.830553 0.407075
vt 0.777960 0.052995
vt 0.829747 0.423107
vt 0.788846 0.056006
vt 0.848140 0.517870
vt 0.788846 0.056006
vt 0.832992 0.526729
vt 0.796945 0.063994
vt 0.758428 0.465915
vt 0.796945 0.063994
vt 0.760686 0.426248
vt 0.760686 0.426248
vt 0.760686 0.426248
vt 0.760686 0.426248
vt 0.760356 0.407097
vt 0.760356 0.407097
vt 0.760356 0.407097
vt 0.760356 0.407097
vt 0.760356 0.407097
vt 0.760356 0.407097
vt 0.777187 0.396272
vt 0.777187 0.396272
vt 0.777187 0.396272
vt 0.777187 0.396272
vt 0.793894 0.405540
vt 0.793894 0.405540
vt 0.793894 0.405540
vt 0.793894 0.405540
vt 0.793894 0.405540
vt 0.793894 0.405540
vt 0.794851 0.425621
vt 0.794851 0.425621
vt 0.794851 0.425621
vt 0.794851 0.425621
vt 0.778470 0.435851
vt 0.778470 0.435851
vt 0.778470 0.435851
vt 0.778470 0.435851
vt 0.778470 0.435851
vt 0.778470 0.435851
vt 0.820012 0.407918
vt 0.820012 0.407918
vt 0.841702 0.322534
vt 0.841702 0.322534
vt 0.820012 0.407918
vt 0.826627 0.313563
vt 0.761973 0.376699
vt 0.761973 0.376699
vt 0.826627 0.313563
vt 0.761973 0.376699
vt 0.749541 0.383151
vt 0.664702 0.406059
vt 0.749541 0.383151
vt 0.664702 0.406059
vt 0.749541 0.383151
vt 0.664232 0.423593
vt 0.751214 0.448896
vt 0.751214 0.448896
vt 0.664232 0.423593
vt 0.751214 0.448896
vt 0.827723 0.517708
vt 0.763134 0.456359
vt 0.763134 0.456359
vt 0.827723 0.517708
vt 0.763134 0.456359
vt 0.763134 0.456359
vt 0.819410 0.421942
vt 0.842864 0.508845
vt 0.842864 0.508845
vt 0.819410 0.421942
vt 0.819410 0.421942
vt 0.724561 0.408584
vt 0.724561 0.408584
vt 0.724561 0.408584
vt 0.724075 0.424324
vt 0.724075 0.424324
vt 0.724075 0.424324
vt 0.719307 0.447448
vt 0.699070 0.424492
vt 0.699070 0.424492
vt 0.719680 0.386984
vt 0.699421 0.407015
vt 0.699421 0.407015
vt 0.810232 0.373557
vt 0.810232 0.373557
vt 0.810232 0.373557
vt 0.796756 0.365382
vt 0.796756 0.365382
vt 0.796756 0.365382
vt 0.808835 0.343521
vt 0.808835 0.343521
vt 0.778990 0.349769
vt 0.823913 0.352372
vt 0.831420 0.379947
vt 0.823913 0.352372
vt 0.798301 0.465366
vt 0.798301 0.465366
vt 0.798301 0.465366
vt 0.798301 0.465366
vt 0.812067 0.457686
vt 0.812067 0.457686
vt 0.812067 0.457686
vt 0.834432 0.449921
vt 0.825248 0.478800
vt 0.825248 0.478800
vt 0.781473 0.482060
vt 0.810190 0.487701
vt 0.810190 0.487701
vt 0.651788 0.530698
vt 0.635834 0.531913
vt 0.657478 0.468968
vt 0.670203 0.480897
vt 0.679255 0.496866
vt 0.683628 0.516121
vt 0.667961 0.525873
vt 0.651548 0.557543
vt 0.651548 0.557543
vt 0.651548 0.557543
vt 0.651548 0.557543
vt 0.634618 0.559131
vt 0.634618 0.559131
vt 0.634618 0.559131
vt 0.634618 0.559131
vt 0.653038 0.616941
vt 0.653038 0.616941
vt 0.667355 0.442529
vt 0.667355 0.442529
vt 0.669633 0.606043
vt 0.669633 0.606043
vt 0.686995 0.455655
vt 0.686995 0.455655
vt 0.701583 0.472326
vt 0.701583 0.472326
vt 0.678399 0.588122
vt 0.678399 0.588122
vt 0.712887 0.488703
vt 0.677197 0.568963
vt 0.677197 0.568963
vt 0.666439 0.560119
vt 0.666439 0.560119
vt 0.666439 0.560119
vt 0.666439 0.560119
vt 0.600364 0.528319
vt 0.584258 0.519828
vt 0.578299 0.563528
vt 0.578299 0.563528
vt 0.578299 0.563528
vt 0.578299 0.563528
vt 0.596730 0.557355
vt 0.596730 0.557355
vt 0.596730 0.557355
vt 0.596730 0.557355
vt 0.568654 0.506363
vt 0.566376 0.570291
vt 0.566376 0.570291
vt 0.539868 0.461507
vt 0.566376 0.570291
vt 0.577211 0.487291
vt 0.554757 0.448957
vt 0.554757 0.448957
vt 0.564447 0.588884
vt 0.589128 0.473050
vt 0.571862 0.436571
vt 0.571862 0.436571
vt 0.571446 0.606222
vt 0.571446 0.606222
vt 0.604152 0.463558
vt 0.586707 0.618497
vt 0.586707 0.618497
vt 0.591772 0.427308
vt 0.591772 0.427308
vt 0.620269 0.461483
vt 0.609780 0.621610
vt 0.617790 0.430604
vt 0.609780 0.621610
vt 0.617790 0.430604
vt 0.636997 0.521822
vt 0.652070 0.480242
vt 0.620658 0.470860
vt 0.606739 0.472237
vt 0.594075 0.479489
vt 0.584746 0.491265
vt 0.581092 0.504278
vt 0.591040 0.514354
vt 0.603637 0.520322
vt 0.627702 0.514695
vt 0.638214 0.506796
vt 0.636924 0.494348
vt 0.626859 0.486486
vt 0.613965 0.487486
vt 0.604194 0.496119
vt 0.604192 0.506759
vt 0.614133 0.514243
vt 0.654023 0.507044
vt 0.629500 0.501581
vt 0.621238 0.495007
vt 0.613484 0.501614
vt 0.621499 0.507996
vt 0.885952 0.628397
vt 0.985418 0.627727
vt 0.972985 0.627811
vt 0.960552 0.627895
vt 0.948118 0.627978
vt 0.935685 0.628062
vt 0.923252 0.628146
vt 0.910819 0.628230
vt 0.898386 0.628313
vt 0.983811 0.389264
vt 0.884345 0.389934
vt 0.971378 0.389348
vt 0.958944 0.389432
vt 0.946511 0.389515
vt 0.934078 0.389599
vt 0.921645 0.389683
vt 0.909212 0.389767
vt 0.896778 0.389851
vt 0.444181 0.015711
vt 0.438096 0.105136
vt 0.444181 0.015711
vt 0.438096 0.105136
vt 0.459553 0.017298
vt 0.450955 0.098416
vt 0.459553 0.017298
vt 0.450955 0.098416
vt 0.449614 0.085626
vt 0.449614 0.085626
vt 0.449614 0.085626
vt 0.449614 0.085626
vt 0.449614 0.085626
vt 0.437137 0.081510
vt 0.437137 0.081510
vt 0.437137 0.081510
vt 0.416435 0.024443
vt 0.424210 0.084344
vt 0.424210 0.084344
vt 0.424210 0.084344
vt 0.424210 0.084344
vt 0.428895 0.018461
vt 0.425451 0.098303
vt 0.428895 0.018461
vt 0.446026 0.040971
vt 0.446026 0.040971
vt 0.446026 0.040971
vt 0.446026 0.040971
vt 0.438744 0.058463
vt 0.438744 0.058463
vt 0.438744 0.058463
vt 0.427084 0.052377
vt 0.427084 0.052377
vt 0.427084 0.052377
vt 0.427084 0.052377
vt 0.427084 0.052377
vt 0.435179 0.042544
vt 0.435179 0.042544
vt 0.435179 0.042544
vt 0.455511 0.045522
vt 0.455511 0.045522
vt 0.455511 0.045522
vt 0.455511 0.045522
vt 0.451922 0.058041
vt 0.451922 0.058041
vt 0.451922 0.058041
vt 0.451922 0.058041
vt 0.451922 0.058041
vt 0.508671 0.034352
vt 0.503472 0.089700
vt 0.508671 0.034352
vt 0.503472 0.089700
vt 0.501620 0.083642
vt 0.501620 0.083642
vt 0.501620 0.083642
vt 0.501620 0.083642
vt 0.502191 0.061324
vt 0.502191 0.061324
vt 0.502191 0.061324
vt 0.502191 0.061324
vt 0.504214 0.055025
vt 0.504214 0.055025
vt 0.504214 0.055025
vt 0.504214 0.055025
vt 0.518318 0.088734
vt 0.525900 0.038239
vt 0.523767 0.083570
vt 0.517239 0.082979
vt 0.517239 0.082979
vt 0.517239 0.082979
vt 0.518691 0.063573
vt 0.518691 0.063573
vt 0.518691 0.063573
vt 0.520734 0.058104
vt 0.520734 0.058104
vt 0.525155 0.063788
vt 0.633145 0.979352
vt 0.633145 0.979352
vt 0.619624 0.981981
vt 0.598202 0.923073
vt 0.598202 0.923073
vt 0.603769 0.906762
vt 0.617703 0.894831
vt 0.631513 0.894336
vt 0.631513 0.894336
vt 0.645511 0.894804
vt 0.659132 0.905838
vt 0.646984 0.981271
vt 0.665193 0.921751
vt 0.665193 0.921751
vt 0.617120 0.927659
vt 0.617120 0.927659
vt 0.617120 0.927659
vt 0.617120 0.927659
vt 0.617120 0.927659
vt 0.617120 0.927659
vt 0.618708 0.912032
vt 0.618708 0.912032
vt 0.618708 0.912032
vt 0.618708 0.912032
vt 0.631513 0.902773
vt 0.631513 0.902773
vt 0.631513 0.902773
vt 0.644401 0.911928
vt 0.644401 0.911928
vt 0.644401 0.911928
vt 0.644401 0.911928
vt 0.646447 0.926901
vt 0.646447 0.926901
vt 0.646447 0.926901
vt 0.646447 0.926901
vt 0.646447 0.926901
vt 0.632762 0.964456
vt 0.632762 0.964456
vt 0.632762 0.964456
vt 0.632762 0.964456
vt 0.619452 0.962857
vt 0.600420 0.940069
vt 0.619452 0.962857
vt 0.600420 0.940069
vt 0.618791 0.941411
vt 0.618791 0.941411
vt 0.618791 0.941411
vt 0.618791 0.941411
vt 0.632244 0.940458
vt 0.632244 0.940458
vt 0.632244 0.940458
vt 0.632244 0.940458
vt 0.645284 0.940733
vt 0.645284 0.940733
vt 0.645284 0.940733
vt 0.645284 0.940733
vt 0.645850 0.962092
vt 0.645850 0.962092
vt 0.663598 0.938798
vt 0.619036 0.934935
vt 0.619036 0.934935
vt 0.619036 0.934935
vt 0.619036 0.934935
vt 0.632149 0.938980
vt 0.632149 0.938980
vt 0.632149 0.938980
vt 0.643863 0.933973
vt 0.643863 0.933973
vt 0.643863 0.933973
vt 0.643863 0.933973
vt 0.930848 0.736247
vt 0.930848 0.736247
vt 0.977731 0.736381
vt 0.913678 0.739991
vt 0.963440 0.735780
vt 0.963440 0.735780
vt 0.932606 0.750431
vt 0.932606 0.750431
vt 0.932606 0.750431
vt 0.932606 0.750431
vt 0.947548 0.750379
vt 0.947548 0.750379
vt 0.947548 0.750379
vt 0.947548 0.750379
vt 0.916633 0.754376
vt 0.916633 0.754376
vt 0.977737 0.751532
vt 0.977737 0.751532
vt 0.961791 0.750768
vt 0.961791 0.750768
vt 0.961791 0.750768
vt 0.961791 0.750768
vt 0.932150 0.760313
vt 0.932150 0.760313
vt 0.932150 0.760313
vt 0.932150 0.760313
vt 0.950424 0.759933
vt 0.950424 0.759933
vt 0.950424 0.759933
vt 0.950424 0.759933
vt 0.950424 0.759933
vt 0.957870 0.760107
vt 0.957870 0.760107
vt 0.957870 0.760107
vt 0.957870 0.760107
vt 0.957870 0.760107
vt 0.924763 0.761395
vt 0.975663 0.761437
vt 0.975663 0.761437
vt 0.924763 0.761395
vt 0.932494 0.785198
vt 0.932494 0.785198
vt 0.932494 0.785198
vt 0.932494 0.785198
vt 0.932494 0.785198
vt 0.974310 0.786254
vt 0.974310 0.786254
vt 0.974310 0.786254
vt 0.925259 0.784158
vt 0.925259 0.784158
vt 0.923946 0.919265
vt 0.923946 0.919265
vt 0.923946 0.919265
vt 0.923946 0.919265
vt 0.923946 0.919265
vt 0.944400 0.971660
vt 0.944400 0.971660
vt 0.944400 0.971660
vt 0.944400 0.971660
vt 0.951732 0.971878
vt 0.944125 0.979007
vt 0.951732 0.971878
vt 0.951732 0.971878
vt 0.916522 0.919538
vt 0.975148 0.920775
vt 0.975148 0.920775
vt 0.916522 0.919538
vt 0.975148 0.920775
vt 0.922523 0.970959
vt 0.922523 0.970959
vt 0.922523 0.970959
vt 0.973649 0.972513
vt 0.915217 0.970758
vt 0.922246 0.978282
vt 0.982752 0.821850
vt 0.914891 0.819409
vt 0.914891 0.819409
vt 0.922122 0.820202
vt 0.922122 0.820202
vt 0.922122 0.820202
vt 0.919845 0.901007
vt 0.919845 0.901007
vt 0.919845 0.901007
vt 0.912546 0.901099
vt 0.912546 0.901099
vt 0.980355 0.902796
vt 0.945715 0.735720
vt 0.945715 0.735720
vt 0.930848 0.736247
vt 0.930848 0.736247
vt 0.977731 0.736381
vt 0.913678 0.739991
vt 0.963440 0.735780
vt 0.963440 0.735780
vt 0.932606 0.750431
vt 0.932606 0.750431
vt 0.932606 0.750431
vt 0.932606 0.750431
vt 0.947548 0.750379
vt 0.947548 0.750379
vt 0.947548 0.750379
vt 0.947548 0.750379
vt 0.977737 0.751532
vt 0.977737 0.751532
vt 0.916633 0.754376
vt 0.916633 0.754376
vt 0.961791 0.750768
vt 0.961791 0.750768
vt 0.961791 0.750768
vt 0.961791 0.750768
vt 0.932150 0.760313
vt 0.932150 0.760313
vt 0.932150 0.760313
vt 0.932150 0.760313
vt 0.950424 0.759933
vt 0.950424 0.759933
vt 0.950424 0.759933
vt 0.950424 0.759933
vt 0.950424 0.759933
vt 0.957870 0.760107
vt 0.957870 0.760107
vt 0.957870 0.760107
vt 0.957870 0.760107
vt 0.957870 0.760107
vt 0.975663 0.761437
vt 0.924763 0.761395
vt 0.924763 0.761395
vt 0.975663 0.761437
vt 0.932494 0.785198
vt 0.932494 0.785198
vt 0.932494 0.785198
vt 0.932494 0.785198
vt 0.932494 0.785198
vt 0.974310 0.786254
vt 0.974310 0.786254
vt 0.925259 0.784158
vt 0.925259 0.784158
vt 0.974310 0.786254
vt 0.923946 0.919265
vt 0.923946 0.919265
vt 0.923946 0.919265
vt 0.923946 0.919265
vt 0.923946 0.919265
vt 0.944400 0.971660
vt 0.944400 0.971660
vt 0.944400 0.971660
vt 0.944400 0.971660
vt 0.951732 0.971878
vt 0.951732 0.971878
vt 0.951732 0.971878
vt 0.944125 0.979007
vt 0.916522 0.919538
vt 0.975148 0.920775
vt 0.975148 0.920775
vt 0.916522 0.919538
vt 0.975148 0.920775
vt 0.922523 0.970959
vt 0.922523 0.970959
vt 0.922523 0.970959
vt 0.973649 0.972513
vt 0.915217 0.970758
vt 0.922246 0.978282
vt 0.914891 0.819409
vt 0.914891 0.819409
vt 0.982752 0.821850
vt 0.922122 0.820202
vt 0.922122 0.820202
vt 0.922122 0.820202
vt 0.919845 0.901007
vt 0.919845 0.901007
vt 0.919845 0.901007
vt 0.912546 0.901099
vt 0.912546 0.901099
vt 0.980355 0.902796
vt 0.945715 0.735720
vt 0.945715 0.735720
vt 0.813225 0.279019
vt 0.785787 0.307977
vt 0.745993 0.309770
vt 0.716195 0.282612
vt 0.714229 0.242081
vt 0.741915 0.211855
vt 0.782825 0.210730
vt 0.812236 0.238779
vt 0.796662 0.270750
vt 0.777986 0.290931
vt 0.750618 0.291834
vt 0.730677 0.273083
vt 0.729755 0.245904
vt 0.748454 0.226151
vt 0.775541 0.224956
vt 0.795557 0.243508
vt 0.774765 0.269284
vt 0.752326 0.269989
vt 0.751655 0.247669
vt 0.773993 0.246872
vt 0.813225 0.279019
vt 0.785787 0.307977
vt 0.745993 0.309770
vt 0.716195 0.282612
vt 0.714229 0.242081
vt 0.741915 0.211855
vt 0.782825 0.210730
vt 0.812236 0.238779
vt 0.796662 0.270750
vt 0.777986 0.290931
vt 0.750618 0.291834
vt 0.730677 0.273083
vt 0.729755 0.245904
vt 0.748454 0.226151
vt 0.775541 0.224956
vt 0.795557 0.243508
vt 0.774765 0.269284
vt 0.752326 0.269989
vt 0.751655 0.247669
vt 0.773993 0.246872
vt 0.930848 0.736247
vt 0.930848 0.736247
vt 0.913678 0.739991
vt 0.977731 0.736381
vt 0.963440 0.735780
vt 0.963440 0.735780
vt 0.932606 0.750431
vt 0.932606 0.750431
vt 0.932606 0.750431
vt 0.932606 0.750431
vt 0.947548 0.750379
vt 0.947548 0.750379
vt 0.947548 0.750379
vt 0.947548 0.750379
vt 0.916633 0.754376
vt 0.977737 0.751532
vt 0.977737 0.751532
vt 0.916633 0.754376
vt 0.961791 0.750768
vt 0.961791 0.750768
vt 0.961791 0.750768
vt 0.961791 0.750768
vt 0.932150 0.760313
vt 0.932150 0.760313
vt 0.932150 0.760313
vt 0.932150 0.760313
vt 0.950424 0.759933
vt 0.950424 0.759933
vt 0.950424 0.759933
vt 0.950424 0.759933
vt 0.950424 0.759933
vt 0.957870 0.760107
vt 0.957870 0.760107
vt 0.957870 0.760107
vt 0.957870 0.760107
vt 0.957870 0.760107
vt 0.975663 0.761437
vt 0.975663 0.761437
vt 0.924763 0.761395
vt 0.924763 0.761395
vt 0.932494 0.785198
vt 0.932494 0.785198
vt 0.932494 0.785198
vt 0.932494 0.785198
vt 0.932494 0.785198
vt 0.974310 0.786254
vt 0.974310 0.786254
vt 0.974310 0.786254
vt 0.925259 0.784158
vt 0.925259 0.784158
vt 0.923946 0.919265
vt 0.923946 0.919265
vt 0.923946 0.919265
vt 0.923946 0.919265
vt 0.923946 0.919265
vt 0.944400 0.971660
vt 0.944400 0.971660
vt 0.944400 0.971660
vt 0.944400 0.971660
vt 0.951732 0.971878
vt 0.951732 0.971878
vt 0.944125 0.979007
vt 0.951732 0.971878
vt 0.975148 0.920775
vt 0.916522 0.919538
vt 0.916522 0.919538
vt 0.975148 0.920775
vt 0.975148 0.920775
vt 0.922523 0.970959
vt 0.922523 0.970959
vt 0.922523 0.970959
vt 0.973649 0.972513
vt 0.922246 0.978282
vt 0.915217 0.970758
vt 0.914891 0.819409
vt 0.914891 0.819409
vt 0.982752 0.821850
vt 0.922122 0.820202
vt 0.922122 0.820202
vt 0.922122 0.820202
vt 0.919845 0.901007
vt 0.919845 0.901007
vt 0.919845 0.901007
vt 0.912546 0.901099
vt 0.912546 0.901099
vt 0.980355 0.902796
vt 0.945715 0.735720
vt 0.945715 0.735720
vt 0.804478 0.539957
vt 0.804478 0.539957
vt 0.912094 0.644934
vt 0.912094 0.644934
vt 0.819654 0.960697
vt 0.892376 0.878302
vt 0.802184 0.637554
vt 0.815463 0.647284
vt 0.815463 0.647284
vt 0.802184 0.637554
vt 0.815463 0.647284
vt 0.782096 0.889077
vt 0.782096 0.889077
vt 0.782096 0.889077
vt 0.782096 0.889077
vt 0.782096 0.889077
vt 0.770540 0.972163
vt 0.770540 0.972163
vt 0.770540 0.972163
vt 0.770540 0.972163
vt 0.781283 0.676451
vt 0.781283 0.676451
vt 0.781283 0.676451
vt 0.891066 0.672099
vt 0.891066 0.672099
vt 0.891066 0.672099
vt 0.801715 0.652208
vt 0.801715 0.652208
vt 0.801715 0.652208
vt 0.801715 0.652208
vt 0.801896 0.880429
vt 0.801896 0.880429
vt 0.801896 0.880429
vt 0.801896 0.880429
vt 0.801896 0.880429
vt 0.801896 0.880429
vt 0.792954 0.881845
vt 0.792954 0.881845
vt 0.792954 0.881845
vt 0.792971 0.666068
vt 0.792971 0.666068
vt 0.792971 0.666068
vt 0.792971 0.666068
vt 0.912794 0.671578
vt 0.804247 0.513309
vt 0.760964 0.954107
vt 0.760964 0.954107
vt 0.760964 0.954107
vt 0.760964 0.954107
vt 0.761997 0.985366
vt 0.761997 0.985366
vt 0.757710 0.966606
vt 0.757710 0.966606
vt 0.757710 0.966606
vt 0.757710 0.966606
vt 0.738854 0.973772
vt 0.738854 0.973772
vt 0.738854 0.973772
vt 0.738854 0.973772
vt 0.689611 0.961747
vt 0.616495 0.877847
vt 0.617884 0.672387
vt 0.617884 0.672387
vt 0.617884 0.672387
vt 0.750077 0.986809
vt 0.750077 0.986809
vt 0.706662 0.638165
vt 0.693490 0.647827
vt 0.693490 0.647827
vt 0.706662 0.638165
vt 0.693490 0.647827
vt 0.703085 0.540548
vt 0.596886 0.645180
vt 0.596886 0.645180
vt 0.703085 0.540548
vt 0.707231 0.652778
vt 0.707231 0.652778
vt 0.707231 0.652778
vt 0.707231 0.652778
vt 0.706994 0.879913
vt 0.706994 0.879913
vt 0.706994 0.879913
vt 0.706994 0.879913
vt 0.706994 0.879913
vt 0.706994 0.879913
vt 0.715961 0.881339
vt 0.715961 0.881339
vt 0.715961 0.881339
vt 0.715823 0.666608
vt 0.715823 0.666608
vt 0.715823 0.666608
vt 0.715823 0.666608
vt 0.727509 0.677206
vt 0.727509 0.677206
vt 0.727509 0.677206
vt 0.726853 0.888575
vt 0.726853 0.888575
vt 0.726853 0.888575
vt 0.726853 0.888575
vt 0.726853 0.888575
vt 0.596158 0.671836
vt 0.703015 0.513896
vt 0.754422 0.652564
vt 0.754422 0.652564
vt 0.748092 0.954707
vt 0.748092 0.954707
vt 0.748092 0.954707
vt 0.748092 0.954707
vt 0.752105 0.967302
vt 0.752105 0.967302
vt 0.752105 0.967302
vt 0.752105 0.967302
vt 0.633145 0.979352
vt 0.633145 0.979352
vt 0.619624 0.981981
vt 0.598202 0.923073
vt 0.598202 0.923073
vt 0.603769 0.906762
vt 0.617703 0.894831
vt 0.631513 0.894336
vt 0.631513 0.894336
vt 0.645511 0.894804
vt 0.659132 0.905838
vt 0.646984 0.981271
vt 0.665193 0.921751
vt 0.665193 0.921751
vt 0.617120 0.927659
vt 0.617120 0.927659
vt 0.617120 0.927659
vt 0.617120 0.927659
vt 0.617120 0.927659
vt 0.617120 0.927659
vt 0.618708 0.912032
vt 0.618708 0.912032
vt 0.618708 0.912032
vt 0.618708 0.912032
vt 0.631513 0.902773
vt 0.631513 0.902773
vt 0.631513 0.902773
vt 0.644401 0.911928
vt 0.644401 0.911928
vt 0.644401 0.911928
vt 0.644401 0.911928
vt 0.646447 0.926901
vt 0.646447 0.926901
vt 0.646447 0.926901
vt 0.646447 0.926901
vt 0.646447 0.926901
vt 0.632762 0.964456
vt 0.632762 0.964456
vt 0.632762 0.964456
vt 0.632762 0.964456
vt 0.600420 0.940069
vt 0.600420 0.940069
vt 0.619452 0.962857
vt 0.619452 0.962857
vt 0.618791 0.941411
vt 0.618791 0.941411
vt 0.618791 0.941411
vt 0.618791 0.941411
vt 0.632244 0.940458
vt 0.632244 0.940458
vt 0.632244 0.940458
vt 0.632244 0.940458
vt 0.645284 0.940733
vt 0.645284 0.940733
vt 0.645284 0.940733
vt 0.645284 0.940733
vt 0.645850 0.962092
vt 0.645850 0.962092
vt 0.663598 0.938798
vt 0.619036 0.934935
vt 0.619036 0.934935
vt 0.619036 0.934935
vt 0.619036 0.934935
vt 0.632149 0.938980
vt 0.632149 0.938980
vt 0.632149 0.938980
vt 0.643863 0.933973
vt 0.643863 0.933973
vt 0.643863 0.933973
vt 0.643863 0.933973
vt 0.444181 0.015711
vt 0.438096 0.105136
vt 0.438096 0.105136
vt 0.444181 0.015711
vt 0.450955 0.098416
vt 0.450955 0.098416
vt 0.459553 0.017298
vt 0.459553 0.017298
vt 0.449614 0.085626
vt 0.449614 0.085626
vt 0.449614 0.085626
vt 0.449614 0.085626
vt 0.449614 0.085626
vt 0.437137 0.081510
vt 0.437137 0.081510
vt 0.437137 0.081510
vt 0.424210 0.084344
vt 0.424210 0.084344
vt 0.416435 0.024443
vt 0.424210 0.084344
vt 0.424210 0.084344
vt 0.425451 0.098303
vt 0.428895 0.018461
vt 0.428895 0.018461
vt 0.446026 0.040971
vt 0.446026 0.040971
vt 0.446026 0.040971
vt 0.446026 0.040971
vt 0.438744 0.058463
vt 0.438744 0.058463
vt 0.438744 0.058463
vt 0.427084 0.052377
vt 0.427084 0.052377
vt 0.427084 0.052377
vt 0.427084 0.052377
vt 0.427084 0.052377
vt 0.435179 0.042544
vt 0.435179 0.042544
vt 0.435179 0.042544
vt 0.455511 0.045522
vt 0.455511 0.045522
vt 0.455511 0.045522
vt 0.455511 0.045522
vt 0.451922 0.058041
vt 0.451922 0.058041
vt 0.451922 0.058041
vt 0.451922 0.058041
vt 0.451922 0.058041
vt 0.503472 0.089700
vt 0.508671 0.034352
vt 0.508671 0.034352
vt 0.503472 0.089700
vt 0.501620 0.083642
vt 0.501620 0.083642
vt 0.501620 0.083642
vt 0.501620 0.083642
vt 0.502191 0.061324
vt 0.502191 0.061324
vt 0.502191 0.061324
vt 0.502191 0.061324
vt 0.504214 0.055025
vt 0.504214 0.055025
vt 0.504214 0.055025
vt 0.504214 0.055025
vt 0.518318 0.088734
vt 0.525900 0.038239
vt 0.523767 0.083570
vt 0.517239 0.082979
vt 0.517239 0.082979
vt 0.517239 0.082979
vt 0.518691 0.063573
vt 0.518691 0.063573
vt 0.518691 0.063573
vt 0.525155 0.063788
vt 0.520734 0.058104
vt 0.520734 0.058104
vt 0.747505 0.056781
vt 0.747505 0.056781
vt 0.747505 0.056781
vt 0.747505 0.056781
vt 0.813385 0.079802
vt 0.813385 0.079802
vt 0.740662 0.077486
vt 0.740662 0.077486
vt 0.808805 0.059227
vt 0.808805 0.059227
vt 0.808805 0.059227
vt 0.808805 0.059227
vt 0.796553 0.045138
vt 0.796553 0.045138
vt 0.796553 0.045138
vt 0.796553 0.045138
vt 0.779116 0.039560
vt 0.779116 0.039560
vt 0.779116 0.039560
vt 0.779116 0.039560
vt 0.761232 0.043669
vt 0.761232 0.043669
vt 0.761232 0.043669
vt 0.761232 0.043669
vt 0.733558 0.046804
vt 0.733558 0.046804
vt 0.832124 0.073279
vt 0.723952 0.069501
vt 0.823771 0.049262
vt 0.823771 0.049262
vt 0.805301 0.029868
vt 0.805301 0.029868
vt 0.779225 0.022051
vt 0.779225 0.022051
vt 0.752821 0.028461
vt 0.752821 0.028461
vt 0.653780 0.423304
vt 0.756087 0.073353
vt 0.744942 0.457098
vt 0.799187 0.074078
vt 0.758975 0.063493
vt 0.654260 0.405764
vt 0.758975 0.063493
vt 0.743582 0.374388
vt 0.831982 0.304582
vt 0.767038 0.055785
vt 0.757911 0.367146
vt 0.767038 0.055785
vt 0.777960 0.052995
vt 0.847056 0.313564
vt 0.830553 0.407075
vt 0.777960 0.052995
vt 0.788846 0.056006
vt 0.848140 0.517870
vt 0.788846 0.056006
vt 0.829747 0.423107
vt 0.796945 0.063994
vt 0.832992 0.526729
vt 0.758428 0.465915
vt 0.796945 0.063994
vt 0.760686 0.426248
vt 0.760686 0.426248
vt 0.760686 0.426248
vt 0.760686 0.426248
vt 0.760356 0.407097
vt 0.760356 0.407097
vt 0.760356 0.407097
vt 0.760356 0.407097
vt 0.760356 0.407097
vt 0.760356 0.407097
vt 0.777187 0.396272
vt 0.777187 0.396272
vt 0.777187 0.396272
vt 0.777187 0.396272
vt 0.793894 0.405540
vt 0.793894 0.405540
vt 0.793894 0.405540
vt 0.793894 0.405540
vt 0.793894 0.405540
vt 0.793894 0.405540
vt 0.794851 0.425621
vt 0.794851 0.425621
vt 0.794851 0.425621
vt 0.794851 0.425621
vt 0.778470 0.435851
vt 0.778470 0.435851
vt 0.778470 0.435851
vt 0.778470 0.435851
vt 0.778470 0.435851
vt 0.778470 0.435851
vt 0.820012 0.407918
vt 0.841702 0.322534
vt 0.820012 0.407918
vt 0.820012 0.407918
vt 0.841702 0.322534
vt 0.761973 0.376699
vt 0.761973 0.376699
vt 0.761973 0.376699
vt 0.826627 0.313563
vt 0.826627 0.313563
vt 0.749541 0.383151
vt 0.664702 0.406059
vt 0.749541 0.383151
vt 0.749541 0.383151
vt 0.664702 0.406059
vt 0.751214 0.448896
vt 0.664232 0.423593
vt 0.751214 0.448896
vt 0.751214 0.448896
vt 0.664232 0.423593
vt 0.827723 0.517708
vt 0.763134 0.456359
vt 0.763134 0.456359
vt 0.827723 0.517708
vt 0.763134 0.456359
vt 0.763134 0.456359
vt 0.842864 0.508845
vt 0.819410 0.421942
vt 0.819410 0.421942
vt 0.842864 0.508845
vt 0.819410 0.421942
vt 0.724561 0.408584
vt 0.724561 0.408584
vt 0.724561 0.408584
vt 0.724075 0.424324
vt 0.724075 0.424324
vt 0.724075 0.424324
vt 0.719307 0.447448
vt 0.699070 0.424492
vt 0.699070 0.424492
vt 0.699421 0.407015
vt 0.719680 0.386984
vt 0.699421 0.407015
vt 0.810232 0.373557
vt 0.810232 0.373557
vt 0.810232 0.373557
vt 0.796756 0.365382
vt 0.796756 0.365382
vt 0.796756 0.365382
vt 0.808835 0.343521
vt 0.778990 0.349769
vt 0.808835 0.343521
vt 0.831420 0.379947
vt 0.823913 0.352372
vt 0.823913 0.352372
vt 0.798301 0.465366
vt 0.798301 0.465366
vt 0.798301 0.465366
vt 0.798301 0.465366
vt 0.812067 0.457686
vt 0.812067 0.457686
vt 0.812067 0.457686
vt 0.825248 0.478800
vt 0.825248 0.478800
vt 0.834432 0.449921
vt 0.781473 0.482060
vt 0.810190 0.487701
vt 0.810190 0.487701
vt 0.651788 0.530698
vt 0.635834 0.531913
vt 0.657478 0.468968
vt 0.670203 0.480897
vt 0.679255 0.496866
vt 0.683628 0.516121
vt 0.667961 0.525873
vt 0.651548 0.557543
vt 0.651548 0.557543
vt 0.651548 0.557543
vt 0.651548 0.557543
vt 0.634618 0.559131
vt 0.634618 0.559131
vt 0.634618 0.559131
vt 0.634618 0.559131
vt 0.667355 0.442529
vt 0.653038 0.616941
vt 0.653038 0.616941
vt 0.667355 0.442529
vt 0.686995 0.455655
vt 0.669633 0.606043
vt 0.686995 0.455655
vt 0.669633 0.606043
vt 0.678399 0.588122
vt 0.701583 0.472326
vt 0.678399 0.588122
vt 0.701583 0.472326
vt 0.712887 0.488703
vt 0.677197 0.568963
vt 0.677197 0.568963
vt 0.666439 0.560119
vt 0.666439 0.560119
vt 0.666439 0.560119
vt 0.666439 0.560119
vt 0.600364 0.528319
vt 0.584258 0.519828
vt 0.578299 0.563528
vt 0.578299 0.563528
vt 0.578299 0.563528
vt 0.578299 0.563528
vt 0.596730 0.557355
vt 0.596730 0.557355
vt 0.596730 0.557355
vt 0.596730 0.557355
vt 0.568654 0.506363
vt 0.539868 0.461507
vt 0.566376 0.570291
vt 0.566376 0.570291
vt 0.566376 0.570291
vt 0.577211 0.487291
vt 0.564447 0.588884
vt 0.554757 0.448957
vt 0.554757 0.448957
vt 0.589128 0.473050
vt 0.571446 0.606222
vt 0.571446 0.606222
vt 0.571862 0.436571
vt 0.571862 0.436571
vt 0.604152 0.463558
vt 0.586707 0.618497
vt 0.591772 0.427308
vt 0.591772 0.427308
vt 0.586707 0.618497
vt 0.620269 0.461483
vt 0.617790 0.430604
vt 0.609780 0.621610
vt 0.617790 0.430604
vt 0.609780 0.621610
vt 0.636997 0.521822
vt 0.652070 0.480242
vt 0.620658 0.470860
vt 0.606739 0.472237
vt 0.594075 0.479489
vt 0.584746 0.491265
vt 0.581092 0.504278
vt 0.591040 0.514354
vt 0.603637 0.520322
vt 0.627702 0.514695
vt 0.638214 0.506796
vt 0.636924 0.494348
vt 0.626859 0.486486
vt 0.613965 0.487486
vt 0.604194 0.496119
vt 0.604192 0.506759
vt 0.614133 0.514243
vt 0.654023 0.507044
vt 0.629500 0.501581
vt 0.621238 0.495007
vt 0.613484 0.501614
vt 0.621499 0.507996
vt 0.985418 0.627727
vt 0.885952 0.628397
vt 0.972985 0.627811
vt 0.960552 0.627895
vt 0.948118 0.627978
vt 0.935685 0.628062
vt 0.923252 0.628146
vt 0.910819 0.628230
vt 0.898386 0.628313
vt 0.983811 0.389264
vt 0.884345 0.389934
vt 0.971378 0.389348
vt 0.958944 0.389432
vt 0.946511 0.389515
vt 0.934078 0.389599
vt 0.921645 0.389683
vt 0.909212 0.389767
vt 0.896778 0.389851
vt 0.444181 0.015711
vt 0.444181 0.015711
vt 0.438096 0.105136
vt 0.438096 0.105136
vt 0.450955 0.098416
vt 0.450955 0.098416
vt 0.459553 0.017298
vt 0.459553 0.017298
vt 0.449614 0.085626
vt 0.449614 0.085626
vt 0.449614 0.085626
vt 0.449614 0.085626
vt 0.449614 0.085626
vt 0.437137 0.081510
vt 0.437137 0.081510
vt 0.437137 0.081510
vt 0.416435 0.024443
vt 0.424210 0.084344
vt 0.424210 0.084344
vt 0.424210 0.084344
vt 0.424210 0.084344
vt 0.428895 0.018461
vt 0.425451 0.098303
vt 0.428895 0.018461
vt 0.446026 0.040971
vt 0.446026 0.040971
vt 0.446026 0.040971
vt 0.446026 0.040971
vt 0.438744 0.058463
vt 0.438744 0.058463
vt 0.438744 0.058463
vt 0.427084 0.052377
vt 0.427084 0.052377
vt 0.427084 0.052377
vt 0.427084 0.052377
vt 0.427084 0.052377
vt 0.435179 0.042544
vt 0.435179 0.042544
vt 0.435179 0.042544
vt 0.455511 0.045522
vt 0.455511 0.045522
vt 0.455511 0.045522
vt 0.455511 0.045522
vt 0.451922 0.058041
vt 0.451922 0.058041
vt 0.451922 0.058041
vt 0.451922 0.058041
vt 0.451922 0.058041
vt 0.503472 0.089700
vt 0.508671 0.034352
vt 0.508671 0.034352
vt 0.503472 0.089700
vt 0.501620 0.083642
vt 0.501620 0.083642
vt 0.501620 0.083642
vt 0.501620 0.083642
vt 0.502191 0.061324
vt 0.502191 0.061324
vt 0.502191 0.061324
vt 0.502191 0.061324
vt 0.504214 0.055025
vt 0.504214 0.055025
vt 0.504214 0.055025
vt 0.504214 0.055025
vt 0.525900 0.038239
vt 0.523767 0.083570
vt 0.518318 0.088734
vt 0.517239 0.082979
vt 0.517239 0.082979
vt 0.517239 0.082979
vt 0.518691 0.063573
vt 0.518691 0.063573
vt 0.518691 0.063573
vt 0.520734 0.058104
vt 0.520734 0.058104
vt 0.525155 0.063788
vt 0.633145 0.979352
vt 0.633145 0.979352
vt 0.598202 0.923073
vt 0.619624 0.981981
vt 0.598202 0.923073
vt 0.603769 0.906762
vt 0.617703 0.894831
vt 0.631513 0.894336
vt 0.631513 0.894336
vt 0.659132 0.905838
vt 0.645511 0.894804
vt 0.665193 0.921751
vt 0.646984 0.981271
vt 0.665193 0.921751
vt 0.617120 0.927659
vt 0.617120 0.927659
vt 0.617120 0.927659
vt 0.617120 0.927659
vt 0.617120 0.927659
vt 0.617120 0.927659
vt 0.618708 0.912032
vt 0.618708 0.912032
vt 0.618708 0.912032
vt 0.618708 0.912032
vt 0.631513 0.902773
vt 0.631513 0.902773
vt 0.631513 0.902773
vt 0.644401 0.911928
vt 0.644401 0.911928
vt 0.644401 0.911928
vt 0.644401 0.911928
vt 0.646447 0.926901
vt 0.646447 0.926901
vt 0.646447 0.926901
vt 0.646447 0.926901
vt 0.646447 0.926901
vt 0.632762 0.964456
vt 0.632762 0.964456
vt 0.632762 0.964456
vt 0.632762 0.964456
vt 0.600420 0.940069
vt 0.619452 0.962857
vt 0.619452 0.962857
vt 0.600420 0.940069
vt 0.618791 0.941411
vt 0.618791 0.941411
vt 0.618791 0.941411
vt 0.618791 0.941411
vt 0.632244 0.940458
vt 0.632244 0.940458
vt 0.632244 0.940458
vt 0.632244 0.940458
vt 0.645284 0.940733
vt 0.645284 0.940733
vt 0.645284 0.940733
vt 0.645284 0.940733
vt 0.663598 0.938798
vt 0.645850 0.962092
vt 0.645850 0.962092
vt 0.619036 0.934935
vt 0.619036 0.934935
vt 0.619036 0.934935
vt 0.619036 0.934935
vt 0.632149 0.938980
vt 0.632149 0.938980
vt 0.632149 0.938980
vt 0.643863 0.933973
vt 0.643863 0.933973
vt 0.643863 0.933973
vt 0.643863 0.933973
vt 0.747505 0.056781
vt 0.747505 0.056781
vt 0.747505 0.056781
vt 0.747505 0.056781
vt 0.740662 0.077486
vt 0.740662 0.077486
vt 0.813385 0.079802
vt 0.813385 0.079802
vt 0.808805 0.059227
vt 0.808805 0.059227
vt 0.808805 0.059227
vt 0.808805 0.059227
vt 0.796553 0.045138
vt 0.796553 0.045138
vt 0.796553 0.045138
vt 0.796553 0.045138
vt 0.779116 0.039560
vt 0.779116 0.039560
vt 0.779116 0.039560
vt 0.779116 0.039560
vt 0.761232 0.043669
vt 0.761232 0.043669
vt 0.761232 0.043669
vt 0.761232 0.043669
vt 0.733558 0.046804
vt 0.733558 0.046804
vt 0.832124 0.073279
vt 0.723952 0.069501
vt 0.823771 0.049262
vt 0.823771 0.049262
vt 0.805301 0.029868
vt 0.805301 0.029868
vt 0.779225 0.022051
vt 0.779225 0.022051
vt 0.752821 0.028461
vt 0.752821 0.028461
vt 0.653780 0.423304
vt 0.799187 0.074078
vt 0.744942 0.457098
vt 0.756087 0.073353
vt 0.743582 0.374388
vt 0.654260 0.405764
vt 0.758975 0.063493
vt 0.758975 0.063493
vt 0.757911 0.367146
vt 0.831982 0.304582
vt 0.767038 0.055785
vt 0.767038 0.055785
vt 0.777960 0.052995
vt 0.777960 0.052995
vt 0.830553 0.407075
vt 0.847056 0.313564
vt 0.829747 0.423107
vt 0.788846 0.056006
vt 0.788846 0.056006
vt 0.848140 0.517870
vt 0.832992 0.526729
vt 0.796945 0.063994
vt 0.796945 0.063994
vt 0.758428 0.465915
vt 0.760686 0.426248
vt 0.760686 0.426248
vt 0.760686 0.426248
vt 0.760686 0.426248
vt 0.760356 0.407097
vt 0.760356 0.407097
vt 0.760356 0.407097
vt 0.760356 0.407097
vt 0.760356 0.407097
vt 0.760356 0.407097
vt 0.777187 0.396272
vt 0.777187 0.396272
vt 0.777187 0.396272
vt 0.777187 0.396272
vt 0.793894 0.405540
vt 0.793894 0.405540
vt 0.793894 0.405540
vt 0.793894 0.405540
vt 0.793894 0.405540
vt 0.793894 0.405540
vt 0.794851 0.425621
vt 0.794851 0.425621
vt 0.794851 0.425621
vt 0.794851 0.425621
vt 0.778470 0.435851
vt 0.778470 0.435851
vt 0.778470 0.435851
vt 0.778470 0.435851
vt 0.778470 0.435851
vt 0.778470 0.435851
vt 0.841702 0.322534
vt 0.820012 0.407918
vt 0.820012 0.407918
vt 0.841702 0.322534
vt 0.820012 0.407918
vt 0.826627 0.313563
vt 0.761973 0.376699
vt 0.761973 0.376699
vt 0.826627 0.313563
vt 0.761973 0.376699
vt 0.749541 0.383151
vt 0.749541 0.383151
vt 0.749541 0.383151
vt 0.664702 0.406059
vt 0.664702 0.406059
vt 0.751214 0.448896
vt 0.664232 0.423593
vt 0.751214 0.448896
vt 0.664232 0.423593
vt 0.751214 0.448896
vt 0.763134 0.456359
vt 0.827723 0.517708
vt 0.763134 0.456359
vt 0.763134 0.456359
vt 0.827723 0.517708
vt 0.763134 0.456359
vt 0.842864 0.508845
vt 0.819410 0.421942
vt 0.842864 0.508845
vt 0.819410 0.421942
vt 0.819410 0.421942
vt 0.724561 0.408584
vt 0.724561 0.408584
vt 0.724561 0.408584
vt 0.724075 0.424324
vt 0.724075 0.424324
vt 0.724075 0.424324
vt 0.699070 0.424492
vt 0.719307 0.447448
vt 0.699070 0.424492
vt 0.699421 0.407015
vt 0.719680 0.386984
vt 0.699421 0.407015
vt 0.810232 0.373557
vt 0.810232 0.373557
vt 0.810232 0.373557
vt 0.796756 0.365382
vt 0.796756 0.365382
vt 0.796756 0.365382
vt 0.778990 0.349769
vt 0.808835 0.343521
vt 0.808835 0.343521
vt 0.831420 0.379947
vt 0.823913 0.352372
vt 0.823913 0.352372
vt 0.798301 0.465366
vt 0.798301 0.465366
vt 0.798301 0.465366
vt 0.798301 0.465366
vt 0.812067 0.457686
vt 0.812067 0.457686
vt 0.812067 0.457686
vt 0.825248 0.478800
vt 0.834432 0.449921
vt 0.825248 0.478800
vt 0.810190 0.487701
vt 0.810190 0.487701
vt 0.781473 0.482060
vt 0.651788 0.530698
vt 0.635834 0.531913
vt 0.657478 0.468968
vt 0.670203 0.480897
vt 0.679255 0.496866
vt 0.683628 0.516121
vt 0.667961 0.525873
vt 0.651548 0.557543
vt 0.651548 0.557543
vt 0.651548 0.557543
vt 0.651548 0.557543
vt 0.634618 0.559131
vt 0.634618 0.559131
vt 0.634618 0.559131
vt 0.634618 0.559131
vt 0.653038 0.616941
vt 0.653038 0.616941
vt 0.667355 0.442529
vt 0.667355 0.442529
vt 0.669633 0.606043
vt 0.686995 0.455655
vt 0.686995 0.455655
vt 0.669633 0.606043
vt 0.701583 0.472326
vt 0.678399 0.588122
vt 0.701583 0.472326
vt 0.678399 0.588122
vt 0.677197 0.568963
vt 0.712887 0.488703
vt 0.677197 0.568963
vt 0.666439 0.560119
vt 0.666439 0.560119
vt 0.666439 0.560119
vt 0.666439 0.560119
vt 0.600364 0.528319
vt 0.584258 0.519828
vt 0.578299 0.563528
vt 0.578299 0.563528
vt 0.578299 0.563528
vt 0.578299 0.563528
vt 0.596730 0.557355
vt 0.596730 0.557355
vt 0.596730 0.557355
vt 0.596730 0.557355
vt 0.568654 0.506363
vt 0.566376 0.570291
vt 0.539868 0.461507
vt 0.566376 0.570291
vt 0.566376 0.570291
vt 0.577211 0.487291
vt 0.564447 0.588884
vt 0.554757 0.448957
vt 0.554757 0.448957
vt 0.589128 0.473050
vt 0.571862 0.436571
vt 0.571446 0.606222
vt 0.571446 0.606222
vt 0.571862 0.436571
vt 0.604152 0.463558
vt 0.591772 0.427308
vt 0.586707 0.618497
vt 0.591772 0.427308
vt 0.586707 0.618497
vt 0.620269 0.461483
vt 0.609780 0.621610
vt 0.609780 0.621610
vt 0.617790 0.430604
vt 0.617790 0.430604
vt 0.636997 0.521822
vt 0.652070 0.480242
vt 0.620658 0.470860
vt 0.606739 0.472237
vt 0.594075 0.479489
vt 0.584746 0.491265
vt 0.581092 0.504278
vt 0.591040 0.514354
vt 0.603637 0.520322
vt 0.628490 0.514695
vt 0.638070 0.507298
vt 0.636924 0.494348
vt 0.626859 0.486486
vt 0.613606 0.486769
vt 0.605772 0.494542
vt 0.604694 0.504966
vt 0.614133 0.514243
vt 0.654023 0.507044
vt 0.629643 0.500721
vt 0.621238 0.495007
vt 0.613484 0.501614
vt 0.621714 0.508354
vt 0.985418 0.627727
vt 0.885952 0.628397
vt 0.972985 0.627811
vt 0.960552 0.627895
vt 0.948118 0.627978
vt 0.935685 0.628062
vt 0.923252 0.628146
vt 0.910819 0.628230
vt 0.898386 0.628313
vt 0.884345 0.389934
vt 0.983811 0.389264
vt 0.971378 0.389348
vt 0.958944 0.389432
vt 0.946511 0.389515
vt 0.934078 0.389599
vt 0.921645 0.389683
vt 0.909212 0.389767
vt 0.896778 0.389851
vt 0.633145 0.979352
vt 0.633145 0.979352
vt 0.598202 0.923073
vt 0.619624 0.981981
vt 0.598202 0.923073
vt 0.603769 0.906762
vt 0.617703 0.894831
vt 0.631513 0.894336
vt 0.631513 0.894336
vt 0.645511 0.894804
vt 0.659132 0.905838
vt 0.646984 0.981271
vt 0.665193 0.921751
vt 0.665193 0.921751
vt 0.617120 0.927659
vt 0.617120 0.927659
vt 0.617120 0.927659
vt 0.617120 0.927659
vt 0.617120 0.927659
vt 0.617120 0.927659
vt 0.618708 0.912032
vt 0.618708 0.912032
vt 0.618708 0.912032
vt 0.618708 0.912032
vt 0.631513 0.902773
vt 0.631513 0.902773
vt 0.631513 0.902773
vt 0.644401 0.911928
vt 0.644401 0.911928
vt 0.644401 0.911928
vt 0.644401 0.911928
vt 0.646447 0.926901
vt 0.646447 0.926901
vt 0.646447 0.926901
vt 0.646447 0.926901
vt 0.646447 0.926901
vt 0.632762 0.964456
vt 0.632762 0.964456
vt 0.632762 0.964456
vt 0.632762 0.964456
vt 0.619452 0.962857
vt 0.600420 0.940069
vt 0.600420 0.940069
vt 0.619452 0.962857
vt 0.618791 0.941411
vt 0.618791 0.941411
vt 0.618791 0.941411
vt 0.618791 0.941411
vt 0.632244 0.940458
vt 0.632244 0.940458
vt 0.632244 0.940458
vt 0.632244 0.940458
vt 0.645284 0.940733
vt 0.645284 0.940733
vt 0.645284 0.940733
vt 0.645284 0.940733
vt 0.663598 0.938798
vt 0.645850 0.962092
vt 0.645850 0.962092
vt 0.619036 0.934935
vt 0.619036 0.934935
vt 0.619036 0.934935
vt 0.619036 0.934935
vt 0.632149 0.938980
vt 0.632149 0.938980
vt 0.632149 0.938980
vt 0.643863 0.933973
vt 0.643863 0.933973
vt 0.643863 0.933973
vt 0.643863 0.933973
vt 0.747505 0.056781
vt 0.747505 0.056781
vt 0.747505 0.056781
vt 0.747505 0.056781
vt 0.740662 0.077486
vt 0.813385 0.079802
vt 0.740662 0.077486
vt 0.813385 0.079802
vt 0.808805 0.059227
vt 0.808805 0.059227
vt 0.808805 0.059227
vt 0.808805 0.059227
vt 0.796553 0.045138
vt 0.796553 0.045138
vt 0.796553 0.045138
vt 0.796553 0.045138
vt 0.779116 0.039560
vt 0.779116 0.039560
vt 0.779116 0.039560
vt 0.779116 0.039560
vt 0.761232 0.043669
vt 0.761232 0.043669
vt 0.761232 0.043669
vt 0.761232 0.043669
vt 0.733558 0.046804
vt 0.733558 0.046804
vt 0.832124 0.073279
vt 0.723952 0.069501
vt 0.823771 0.049262
vt 0.823771 0.049262
vt 0.805301 0.029868
vt 0.805301 0.029868
vt 0.779225 0.022051
vt 0.779225 0.022051
vt 0.752821 0.028461
vt 0.752821 0.028461
vt 0.653780 0.423304
vt 0.744942 0.457098
vt 0.799187 0.074078
vt 0.756087 0.073353
vt 0.758975 0.063493
vt 0.743582 0.374388
vt 0.758975 0.063493
vt 0.654260 0.405764
vt 0.757911 0.367146
vt 0.767038 0.055785
vt 0.831982 0.304582
vt 0.767038 0.055785
vt 0.847056 0.313564
vt 0.777960 0.052995
vt 0.830553 0.407075
vt 0.777960 0.052995
vt 0.788846 0.056006
vt 0.788846 0.056006
vt 0.829747 0.423107
vt 0.848140 0.517870
vt 0.758428 0.465915
vt 0.832992 0.526729
vt 0.796945 0.063994
vt 0.796945 0.063994
vt 0.760686 0.426248
vt 0.760686 0.426248
vt 0.760686 0.426248
vt 0.760686 0.426248
vt 0.760356 0.407097
vt 0.760356 0.407097
vt 0.760356 0.407097
vt 0.760356 0.407097
vt 0.760356 0.407097
vt 0.760356 0.407097
vt 0.777187 0.396272
vt 0.777187 0.396272
vt 0.777187 0.396272
vt 0.777187 0.396272
vt 0.793894 0.405540
vt 0.793894 0.405540
vt 0.793894 0.405540
vt 0.793894 0.405540
vt 0.793894 0.405540
vt 0.793894 0.405540
vt 0.794851 0.425621
vt 0.794851 0.425621
vt 0.794851 0.425621
vt 0.794851 0.425621
vt 0.778470 0.435851
vt 0.778470 0.435851
vt 0.778470 0.435851
vt 0.778470 0.435851
vt 0.778470 0.435851
vt 0.778470 0.435851
vt 0.841702 0.322534
vt 0.820012 0.407918
vt 0.820012 0.407918
vt 0.841702 0.322534
vt 0.820012 0.407918
vt 0.761973 0.376699
vt 0.826627 0.313563
vt 0.761973 0.376699
vt 0.761973 0.376699
vt 0.826627 0.313563
vt 0.749541 0.383151
vt 0.749541 0.383151
vt 0.664702 0.406059
vt 0.664702 0.406059
vt 0.749541 0.383151
vt 0.751214 0.448896
vt 0.664232 0.423593
vt 0.751214 0.448896
vt 0.664232 0.423593
vt 0.751214 0.448896
vt 0.763134 0.456359
vt 0.827723 0.517708
vt 0.763134 0.456359
vt 0.763134 0.456359
vt 0.827723 0.517708
vt 0.763134 0.456359
vt 0.819410 0.421942
vt 0.842864 0.508845
vt 0.842864 0.508845
vt 0.819410 0.421942
vt 0.819410 0.421942
vt 0.724561 0.408584
vt 0.724561 0.408584
vt 0.724561 0.408584
vt 0.724075 0.424324
vt 0.724075 0.424324
vt 0.724075 0.424324
vt 0.699070 0.424492
vt 0.699070 0.424492
vt 0.719307 0.447448
vt 0.699421 0.407015
vt 0.719680 0.386984
vt 0.699421 0.407015
vt 0.810232 0.373557
vt 0.810232 0.373557
vt 0.810232 0.373557
vt 0.796756 0.365382
vt 0.796756 0.365382
vt 0.796756 0.365382
vt 0.808835 0.343521
vt 0.778990 0.349769
vt 0.808835 0.343521
vt 0.823913 0.352372
vt 0.823913 0.352372
vt 0.831420 0.379947
vt 0.798301 0.465366
vt 0.798301 0.465366
vt 0.798301 0.465366
vt 0.798301 0.465366
vt 0.812067 0.457686
vt 0.812067 0.457686
vt 0.812067 0.457686
vt 0.825248 0.478800
vt 0.834432 0.449921
vt 0.825248 0.478800
vt 0.781473 0.482060
vt 0.810190 0.487701
vt 0.810190 0.487701
vt 0.651788 0.530698
vt 0.635834 0.531913
vt 0.657478 0.468968
vt 0.670203 0.480897
vt 0.679255 0.496866
vt 0.683628 0.516121
vt 0.667961 0.525873
vt 0.651548 0.557543
vt 0.651548 0.557543
vt 0.651548 0.557543
vt 0.651548 0.557543
vt 0.634618 0.559131
vt 0.634618 0.559131
vt 0.634618 0.559131
vt 0.634618 0.559131
vt 0.653038 0.616941
vt 0.667355 0.442529
vt 0.667355 0.442529
vt 0.653038 0.616941
vt 0.669633 0.606043
vt 0.686995 0.455655
vt 0.686995 0.455655
vt 0.669633 0.606043
vt 0.701583 0.472326
vt 0.701583 0.472326
vt 0.678399 0.588122
vt 0.678399 0.588122
vt 0.677197 0.568963
vt 0.677197 0.568963
vt 0.712887 0.488703
vt 0.666439 0.560119
vt 0.666439 0.560119
vt 0.666439 0.560119
vt 0.666439 0.560119
vt 0.600364 0.528319
vt 0.584258 0.519828
vt 0.578299 0.563528
vt 0.578299 0.563528
vt 0.578299 0.563528
vt 0.578299 0.563528
vt 0.596730 0.557355
vt 0.596730 0.557355
vt 0.596730 0.557355
vt 0.596730 0.557355
vt 0.568654 0.506363
vt 0.539868 0.461507
vt 0.566376 0.570291
vt 0.566376 0.570291
vt 0.566376 0.570291
vt 0.577211 0.487291
vt 0.554757 0.448957
vt 0.554757 0.448957
vt 0.564447 0.588884
vt 0.589128 0.473050
vt 0.571862 0.436571
vt 0.571446 0.606222
vt 0.571446 0.606222
vt 0.571862 0.436571
vt 0.604152 0.463558
vt 0.591772 0.427308
vt 0.586707 0.618497
vt 0.586707 0.618497
vt 0.591772 0.427308
vt 0.620269 0.461483
vt 0.617790 0.430604
vt 0.609780 0.621610
vt 0.609780 0.621610
vt 0.617790 0.430604
vt 0.636997 0.521822
vt 0.652070 0.480242
vt 0.620658 0.470860
vt 0.606739 0.472237
vt 0.594075 0.479489
vt 0.584746 0.491265
vt 0.581092 0.504278
vt 0.591040 0.514354
vt 0.603637 0.520322
vt 0.627702 0.514695
vt 0.638214 0.506796
vt 0.636924 0.494348
vt 0.626859 0.486486
vt 0.613965 0.487486
vt 0.604194 0.496119
vt 0.604192 0.506759
vt 0.614133 0.514243
vt 0.654023 0.507044
vt 0.629500 0.501581
vt 0.621238 0.495007
vt 0.613484 0.501614
vt 0.621499 0.507996
vt 0.985418 0.627727
vt 0.885952 0.628397
vt 0.972985 0.627811
vt 0.960552 0.627895
vt 0.948118 0.627978
vt 0.935685 0.628062
vt 0.923252 0.628146
vt 0.910819 0.628230
vt 0.898386 0.628313
vt 0.983811 0.389264
vt 0.884345 0.389934
vt 0.971378 0.389348
vt 0.958944 0.389432
vt 0.946511 0.389515
vt 0.934078 0.389599
vt 0.921645 0.389683
vt 0.909212 0.389767
vt 0.896778 0.389851
vn 0.000000 0.000000 1.000000
vn 0.000000 1.000000 -0.000000
vn 1.000000 0.000000 -0.000000
vn 1.000000 0.000000 0.000003
vn 1.000000 0.000000 0.000000
vn 0.000000 1.000000 0.000000
vn 1.000000 0.000000 0.000001
vn 0.000000 1.000000 -0.000000
vn 1.000000 0.000003 -0.000001
vn 1.000000 0.000000 -0.000000
vn 1.000000 0.000000 -0.000000
vn 0.000000 -0.000000 -1.000000
vn 1.000000 0.000000 -0.000002
vn 0.000000 -0.000000 -1.000000
vn 0.000000 1.000000 -0.000000
vn 0.442151 0.896941 -0.000000
vn 0.000000 1.000000 0.000000
vn 0.000000 1.000000 -0.000000
vn 0.000000 0.311405 0.950277
vn 0.442151 0.896941 -0.000000
vn 0.000000 0.842290 0.539025
vn 0.000000 0.000000 1.000000
vn 1.000000 0.000000 0.000000
vn 0.000000 1.000000 0.000000
vn -0.000001 0.000000 1.000000
vn 1.000000 0.000000 0.000000
vn 0.000000 0.311405 0.950277
vn 0.000000 1.000000 0.000000
vn -1.000000 0.000000 0.000000
vn -0.000001 0.000000 1.000000
vn 0.000000 0.842290 0.539025
vn -1.000000 0.000000 0.000000
vn -1.000000 0.000000 0.000000
vn 0.000000 0.842290 0.539025
vn 0.000001 1.000000 -0.000000
vn 0.000000 0.842290 0.539025
vn 0.000000 0.311405 0.950277
vn 0.442151 0.896941 -0.000000
vn 0.000001 1.000000 -0.000000
vn 1.000000 0.000000 0.000000
vn 0.442151 0.896941 -0.000000
vn 0.000000 -0.000000 -1.000000
vn 0.000001 1.000000 -0.000000
vn -0.000000 -0.000000 -1.000000
vn 0.000001 1.000000 -0.000000
vn -1.000000 0.000000 0.000000
vn -1.000000 0.000000 0.000000
vn -0.000000 -0.000000 -1.000000
vn 0.000000 0.000000 1.000000
vn -0.000000 -0.842290 0.539025
vn -0.000001 0.000000 1.000000
vn 0.000000 -1.000000 0.000001
vn 1.000000 -0.000001 0.000000
vn -1.000000 0.000000 0.000000
vn -0.000000 -0.842290 0.539024
vn -0.000001 0.000000 1.000000
vn -1.000000 0.000000 0.000000
vn 0.000000 -0.000000 -1.000000
vn 0.442150 -0.896941 0.000000
vn -0.000000 -0.000000 -1.000000
vn 0.000000 -1.000000 0.000000
vn 0.000000 -1.000000 0.000000
vn 0.442150 -0.896941 0.000000
vn 0.000000 -0.000000 -1.000000
vn -1.000000 0.000000 0.000000
vn 0.000000 -1.000000 0.000000
vn -0.000000 -0.000000 -1.000000
vn -1.000000 0.000000 0.000000
vn 1.000000 -0.000003 -0.000001
vn 1.000000 0.000000 -0.000000
vn 1.000000 0.000000 0.000000
vn 1.000000 0.000000 -0.000002
vn 0.000000 -0.000000 -1.000000
vn 0.000000 -1.000000 0.000000
vn 1.000000 0.000000 0.000001
vn 0.000000 -1.000000 0.000001
vn 0.000000 0.000000 1.000000
vn 1.000000 0.000000 0.000000
vn 1.000000 0.000000 0.000003
vn 0.000000 -1.000000 0.000000
vn 1.000000 0.000000 0.000000
vn 0.442150 -0.896941 0.000000
vn 0.000000 -1.000000 0.000001
vn 0.000000 -0.311405 0.950277
vn 0.000000 -1.000000 0.000000
vn 0.000000 -0.311405 0.950277
vn 1.000000 -0.000001 0.000000
vn 0.000000 -1.000000 0.000001
vn -0.000000 -0.842290 0.539025
vn -1.000000 0.000000 0.000000
vn 0.000000 -1.000000 0.000000
vn 0.000000 -1.000000 0.000000
vn -0.000000 -0.842290 0.539025
vn 0.442150 -0.896941 0.000000
vn 1.000000 -0.000001 0.000000
vn 0.000000 -0.311405 0.950277
vn 1.000000 0.000000 -0.000000
vn 0.578853 0.753361 -0.312053
vn 1.000000 0.000000 0.000000
vn 1.000000 0.000000 0.000000
vn 0.582609 0.750885 0.311027
vn 1.000000 -0.000003 -0.000001
vn 0.582609 0.750885 0.311027
vn 1.000000 0.000000 -0.000000
vn 0.575318 0.313008 0.755669
vn 1.000000 -0.000003 -0.000001
vn 0.560832 -0.316833 0.764908
vn 0.575318 0.313008 0.755669
vn 1.000000 0.000003 -0.000001
vn 1.000000 0.000000 -0.000002
vn 0.547390 -0.773174 0.320259
vn 1.000000 0.000000 -0.000000
vn 0.560832 -0.316833 0.764908
vn 1.000000 0.000003 -0.000001
vn 0.543289 -0.775639 -0.321281
vn 1.000000 0.000000 -0.000000
vn 1.000000 0.000000 -0.000000
vn 0.547390 -0.773174 0.320259
vn 1.000000 0.000000 0.000000
vn 1.000000 0.000000 0.000000
vn 0.551178 -0.319307 -0.770874
vn 1.000000 -0.000002 0.000000
vn 0.543289 -0.775639 -0.321281
vn 1.000000 -0.000002 0.000000
vn 1.000000 0.000002 0.000000
vn 0.566007 0.315484 -0.761647
vn 0.551178 -0.319307 -0.770874
vn 1.000000 0.000000 0.000000
vn 1.000000 0.000002 0.000000
vn 0.578853 0.753361 -0.312053
vn 0.566007 0.315484 -0.761647
vn 0.880813 -0.437424 0.181187
vn 0.582609 0.750885 0.311027
vn 0.578853 0.753361 -0.312053
vn 0.880813 -0.437424 -0.181185
vn 0.880814 -0.181185 -0.437423
vn 0.575318 0.313008 0.755669
vn 0.582609 0.750885 0.311027
vn 0.880813 -0.437424 -0.181185
vn 0.880814 0.181192 -0.437420
vn 0.880814 -0.181185 -0.437423
vn 0.560832 -0.316833 0.764908
vn 0.575318 0.313008 0.755669
vn 0.880814 0.181192 -0.437420
vn 0.880815 0.437419 -0.181187
vn 0.547390 -0.773174 0.320259
vn 0.560832 -0.316833 0.764908
vn 0.880815 0.437419 -0.181187
vn 0.880812 0.437425 0.181187
vn 0.547390 -0.773174 0.320259
vn 0.543289 -0.775639 -0.321281
vn 0.543289 -0.775639 -0.321281
vn 0.880812 0.437425 0.181187
vn 0.551178 -0.319307 -0.770874
vn 0.880815 0.181186 0.437420
vn 0.566007 0.315484 -0.761647
vn 0.551178 -0.319307 -0.770874
vn 0.880814 -0.181185 0.437422
vn 0.880815 0.181186 0.437420
vn 0.880814 -0.181185 0.437422
vn 0.880813 -0.437424 0.181187
vn 0.566007 0.315484 -0.761647
vn 0.578853 0.753361 -0.312053
vn 0.880814 0.181192 -0.437420
vn 0.880816 0.437419 -0.181187
vn 0.880814 -0.181185 0.437422
vn 0.880812 0.437425 0.181187
vn 0.880814 -0.181185 -0.437423
vn 0.880813 -0.437424 0.181187
vn 0.880814 -0.437424 -0.181185
vn 0.880815 0.181186 0.437420
vn 1.000000 0.000000 0.000000
vn 1.000000 0.000000 0.000000
vn 0.582610 0.750885 0.311026
vn 0.578853 0.753361 -0.312052
vn 1.000000 0.000000 0.000000
vn 1.000000 0.000000 0.000000
vn 1.000000 0.000002 0.000000
vn 0.575318 0.313008 0.755669
vn 0.582610 0.750885 0.311026
vn 0.560831 -0.316835 0.764908
vn 1.000000 0.000002 0.000000
vn 0.575318 0.313008 0.755669
vn 1.000000 -0.000002 0.000000
vn 0.560831 -0.316835 0.764908
vn 1.000000 0.000000 0.000000
vn 1.000000 -0.000002 0.000000
vn 0.547392 -0.773173 0.320259
vn 0.547392 -0.773173 0.320259
vn 0.543289 -0.775639 -0.321280
vn 1.000000 0.000000 0.000000
vn 1.000000 0.000000 -0.000000
vn 1.000000 0.000000 0.000000
vn 0.551177 -0.319307 -0.770874
vn 0.543289 -0.775639 -0.321280
vn 1.000000 0.000000 0.000000
vn 1.000000 0.000000 0.000001
vn 1.000000 0.000000 0.000003
vn 0.551177 -0.319307 -0.770874
vn 0.566007 0.315485 -0.761647
vn 1.000000 0.000000 0.000001
vn 1.000000 0.000000 0.000001
vn 1.000000 0.000000 0.000000
vn 0.566007 0.315485 -0.761647
vn 0.578853 0.753361 -0.312052
vn 1.000000 0.000000 0.000001
vn 0.578853 0.753361 -0.312052
vn 0.880813 -0.437425 -0.181187
vn 0.582610 0.750885 0.311026
vn 0.880813 -0.437424 0.181187
vn 0.582610 0.750885 0.311026
vn 0.880814 -0.181185 -0.437422
vn 0.880813 -0.437425 -0.181187
vn 0.575318 0.313008 0.755669
vn 0.880815 -0.181185 -0.437422
vn 0.880815 0.181185 -0.437421
vn 0.575318 0.313008 0.755669
vn 0.560831 -0.316835 0.764908
vn 0.560831 -0.316835 0.764908
vn 0.547392 -0.773173 0.320259
vn 0.880815 0.181185 -0.437421
vn 0.880813 0.437425 -0.181185
vn 0.547392 -0.773173 0.320259
vn 0.880813 0.437425 -0.181185
vn 0.880813 0.437425 0.181185
vn 0.543289 -0.775639 -0.321280
vn 0.551177 -0.319307 -0.770874
vn 0.880813 0.437425 0.181185
vn 0.880814 0.181192 0.437420
vn 0.543289 -0.775639 -0.321280
vn 0.551177 -0.319307 -0.770874
vn 0.880814 0.181192 0.437420
vn 0.880814 -0.181185 0.437423
vn 0.566007 0.315485 -0.761647
vn 0.566007 0.315485 -0.761647
vn 0.578853 0.753361 -0.312052
vn 0.880813 -0.437424 0.181187
vn 0.880814 -0.181185 0.437423
vn 0.880814 -0.181185 -0.437422
vn 0.880815 0.181185 -0.437421
vn 0.880813 0.437424 -0.181185
vn 0.880813 0.437425 0.181185
vn 0.880814 0.181192 0.437420
vn 0.880814 -0.181185 0.437423
vn 0.880813 -0.437424 0.181187
vn 0.880812 -0.437425 -0.181187
vn -0.811173 -0.000000 -0.584807
vn -0.811173 0.000000 0.584806
vn 0.811174 0.000000 -0.584805
vn 0.811174 0.000000 0.584805
vn 0.000000 1.000000 0.000001
vn -0.811173 0.000000 0.584806
vn 0.000000 0.000000 1.000000
vn 0.000000 1.000000 -0.000001
vn 0.811174 0.000000 0.584805
vn 0.811174 0.000000 -0.584805
vn -0.811173 -0.000000 -0.584807
vn 0.000000 1.000000 0.000001
vn -0.811173 0.000000 0.584806
vn 0.811174 0.000000 -0.584805
vn 0.000000 0.000002 -1.000000
vn 0.000000 1.000000 -0.000001
vn 0.000000 0.000002 -1.000000
vn 0.000000 0.000002 -1.000000
vn -0.811172 -0.000000 -0.584807
vn 0.000000 0.000001 1.000000
vn -0.698906 0.715214 0.000000
vn 0.000000 1.000000 0.000001
vn 0.000000 0.000000 1.000000
vn 0.000000 0.000000 1.000000
vn -0.698906 0.715214 0.000000
vn 0.000000 0.000002 -1.000000
vn 0.000000 0.000000 -1.000000
vn 0.000000 0.000002 -1.000000
vn 0.000000 1.000000 0.000001
vn 0.000000 0.000000 1.000000
vn 0.811174 0.000000 0.584805
vn 0.000000 0.000000 1.000000
vn 0.000000 0.000000 1.000000
vn 0.000000 1.000000 -0.000001
vn 0.698906 0.715214 0.000000
vn 0.000000 0.000000 1.000000
vn 0.000000 0.000001 1.000000
vn 0.698906 0.715214 0.000000
vn 0.000000 0.000000 -1.000000
vn 0.000000 1.000000 -0.000001
vn 0.000000 0.000002 -1.000000
vn 0.000000 0.000002 -1.000000
vn 0.000000 1.000000 0.000000
vn 0.000000 0.000000 -1.000000
vn -0.698906 0.715214 0.000000
vn 0.000000 0.000001 1.000000
vn 0.000000 1.000000 0.000000
vn -0.698906 0.715214 0.000000
vn 0.698905 0.715214 0.000000
vn 0.000000 0.000001 1.000000
vn 0.000000 1.000000 0.000000
vn 0.000000 0.000000 -1.000000
vn 0.698906 0.715214 0.000000
vn 0.000000 1.000000 0.000000
vn -0.811173 0.000000 0.584806
vn 0.000000 0.000000 1.000000
vn 0.000000 0.000000 1.000000
vn 0.000000 0.000002 -1.000000
vn 0.811174 0.000000 -0.584805
vn 0.000000 0.000002 -1.000000
vn 0.811174 0.000000 0.584805
vn 0.000000 0.000000 1.000000
vn 0.000000 1.000000 -0.000001
vn 0.000000 0.000002 -1.000000
vn 0.000000 1.000000 0.000001
vn -0.811173 -0.000000 -0.584807
vn 0.000000 1.000000 0.000000
vn 1.000000 0.000000 0.000001
vn 0.499999 0.000000 -0.866026
vn 0.000000 1.000000 0.000000
vn 0.000000 1.000000 0.000002
vn -0.500001 0.000000 -0.866025
vn -0.499998 -0.000007 -0.866027
vn -0.500001 0.000009 -0.866025
vn 0.000000 1.000000 0.000000
vn 0.499999 0.000000 -0.866026
vn 0.000000 -1.000000 0.000001
vn -0.499998 -0.000007 -0.866027
vn -0.000001 -0.000001 -1.000000
vn -1.000000 0.000000 -0.000001
vn -0.500001 0.000000 -0.866025
vn 0.000000 0.000000 1.000000
vn -0.500000 0.000000 0.866026
vn -1.000000 0.000000 -0.000001
vn 0.000000 -1.000000 0.000001
vn -0.499999 0.000006 0.866026
vn -0.500000 0.000000 0.866026
vn -0.499998 -0.000009 0.866026
vn -0.499999 0.000006 0.866026
vn 0.000000 1.000000 -0.000002
vn 0.500000 -0.000000 0.866025
vn 0.500000 -0.000000 0.866025
vn 0.000000 1.000000 0.000000
vn 1.000000 0.000000 0.000001
vn 0.000000 1.000000 -0.000002
vn 0.000000 1.000000 0.000000
vn -0.000001 -0.000001 -1.000000
vn -0.499998 -0.000007 -0.866027
vn 0.000000 1.000000 -0.000001
vn -1.000000 -0.000009 -0.000001
vn -0.500001 0.000009 -0.866025
vn -1.000000 -0.000009 -0.000001
vn 0.000000 1.000000 -0.000001
vn -0.499998 -0.000009 0.866026
vn -0.499999 0.000006 0.866026
vn 0.000000 0.000000 1.000000
vn 0.000000 -1.000000 -0.000001
vn 0.499999 0.000000 -0.866026
vn 1.000000 0.000000 0.000001
vn 0.000000 -1.000000 -0.000001
vn 0.000000 -1.000000 -0.000001
vn 0.000000 -1.000000 0.000001
vn 0.500000 -0.000000 0.866025
vn 1.000000 0.000000 0.000001
vn 0.500000 -0.000000 0.866025
vn 0.000000 -1.000000 0.000001
vn -0.500000 0.000000 0.866026
vn -0.500000 0.000000 0.866026
vn -1.000000 0.000000 -0.000001
vn 0.000001 -1.000000 0.000000
vn 0.000000 -1.000000 0.000001
vn 0.000000 -1.000000 -0.000001
vn 0.000001 -1.000000 0.000000
vn -1.000000 0.000000 -0.000001
vn -0.500001 0.000000 -0.866025
vn -0.500001 0.000000 -0.866025
vn 0.000000 -1.000000 -0.000001
vn 0.499999 0.000000 -0.866026
vn 0.000000 -1.000000 -0.000001
vn 0.000001 -1.000000 0.000000
vn -0.500001 0.000009 -0.866025
vn -1.000000 -0.000009 -0.000001
vn 0.000000 1.000000 0.000002
vn -1.000000 -0.000009 -0.000001
vn -0.499998 -0.000009 0.866026
vn 0.000000 1.000000 -0.000002
vn 0.000000 1.000000 0.000000
vn 0.000000 1.000000 0.000002
vn -0.000001 -1.000000 0.000000
vn 0.000000 0.000000 1.000000
vn 0.518882 0.000000 0.854846
vn 0.000000 -1.000000 0.000001
vn -0.000002 -1.000000 0.000000
vn -0.000001 -0.000001 -1.000000
vn -0.000001 -1.000000 0.000000
vn -0.000002 -1.000000 0.000000
vn 0.506231 0.000000 -0.862398
vn 0.000000 -1.000000 0.000001
vn -0.000001 -1.000000 0.000000
vn 0.506231 0.000000 -0.862398
vn 0.000000 -1.000000 0.000000
vn 0.000000 0.000001 -1.000000
vn 0.518882 0.000000 0.854846
vn 0.000000 -1.000000 0.000000
vn 0.000000 0.000000 1.000000
vn -0.000001 -1.000000 0.000000
vn -0.000002 1.000000 -0.000001
vn 0.518882 0.000000 0.854846
vn 0.000000 1.000000 -0.000001
vn -0.000003 1.000000 -0.000002
vn 0.000000 0.000000 1.000000
vn -0.000003 1.000000 -0.000002
vn -0.000001 1.000000 0.000002
vn -0.000001 -0.000001 -1.000000
vn 0.000000 1.000000 -0.000001
vn 0.506231 0.000000 -0.862398
vn 0.506231 0.000000 -0.862398
vn -0.000001 1.000000 0.000002
vn 0.000000 1.000000 0.000002
vn 0.000000 0.000001 -1.000000
vn 0.000000 0.000000 1.000000
vn 0.000000 1.000000 0.000000
vn 0.518882 0.000000 0.854846
vn -0.000002 1.000000 -0.000001
vn -0.000001 -1.000000 0.000000
vn -0.000002 -1.000000 0.000000
vn -1.000000 0.000000 0.000002
vn -0.500000 -0.000003 0.866026
vn -0.000001 -1.000000 0.000000
vn -0.500001 0.000000 -0.866025
vn -0.000002 -1.000000 0.000000
vn -1.000000 0.000000 0.000002
vn 0.000000 -1.000000 0.000000
vn 0.000000 0.000001 -1.000000
vn -0.000001 -1.000000 0.000000
vn -0.500001 0.000000 -0.866025
vn -0.500000 -0.000003 0.866026
vn 0.000000 -0.000001 1.000000
vn -0.000001 -1.000000 0.000000
vn 0.000000 -1.000000 0.000000
vn -0.500001 0.000000 -0.866025
vn -0.000002 1.000000 -0.000001
vn -0.000003 1.000000 -0.000002
vn -1.000000 0.000000 0.000002
vn -1.000000 0.000000 0.000002
vn -0.500000 -0.000003 0.866026
vn -0.000001 1.000000 0.000002
vn -0.000003 1.000000 -0.000002
vn 0.000000 -0.000001 1.000000
vn -0.000001 1.000000 0.000002
vn -0.500000 -0.000003 0.866026
vn 0.000000 1.000000 0.000002
vn 0.000000 0.000001 -1.000000
vn 0.000000 1.000000 0.000000
vn -0.000002 1.000000 -0.000001
vn -0.500001 0.000000 -0.866025
vn 0.000000 -1.000000 0.000000
vn 0.000000 -1.000000 0.000001
vn -0.499999 0.000002 -0.866026
vn 0.000000 0.000001 -1.000000
vn -0.865646 0.000000 -0.500656
vn 0.000000 -1.000000 0.000000
vn -0.500000 0.000002 -0.866026
vn 0.000000 -1.000000 0.000001
vn 0.000000 -1.000000 0.000002
vn -0.499999 0.000002 -0.866026
vn 0.000001 1.000000 0.000001
vn -0.865646 0.000000 -0.500656
vn 0.000001 1.000000 0.000000
vn -0.000001 1.000000 0.000004
vn 0.000001 1.000000 0.000001
vn 0.000000 0.000001 -1.000000
vn 0.000000 1.000000 0.000002
vn -0.500000 0.000002 -0.866026
vn 0.000000 -1.000000 0.000000
vn 0.000000 0.000000 1.000000
vn 0.851997 0.000000 0.523547
vn 0.000000 -1.000000 -0.000000
vn 0.000000 -1.000000 0.000004
vn 0.000000 0.000000 1.000000
vn 0.000000 1.000000 0.000000
vn 0.000000 1.000000 0.000000
vn -0.000000 1.000000 0.000000
vn 0.851997 0.000000 0.523547
vn 0.000000 -1.000000 -0.000000
vn 0.000000 -1.000000 0.000000
vn 0.000000 -1.000000 0.000004
vn 0.000000 -1.000000 0.000002
vn 0.499998 0.000000 -0.866027
vn 1.000000 0.000000 0.000002
vn 0.499998 0.000000 -0.866027
vn 0.000000 0.000001 -1.000000
vn 0.000000 -1.000000 0.000000
vn 0.000000 -1.000000 0.000004
vn 0.000000 -1.000000 0.000002
vn 0.000000 -1.000000 0.000001
vn 1.000000 0.000000 0.000002
vn 0.500002 -0.000003 0.866024
vn 0.000000 -0.000001 1.000000
vn 0.000000 -1.000000 0.000000
vn 0.500002 -0.000003 0.866024
vn 0.000000 -1.000000 0.000001
vn 0.000001 1.000000 0.000001
vn -0.000001 1.000000 0.000004
vn 1.000000 0.000000 0.000002
vn 0.500002 -0.000003 0.866024
vn 0.500002 -0.000003 0.866024
vn 0.000000 -0.000001 1.000000
vn 0.000001 1.000000 0.000001
vn 0.000000 1.000000 0.000002
vn 1.000000 0.000000 0.000002
vn 0.499998 0.000000 -0.866027
vn -0.000000 1.000000 0.000000
vn 0.000000 1.000000 0.000000
vn 0.000001 1.000000 0.000000
vn -0.000001 1.000000 0.000004
vn 0.000000 1.000000 0.000000
vn 0.000000 0.000001 -1.000000
vn 0.000000 1.000000 0.000000
vn 0.499998 0.000000 -0.866027
vn -0.999887 0.000000 -0.015004
vn 0.000000 1.000000 0.000000
vn -0.865646 0.000000 -0.500656
vn 0.000001 1.000000 0.000000
vn -0.865646 0.000000 -0.500656
vn 0.000000 -1.000000 -0.000000
vn 0.000000 -1.000000 -0.000000
vn 0.000000 -1.000000 0.000000
vn -0.999888 0.000000 -0.015004
vn 0.000000 -1.000000 -0.000000
vn 0.851997 0.000000 0.523547
vn 0.000000 -1.000000 -0.000000
vn 0.999839 0.000000 0.017971
vn 0.000000 1.000000 0.000000
vn 0.851997 0.000000 0.523547
vn -0.000000 1.000000 0.000000
vn 0.000001 1.000000 0.000000
vn 0.999839 0.000000 0.017971
vn 0.000000 1.000000 -0.000000
vn 0.000000 1.000000 0.000000
vn -0.999887 -0.000000 0.015004
vn -0.999887 0.000000 -0.015004
vn 0.000000 -1.000000 0.000000
vn -0.999887 -0.000000 0.015004
vn 0.000000 -1.000000 -0.000000
vn -0.999887 0.000000 -0.015004
vn 0.999839 -0.000001 -0.017971
vn 0.000000 -1.000000 0.000000
vn 0.000000 -1.000000 -0.000000
vn 0.999839 0.000000 0.017971
vn 0.000000 1.000000 0.000000
vn 0.999839 0.000000 0.017971
vn 0.000000 1.000000 -0.000000
vn 0.999839 -0.000001 -0.017971
vn 1.000000 0.000000 -0.000001
vn 0.000000 1.000000 -0.000001
vn 0.499999 0.000000 0.866026
vn 0.000000 1.000000 0.000000
vn -0.500001 0.000000 0.866025
vn 0.000000 1.000000 -0.000002
vn 0.499999 0.000000 0.866026
vn 0.000000 1.000000 -0.000001
vn -0.499998 -0.000007 0.866026
vn -0.500001 0.000009 0.866025
vn -0.499998 -0.000007 0.866026
vn 0.000000 -1.000000 -0.000001
vn -1.000000 0.000000 0.000001
vn -0.500001 0.000000 0.866025
vn -0.000001 -0.000001 1.000000
vn -1.000000 0.000000 0.000001
vn -0.000000 0.000000 -1.000000
vn -0.499999 0.000000 -0.866026
vn -0.499999 0.000007 -0.866026
vn 0.000000 -1.000000 -0.000001
vn 0.500000 0.000000 -0.866025
vn -0.499999 0.000000 -0.866026
vn -0.499999 0.000007 -0.866026
vn 0.000000 1.000000 0.000002
vn -0.499997 -0.000009 -0.866027
vn 0.000000 1.000000 -0.000001
vn 0.000000 1.000000 0.000000
vn 0.500000 0.000000 -0.866025
vn 1.000000 0.000000 -0.000001
vn 0.000000 1.000000 0.000002
vn -1.000000 -0.000009 0.000001
vn -0.000001 -0.000001 1.000000
vn -0.500001 0.000009 0.866025
vn 0.000000 1.000000 0.000001
vn -0.499998 -0.000007 0.866026
vn -0.499997 -0.000009 -0.866027
vn -1.000000 -0.000009 0.000001
vn -0.000000 0.000000 -1.000000
vn -0.499999 0.000007 -0.866026
vn 0.000000 1.000000 0.000001
vn 1.000000 0.000000 -0.000001
vn 0.499999 0.000000 0.866026
vn 0.000000 -1.000000 0.000001
vn 1.000000 0.000000 -0.000001
vn 0.000000 -1.000000 0.000001
vn 0.500000 0.000000 -0.866025
vn 0.000000 -1.000000 0.000001
vn 0.000000 -1.000000 -0.000001
vn 0.500000 0.000000 -0.866025
vn -0.499999 0.000000 -0.866026
vn 0.000000 -1.000000 -0.000001
vn 0.000000 -1.000000 0.000001
vn 0.000000 -1.000000 -0.000001
vn 0.000001 -1.000000 0.000000
vn -1.000000 0.000000 0.000001
vn -0.499999 0.000000 -0.866026
vn -0.500001 0.000000 0.866025
vn 0.000001 -1.000000 0.000000
vn -1.000000 0.000000 0.000001
vn 0.000000 -1.000000 0.000001
vn -0.500001 0.000000 0.866025
vn 0.499999 0.000000 0.866026
vn 0.000001 -1.000000 0.000000
vn 0.000000 -1.000000 0.000001
vn 0.000000 1.000000 -0.000002
vn -0.500001 0.000009 0.866025
vn -1.000000 -0.000009 0.000001
vn -0.499997 -0.000009 -0.866027
vn 0.000000 1.000000 0.000000
vn -1.000000 -0.000009 0.000001
vn 0.000000 1.000000 -0.000002
vn 0.000000 1.000000 0.000002
vn -0.000000 0.000000 -1.000000
vn -0.000001 -1.000000 0.000000
vn -0.000002 -1.000000 0.000000
vn 0.000000 -1.000000 -0.000001
vn 0.518882 0.000000 -0.854846
vn -0.000001 -1.000000 0.000000
vn -0.000002 -1.000000 0.000000
vn 0.000000 -1.000000 -0.000001
vn -0.000001 -0.000001 1.000000
vn 0.506231 0.000000 0.862398
vn 0.000000 0.000001 1.000000
vn 0.506231 0.000000 0.862398
vn -0.000001 -1.000000 0.000000
vn 0.000000 -1.000000 -0.000001
vn 0.000000 0.000000 -1.000000
vn 0.000000 -1.000000 -0.000001
vn -0.000001 -1.000000 0.000000
vn 0.518882 0.000000 -0.854846
vn -0.000003 1.000000 0.000002
vn 0.000000 1.000000 0.000001
vn -0.000002 1.000000 0.000000
vn -0.000000 0.000000 -1.000000
vn 0.518882 0.000000 -0.854846
vn -0.000001 1.000000 -0.000003
vn 0.000000 1.000000 0.000001
vn -0.000003 1.000000 0.000002
vn -0.000001 -0.000001 1.000000
vn 0.506231 0.000000 0.862398
vn -0.000001 1.000000 -0.000003
vn 0.000000 0.000001 1.000000
vn 0.506231 0.000000 0.862398
vn 0.000000 1.000000 -0.000003
vn -0.000002 1.000000 0.000000
vn 0.518882 0.000000 -0.854846
vn 0.000000 0.000000 -1.000000
vn 0.000000 1.000000 -0.000001
vn -1.000000 0.000000 -0.000002
vn -0.000001 -1.000000 0.000000
vn -0.500000 -0.000003 -0.866026
vn -0.000002 -1.000000 0.000000
vn -0.000001 -1.000000 0.000000
vn -0.500001 0.000000 0.866025
vn -1.000000 0.000000 -0.000002
vn -0.000002 -1.000000 0.000000
vn -0.500001 0.000000 0.866025
vn 0.000000 0.000001 1.000000
vn 0.000000 -1.000000 -0.000001
vn -0.000001 -1.000000 0.000000
vn 0.000000 -0.000001 -1.000000
vn -0.500000 -0.000003 -0.866026
vn 0.000000 -1.000000 -0.000001
vn -0.000001 -1.000000 0.000000
vn -0.000003 1.000000 0.000002
vn -0.500001 0.000000 0.866025
vn -1.000000 0.000000 -0.000002
vn -0.000002 1.000000 0.000000
vn -1.000000 0.000000 -0.000002
vn -0.500000 -0.000003 -0.866026
vn -0.000001 1.000000 -0.000003
vn -0.000003 1.000000 0.000002
vn -0.500000 -0.000003 -0.866026
vn -0.000001 1.000000 -0.000003
vn 0.000000 1.000000 -0.000003
vn 0.000000 -0.000001 -1.000000
vn -0.500001 0.000000 0.866025
vn -0.000002 1.000000 0.000000
vn 0.000000 1.000000 -0.000001
vn 0.000000 0.000001 1.000000
vn 0.000000 0.000001 1.000000
vn -0.499999 0.000002 0.866026
vn 0.000000 -1.000000 0.000000
vn 0.000000 -1.000000 -0.000001
vn -0.500000 0.000002 0.866026
vn 0.000000 -1.000000 0.000000
vn 0.000000 -1.000000 0.000000
vn -0.865646 0.000001 0.500656
vn 0.000000 -1.000000 -0.000002
vn -0.000001 1.000000 -0.000006
vn 0.000001 1.000000 0.000000
vn 0.000001 1.000000 -0.000000
vn -0.865646 0.000001 0.500656
vn -0.499999 0.000002 0.866026
vn 0.000001 1.000000 0.000000
vn 0.000000 1.000000 -0.000003
vn 0.000000 0.000001 1.000000
vn -0.500000 0.000002 0.866026
vn 0.851997 0.000000 -0.523547
vn 0.000000 -1.000000 -0.000001
vn 0.000000 -1.000000 -0.000004
vn 0.000000 -1.000000 0.000000
vn 0.000000 0.000000 -1.000000
vn 0.000000 1.000000 -0.000002
vn 0.851997 0.000000 -0.523547
vn 0.000000 0.000000 -1.000000
vn -0.000000 1.000000 0.000000
vn 0.000000 1.000000 -0.000001
vn 0.000000 -1.000000 0.000000
vn 1.000000 0.000000 -0.000002
vn 0.000000 -1.000000 0.000000
vn 0.000000 -1.000000 -0.000002
vn 0.499998 0.000000 0.866027
vn 0.000000 -1.000000 -0.000004
vn 0.499998 0.000000 0.866027
vn 0.000000 0.000001 1.000000
vn 0.000000 -1.000000 -0.000004
vn 0.000000 -1.000000 -0.000001
vn 0.000000 -1.000000 -0.000002
vn 0.500002 -0.000002 -0.866024
vn 0.000000 -1.000000 0.000000
vn 1.000000 0.000000 -0.000002
vn 0.000000 -1.000000 0.000000
vn 0.000000 -1.000000 -0.000001
vn 0.000000 -0.000001 -1.000000
vn 0.500002 -0.000002 -0.866024
vn 0.500002 -0.000002 -0.866024
vn 0.000001 1.000000 0.000000
vn -0.000001 1.000000 -0.000006
vn 1.000000 0.000000 -0.000002
vn 0.000001 1.000000 0.000000
vn 0.000000 1.000000 -0.000003
vn 0.500002 -0.000002 -0.866024
vn 0.000000 -0.000001 -1.000000
vn 0.000000 1.000000 -0.000002
vn 1.000000 0.000000 -0.000002
vn 0.000001 1.000000 -0.000000
vn -0.000000 1.000000 0.000000
vn 0.499998 0.000000 0.866027
vn -0.000001 1.000000 -0.000006
vn 0.000000 1.000000 -0.000001
vn 0.499998 0.000000 0.866027
vn 0.000000 1.000000 -0.000002
vn 0.000000 0.000001 1.000000
vn -0.999887 -0.000000 0.015004
vn 0.000000 1.000000 -0.000000
vn -0.865646 0.000001 0.500656
vn 0.000001 1.000000 -0.000000
vn -0.999888 -0.000000 0.015004
vn 0.000000 -1.000000 0.000000
vn -0.865646 0.000001 0.500656
vn 0.000000 -1.000000 0.000000
vn 0.000000 -1.000000 0.000000
vn 0.851997 0.000000 -0.523547
vn 0.000000 -1.000000 0.000000
vn 0.999839 -0.000001 -0.017971
vn 0.000000 -1.000000 0.000000
vn 0.000001 1.000000 -0.000000
vn -0.000000 1.000000 0.000000
vn 0.851997 0.000000 -0.523547
vn 0.999839 -0.000001 -0.017971
vn 0.000000 1.000000 -0.000000
vn -0.686740 -0.302976 0.660753
vn -0.776792 -0.314879 0.545386
vn -0.574250 -0.708998 0.409340
vn -0.102344 -0.994749 -0.000000
vn -0.599964 -0.700153 -0.387078
vn -0.837219 -0.283581 -0.467596
vn -0.837219 -0.283581 -0.467596
vn -0.754395 -0.341554 -0.560562
vn -0.816204 -0.283041 -0.503685
vn -0.448207 0.779656 -0.437318
vn -0.070118 0.997539 -0.000001
vn -0.432159 0.780980 0.450898
vn -0.792389 -0.231492 0.564387
vn 0.170966 0.028515 0.984864
vn 0.185382 -0.494253 0.849322
vn 0.188381 -0.848617 0.494329
vn 0.169434 -0.985542 0.000265
vn 0.231580 -0.971598 -0.048674
vn 0.464724 -0.801056 -0.377281
vn 0.000000 -1.000000 0.000000
vn 0.000000 1.000000 0.000000
vn 0.231579 0.971598 -0.048672
vn 0.457218 0.815266 -0.355376
vn 0.131643 0.991294 0.002395
vn 0.133874 0.859575 0.493162
vn 0.141937 0.510971 0.847799
vn 0.952193 -0.076951 0.295647
vn 0.982674 -0.171474 0.070342
vn 0.975743 -0.208680 -0.066165
vn 1.000000 0.000001 0.000000
vn 1.000000 0.000001 0.000000
vn 0.972255 0.232519 -0.025591
vn 0.979635 0.142991 0.140956
vn 0.000000 1.000000 0.000000
vn -0.078057 0.562086 -0.823387
vn -0.943342 0.000000 -0.331823
vn -0.188583 0.033735 -0.981478
vn -0.110145 -0.545085 -0.831114
vn 0.000000 -1.000000 0.000000
vn -0.110145 -0.545085 -0.831114
vn 0.208794 -0.871604 -0.443521
vn 0.159168 0.878103 -0.451222
vn 1.000000 0.000001 0.000000
vn 0.249151 -0.968465 0.000000
vn 0.609432 0.000000 0.792838
vn 0.535393 0.165894 0.828151
vn 0.231580 -0.971598 -0.048674
vn 0.020733 -0.997616 0.065828
vn -0.962786 -0.069950 -0.261055
vn -0.943342 0.000000 -0.331823
vn 0.000000 -1.000000 0.000000
vn 0.231580 -0.971597 -0.048674
vn -0.598199 0.000000 -0.801348
vn 0.020733 -0.997616 0.065828
vn 0.000000 1.000000 0.000000
vn 0.231579 0.971598 -0.048672
vn -0.962786 0.069950 -0.261055
vn -0.598199 0.000000 -0.801348
vn -0.943342 0.000000 -0.331823
vn 0.026768 0.997272 0.068794
vn 0.534394 -0.165584 0.828858
vn 0.026768 0.997272 0.068794
vn 1.000000 0.000001 0.000000
vn 0.609432 0.000000 0.792838
vn 0.231579 0.971598 -0.048672
vn 0.235303 0.971159 -0.038513
vn -0.654363 -0.720425 0.229776
vn -0.654363 -0.720425 0.229776
vn 0.020733 -0.997616 0.065828
vn 0.535393 0.165894 0.828151
vn 0.037694 -0.156582 -0.986946
vn -0.598199 0.000000 -0.801348
vn 0.020733 -0.997616 0.065828
vn 0.014073 0.177176 -0.984079
vn 0.026768 0.997272 0.068794
vn -0.598199 0.000000 -0.801348
vn 0.534394 -0.165584 0.828858
vn 0.026768 0.997272 0.068794
vn -0.653666 0.721020 0.229893
vn 0.993964 0.000001 0.109703
vn 0.860331 -0.498254 0.107578
vn 0.495396 -0.862685 0.101773
vn -0.002680 -0.995583 0.093847
vn -0.489745 -0.865419 0.105830
vn -0.489744 0.865419 0.105830
vn -0.002681 0.995583 0.093846
vn 0.495396 0.862685 0.101772
vn 0.860331 0.498255 0.107578
vn 0.903237 0.011437 -0.428989
vn 0.779227 -0.460347 -0.425306
vn 0.462579 -0.774769 -0.430992
vn -0.008053 -0.903554 -0.428399
vn -0.430029 -0.793575 -0.430482
vn -0.311065 -0.916254 -0.252423
vn -0.300768 0.939144 -0.165976
vn -0.448772 0.784338 -0.428272
vn 0.012165 0.903305 -0.428827
vn 0.442870 0.786427 -0.430578
vn 0.789209 0.442810 -0.425521
vn 0.423036 -0.110310 -0.899373
vn 0.075494 -0.275849 -0.958232
vn 0.200178 0.203661 -0.958359
vn -0.026712 -0.120188 -0.992392
vn -0.008777 0.175846 -0.984379
vn 0.000001 0.000000 1.000000
vn 0.535393 0.165894 0.828151
vn 0.000000 0.000000 1.000000
vn 0.609432 0.000000 0.792838
vn 0.534394 -0.165584 0.828858
vn 0.000001 0.000000 1.000000
vn 0.000000 0.000000 1.000000
vn 0.000001 0.000000 1.000000
vn -0.000000 -0.000000 1.000000
vn -0.000001 0.000000 1.000000
vn -0.000001 0.000000 1.000000
vn -0.000000 0.000000 1.000000
vn 0.000001 0.000000 1.000000
vn 0.000001 0.000000 1.000000
vn 0.000001 0.000000 1.000000
vn 0.000001 0.000000 1.000000
vn 0.000000 0.000000 1.000000
vn -0.000001 -0.000001 1.000000
vn -0.000001 -0.000001 1.000000
vn -0.000000 0.000000 1.000000
vn 0.000000 -1.000000 0.000000
vn -0.679953 -0.733256 0.000000
vn 0.000000 -1.000000 0.000000
vn -0.000000 0.000000 1.000000
vn 0.680811 -0.732459 0.000000
vn 0.000000 -1.000000 0.000000
vn -0.679953 -0.733256 0.000000
vn 0.000000 0.000000 -1.000000
vn 0.000000 -1.000000 0.000000
vn 0.000000 0.000000 -1.000000
vn 0.680811 -0.732459 0.000000
vn 0.000000 0.000000 1.000000
vn 0.772998 0.634408 0.000000
vn -0.000000 0.000000 1.000000
vn 0.000000 1.000000 0.000000
vn 0.000000 0.000000 1.000000
vn 1.000000 0.000000 0.000000
vn 0.000000 1.000000 0.000000
vn 0.000000 0.000000 -1.000000
vn 0.000000 1.000000 0.000000
vn 0.772998 0.634408 0.000000
vn -0.000000 0.000000 -1.000000
vn 0.000000 0.000000 -1.000000
vn 1.000000 0.000000 0.000000
vn 0.000000 1.000000 0.000000
vn 0.000000 0.000000 -1.000000
vn 0.000000 0.000000 -1.000000
vn 1.000000 0.000000 0.000000
vn 0.680811 -0.732459 0.000000
vn 0.000000 0.000000 1.000000
vn 1.000000 0.000000 0.000000
vn -0.000000 0.000000 1.000000
vn 0.680811 -0.732459 0.000000
vn -0.771954 -0.635678 0.000000
vn -0.000000 0.000000 1.000000
vn -0.679953 -0.733256 0.000000
vn 0.000000 0.000000 1.000000
vn -0.000000 0.000000 1.000000
vn -0.679953 -0.733256 0.000000
vn -0.000000 0.000000 -1.000000
vn -0.771954 -0.635678 0.000000
vn 0.000000 0.000000 -1.000000
vn 0.000000 0.000000 -1.000000
vn 0.772998 0.634408 0.000000
vn -0.000000 0.000000 1.000000
vn 0.772998 0.634408 0.000000
vn -0.000000 0.000000 -1.000000
vn -0.000000 0.000000 -1.000000
vn -0.771954 -0.635678 0.000000
vn -0.000000 0.000000 1.000000
vn -0.771954 -0.635678 0.000000
vn 0.000000 -1.000000 0.000000
vn -0.000000 0.000000 -1.000000
vn -0.679953 -0.733256 0.000000
vn 0.680811 -0.732459 0.000000
vn 0.000000 -1.000000 0.000000
vn -0.000000 0.000000 -1.000000
vn 0.000000 -1.000000 0.000000
vn -0.679953 -0.733256 0.000000
vn 0.000000 0.000000 1.000000
vn 0.000000 -1.000000 0.000000
vn 0.000000 0.000000 1.000000
vn 0.680811 -0.732459 0.000000
vn -0.000000 0.000000 -1.000000
vn 0.772998 0.634408 0.000000
vn 0.000000 0.000000 -1.000000
vn 0.000000 1.000000 0.000000
vn 0.000000 1.000000 0.000000
vn 0.000000 0.000000 -1.000000
vn 1.000000 0.000000 0.000000
vn -0.000000 0.000000 1.000000
vn 0.772998 0.634408 0.000000
vn 0.000000 1.000000 0.000000
vn 0.000000 0.000000 1.000000
vn 0.000000 0.000000 1.000000
vn 0.000000 1.000000 0.000000
vn 1.000000 0.000000 0.000000
vn 1.000000 0.000000 0.000000
vn 0.000000 0.000000 1.000000
vn 0.680811 -0.732459 0.000000
vn 0.000000 0.000000 1.000000
vn 0.680811 -0.732459 0.000000
vn 0.000000 0.000000 -1.000000
vn -0.000000 0.000000 -1.000000
vn 1.000000 0.000000 0.000000
vn 0.000000 0.000000 -1.000000
vn -0.679953 -0.733256 0.000000
vn -0.000000 0.000000 -1.000000
vn -0.000000 0.000000 -1.000000
vn -0.771954 -0.635678 0.000000
vn -0.771954 -0.635678 0.000000
vn 0.000000 0.000000 1.000000
vn -0.679953 -0.733256 0.000000
vn 0.000000 0.000000 1.000000
vn -0.000000 0.000000 1.000000
vn -0.000000 0.000000 -1.000000
vn 0.772998 0.634408 0.000000
vn -0.000000 0.000000 1.000000
vn 0.772998 0.634408 0.000000
vn -0.771954 -0.635678 0.000000
vn -0.000000 0.000000 1.000000
vn -0.771954 -0.635678 0.000000
vn -0.000000 0.000000 -1.000000
vn -0.646281 0.763099 0.000000
vn -0.003219 0.031285 -0.999505
vn 0.000000 1.000000 0.000000
vn -0.646281 0.763099 0.000000
vn 0.000000 1.000000 0.000000
vn 0.000000 1.000000 0.000000
vn 0.000000 1.000000 0.000001
vn -0.438695 0.031766 0.898075
vn -0.997389 0.072222 0.000000
vn 0.000000 1.000000 0.000002
vn -0.000000 1.000000 0.000000
vn 0.867181 -0.000000 -0.497993
vn -0.086652 0.000000 -0.996239
vn 0.000001 1.000000 0.000004
vn 0.000000 1.000000 0.000000
vn 0.000000 1.000000 0.000001
vn -0.003219 0.031285 -0.999505
vn 0.000000 1.000000 0.000003
vn -0.473810 0.037085 -0.879846
vn 0.000000 1.000000 0.000000
vn 0.000000 1.000000 0.000001
vn 0.000000 1.000000 0.000001
vn -0.478003 -0.029201 -0.877873
vn 0.973960 0.000000 0.226719
vn 0.494328 0.000000 0.869276
vn 0.000000 1.000000 0.000003
vn 0.000000 1.000000 0.000001
vn 0.000000 1.000000 0.000001
vn 0.860089 0.000003 -0.510144
vn 0.000000 1.000000 0.000001
vn 0.000000 1.000000 0.000000
vn -0.000000 1.000000 -0.000000
vn 0.000000 1.000000 -0.000001
vn -0.045155 0.000001 -0.998980
vn 0.000000 1.000000 -0.000000
vn 0.669944 0.000000 0.742412
vn 0.987887 0.000000 0.155174
vn 0.000000 1.000000 -0.000001
vn 0.000771 0.000000 1.000000
vn 0.000000 1.000000 0.000001
vn 0.000000 1.000000 0.000000
vn 0.494328 0.000000 0.869276
vn 0.000000 1.000000 0.000000
vn -0.981672 0.000000 -0.190581
vn -0.671729 0.000002 -0.740797
vn 0.000000 1.000000 -0.000000
vn 0.000000 1.000000 -0.000000
vn 0.000000 1.000000 0.000000
vn 0.669944 0.000000 0.742412
vn -0.046502 0.000000 0.998918
vn 0.000001 1.000000 0.000002
vn 0.809758 0.000000 0.586764
vn 0.000001 1.000000 0.000004
vn 0.999997 0.000002 -0.002320
vn -0.821565 -0.000002 -0.570115
vn 0.000001 1.000000 0.000002
vn 0.000000 1.000000 0.000000
vn -0.849015 0.000000 0.528369
vn 0.000000 1.000000 0.000000
vn 0.000000 1.000000 0.000000
vn 0.279604 0.000000 0.960115
vn 0.809758 0.000000 0.586764
vn 0.000001 1.000000 0.000002
vn 0.000771 0.000000 1.000000
vn -0.581950 0.000000 0.813225
vn 0.000000 1.000000 0.000001
vn 0.000000 1.000000 0.000000
vn -0.000122 0.000000 -1.000000
vn 0.000000 1.000000 0.000000
vn 0.000000 1.000000 0.000001
vn -0.497243 -0.015782 -0.867468
vn 0.807354 0.000000 -0.590068
vn 0.819168 0.000000 0.573554
vn 0.000000 1.000000 -0.000001
vn -0.086652 0.000000 -0.996239
vn 0.000001 1.000000 0.000004
vn 0.000001 1.000000 0.000002
vn -0.821565 -0.000002 -0.570114
vn -0.000000 1.000000 0.000000
vn -0.000000 1.000000 -0.000000
vn 0.867181 -0.000000 -0.497993
vn 0.987887 0.000000 0.155174
vn 0.000000 1.000000 -0.000001
vn 0.000000 1.000000 0.000000
vn -0.849015 0.000000 0.528369
vn -0.046502 0.000000 0.998918
vn 0.000000 1.000000 0.000000
vn 0.000000 1.000000 0.000001
vn 0.000000 1.000000 0.000000
vn -0.981672 0.000000 -0.190581
vn 0.000000 1.000000 0.000001
vn -0.581950 0.000000 0.813225
vn 0.973960 0.000000 0.226719
vn 0.000000 1.000000 0.000000
vn 0.860089 0.000003 -0.510144
vn 0.000000 1.000000 0.000001
vn -0.045155 0.000001 -0.998980
vn 0.000000 1.000000 -0.000001
vn -0.671729 0.000002 -0.740797
vn 0.000000 1.000000 -0.000000
vn 0.000000 1.000000 0.000000
vn 0.000000 1.000000 -0.000001
vn 0.000000 1.000000 0.000000
vn 0.807354 0.000000 -0.590068
vn 0.000000 1.000000 0.000000
vn 0.000000 1.000000 0.000001
vn -0.000122 0.000000 -1.000000
vn 0.279604 0.000000 0.960115
vn 0.000000 1.000000 -0.000001
vn 0.819168 0.000000 0.573554
vn 0.000000 1.000000 0.000000
vn -0.997389 0.072222 0.000000
vn 0.000086 1.000000 0.000000
vn -0.438695 0.031766 0.898075
vn 0.000086 1.000000 0.000000
vn 0.000000 1.000000 0.000001
vn 0.000000 1.000000 0.000000
vn -0.646281 0.763099 0.000000
vn -0.438695 0.031766 0.898075
vn 0.000000 0.000000 -1.000000
vn 0.000000 1.000000 0.000001
vn -0.000345 0.050489 -0.998725
vn -0.003156 0.044869 -0.998988
vn 0.679234 0.730481 0.070988
vn 0.582222 0.000000 -0.813030
vn -0.000001 1.000000 -0.000001
vn 1.000000 0.000002 0.000001
vn 0.582222 0.000000 -0.813030
vn 0.999997 0.000002 -0.002320
vn 0.000001 1.000000 0.000004
vn -0.000000 1.000000 0.000000
vn -0.000001 1.000000 -0.000001
vn 0.000000 1.000000 0.000002
vn 0.000000 0.000000 -1.000000
vn 0.679234 0.730481 0.070988
vn 0.000000 1.000000 0.000000
vn -0.194900 0.804924 -0.560457
vn -0.010186 0.009492 -0.999903
vn 0.000000 1.000000 0.000000
vn -0.000001 1.000000 -0.000001
vn 0.000000 1.000000 0.000000
vn 0.000000 0.000000 -1.000000
vn 0.255508 0.074928 0.963899
vn 0.000000 1.000000 0.000000
vn -0.000001 1.000000 -0.000001
vn 0.985560 0.101072 0.135850
vn 0.679234 0.730481 0.070988
vn 0.000000 1.000000 0.000000
vn 0.985560 0.101072 0.135850
vn -0.000001 1.000000 -0.000001
vn 0.484656 0.397162 0.779341
vn 0.484655 0.397162 0.779341
vn -0.000000 1.000000 0.000000
vn 0.753745 0.657167 0.000000
vn 0.000000 1.000000 0.000001
vn 0.000000 1.000000 0.000000
vn 0.000000 1.000000 0.000000
vn 0.985560 0.101072 0.135850
vn 0.255508 0.074928 0.963899
vn 0.000097 1.000000 0.000013
vn 0.000075 1.000000 0.000000
vn 0.000000 1.000000 0.000000
vn 0.000097 1.000000 0.000013
vn 0.484655 0.397162 0.779341
vn 0.985560 0.101072 0.135850
vn 0.679234 0.730481 0.070988
vn 0.000000 1.000000 0.000000
vn 0.255508 0.074928 0.963899
vn 0.000075 1.000000 0.000000
vn 0.000097 1.000000 0.000013
vn 0.000000 1.000000 0.000001
vn 0.753745 0.657167 0.000000
vn 0.484655 0.397162 0.779341
vn 0.000000 1.000000 0.000000
vn -0.000001 -1.000000 -0.000000
vn 0.000001 -1.000000 -0.000001
vn 0.000000 -1.000000 0.000001
vn 0.867181 -0.000000 -0.497993
vn -0.086652 0.000000 -0.996239
vn 0.000000 -1.000000 0.000001
vn 0.973960 0.000000 0.226719
vn 0.000000 -1.000000 0.000000
vn 0.494328 0.000000 0.869276
vn 0.000000 -1.000000 0.000000
vn 0.860089 0.000003 -0.510144
vn 0.000000 -1.000000 0.000003
vn 0.000000 -1.000000 0.000001
vn -0.045155 0.000001 -0.998980
vn 0.000000 -1.000000 0.000001
vn 0.987887 0.000000 0.155174
vn 0.669944 0.000000 0.742412
vn 0.000000 -1.000000 0.000001
vn 0.000000 -1.000000 0.000003
vn 0.000000 -1.000000 0.000000
vn 0.494328 0.000000 0.869276
vn 0.000000 -1.000000 0.000000
vn 0.000771 0.000000 1.000000
vn -0.671729 0.000002 -0.740797
vn 0.000000 -1.000000 0.000003
vn -0.981672 0.000000 -0.190581
vn 0.000000 -1.000000 0.000001
vn 0.000000 -1.000000 0.000003
vn -0.046502 0.000000 0.998918
vn 0.669944 0.000000 0.742412
vn 0.000000 -1.000000 0.000001
vn 0.809758 0.000000 0.586764
vn 0.000000 -1.000000 0.000001
vn 0.999997 0.000002 -0.002320
vn 0.000000 -1.000000 0.000000
vn -0.821565 -0.000002 -0.570115
vn 0.000000 -1.000000 0.000000
vn 0.000000 -1.000000 0.000000
vn -0.849015 0.000000 0.528369
vn 0.809758 0.000000 0.586764
vn 0.000000 -1.000000 0.000000
vn 0.000000 -1.000000 0.000000
vn 0.279604 0.000000 0.960115
vn 0.000000 -1.000000 0.000000
vn 0.000000 -1.000000 -0.000001
vn -0.581950 0.000000 0.813225
vn 0.000771 0.000000 1.000000
vn 0.000000 -1.000000 0.000000
vn 0.000000 -1.000000 0.000000
vn 0.000000 -1.000000 0.000000
vn 0.000000 -1.000000 -0.000001
vn -0.497243 -0.015782 -0.867468
vn -0.000122 0.000000 -1.000000
vn 0.819168 0.000000 0.573554
vn 0.807354 0.000000 -0.590068
vn 0.000000 -1.000000 0.000000
vn -0.086652 0.000000 -0.996239
vn 0.000000 -1.000000 0.000001
vn 0.000000 -1.000000 0.000000
vn -0.821565 -0.000002 -0.570114
vn 0.867181 -0.000000 -0.497993
vn 0.000000 -1.000000 0.000001
vn 0.987887 0.000000 0.155174
vn 0.000000 -1.000000 0.000003
vn 0.000000 -1.000000 0.000000
vn -0.046502 0.000000 0.998918
vn 0.000000 -1.000000 0.000000
vn -0.849015 0.000000 0.528369
vn 0.000000 -1.000000 0.000003
vn -0.581950 0.000000 0.813225
vn -0.981672 0.000000 -0.190581
vn 0.000000 -1.000000 0.000003
vn 0.000000 -1.000000 -0.000001
vn 0.000000 -1.000000 0.000000
vn -0.045155 0.000001 -0.998980
vn 0.000000 -1.000000 0.000001
vn -0.671729 0.000002 -0.740797
vn 0.000000 -1.000000 0.000003
vn 0.807354 0.000000 -0.590068
vn -0.000122 0.000000 -1.000000
vn 0.000000 -1.000000 0.000000
vn 0.000000 -1.000000 0.000000
vn 0.000000 -1.000000 0.000000
vn 0.000000 -1.000000 -0.000001
vn 0.000000 -1.000000 0.000000
vn 0.000000 -1.000000 0.000000
vn 0.279604 0.000000 0.960115
vn 0.819168 0.000000 0.573554
vn 0.000000 -1.000000 0.000000
vn 0.000000 -1.000000 0.000000
vn 0.582222 0.000000 -0.813030
vn 1.000000 0.000002 0.000001
vn 0.000000 -1.000000 0.000000
vn 0.000000 -1.000000 0.000001
vn 0.999997 0.000002 -0.002320
vn 0.582222 0.000000 -0.813030
vn 0.000001 -1.000000 -0.000001
vn -0.478002 -0.029201 -0.877873
vn -0.497243 -0.015782 -0.867468
vn 0.000000 1.000000 0.000001
vn 0.000000 1.000000 0.000003
vn 0.000000 -1.000000 0.000000
vn 0.000000 -1.000000 0.000001
vn 0.973960 0.000000 0.226719
vn 0.860089 0.000003 -0.510144
vn 0.000000 -1.000000 0.000000
vn 0.000000 -1.000000 0.000000
vn -0.478002 -0.029201 -0.877873
vn 0.000000 -1.000000 0.000001
vn -0.497243 -0.015782 -0.867468
vn -0.473810 0.037085 -0.879846
vn 0.864035 0.050484 -0.500894
vn 0.881415 0.019267 -0.471950
vn 0.864035 0.050484 -0.500894
vn -0.000001 -1.000000 -0.000000
vn 0.999705 0.024290 0.000000
vn 0.000000 -1.000000 0.000001
vn 0.000000 -1.000000 0.000001
vn 0.873133 -0.026112 -0.486782
vn 0.277355 -0.960110 -0.035545
vn 0.999896 -0.014437 0.000000
vn 0.324643 -0.945837 0.000000
vn 0.000000 1.000000 0.000000
vn 0.000000 1.000000 0.000001
vn -0.443687 0.880579 -0.166500
vn -0.264271 0.913322 -0.309844
vn -0.194900 0.804924 -0.560457
vn 0.000000 1.000000 0.000000
vn -0.264271 0.913322 -0.309844
vn -0.243702 0.885810 -0.394905
vn 0.000000 1.000000 0.000000
vn -0.264271 0.913322 -0.309844
vn -0.880227 0.050934 -0.471812
vn -0.775349 0.631533 0.000000
vn -0.443687 0.880579 -0.166500
vn -0.998294 0.058385 0.000000
vn -0.010186 0.009492 -0.999903
vn 0.000000 0.000000 -1.000000
vn -0.003156 0.044869 -0.998988
vn -0.010175 0.047104 -0.998838
vn -0.243702 0.885810 -0.394905
vn -0.264271 0.913322 -0.309844
vn -0.880227 0.050934 -0.471812
vn -0.524854 0.041989 -0.850156
vn -0.010186 0.009492 -0.999903
vn -0.243702 0.885810 -0.394905
vn -0.524854 0.041989 -0.850156
vn -0.194900 0.804924 -0.560457
vn -0.010175 0.047104 -0.998838
vn -0.998294 0.058385 0.000000
vn -1.000000 0.000000 0.000000
vn -0.880227 0.050934 -0.471812
vn -0.881370 0.000000 -0.472426
vn -0.880227 0.050934 -0.471812
vn -0.514189 -0.019797 -0.857448
vn -0.881370 0.000000 -0.472426
vn -0.524854 0.041989 -0.850156
vn 0.010645 0.999941 -0.002112
vn -0.003156 0.044869 -0.998988
vn -0.514189 -0.019797 -0.857448
vn -0.010175 0.047104 -0.998838
vn -0.579540 -0.032445 -0.814297
vn -0.524854 0.041989 -0.850156
vn 0.000000 1.000000 0.000001
vn -0.000345 0.050489 -0.998725
vn -0.646281 0.763099 0.000000
vn -0.003219 0.031285 -0.999505
vn -0.003156 0.044869 -0.998988
vn 0.000385 -0.043763 -0.999042
vn -0.000345 0.050489 -0.998725
vn 0.010645 0.999941 -0.002112
vn 0.504511 -0.061627 -0.861203
vn 0.999896 -0.014437 0.000000
vn 0.999705 0.024290 0.000000
vn 0.873133 -0.026112 -0.486782
vn 0.881415 0.019267 -0.471950
vn -0.000000 -1.000000 0.000000
vn -0.473810 0.037085 -0.879846
vn 0.864035 0.050484 -0.500894
vn 0.864035 0.050484 -0.500894
vn -0.000000 -1.000000 0.000000
vn 0.881415 0.019267 -0.471950
vn 0.873133 -0.026112 -0.486782
vn 0.052368 -0.012765 -0.998546
vn -0.000000 -1.000000 0.000000
vn -0.003219 0.031285 -0.999505
vn 0.000385 -0.043763 -0.999042
vn -0.473810 0.037085 -0.879846
vn -0.000345 0.050489 -0.998725
vn 0.052368 -0.012765 -0.998546
vn -0.881371 0.000000 -0.472426
vn -0.000001 -1.000000 -0.000001
vn 0.000000 -1.000000 0.000000
vn -1.000000 0.000000 0.000000
vn -0.514189 -0.019797 -0.857448
vn -0.000001 -1.000000 -0.000001
vn -0.881370 0.000000 -0.472426
vn 0.000000 -1.000000 0.000000
vn -0.514189 -0.019797 -0.857448
vn -0.997585 -0.069452 0.000000
vn -0.597177 -0.047400 -0.800708
vn -0.579540 -0.032445 -0.814297
vn -0.000001 -1.000000 -0.000001
vn -0.000119 -1.000000 0.000000
vn -0.997585 -0.069452 0.000000
vn -0.000105 -1.000000 0.000544
vn -0.597177 -0.047400 -0.800708
vn 0.008257 -0.999966 0.000000
vn -0.000119 -1.000000 0.000000
vn 0.000385 -0.043763 -0.999042
vn 0.504511 -0.061627 -0.861203
vn -0.000105 -1.000000 0.000544
vn 0.873133 -0.026112 -0.486782
vn 0.277355 -0.960110 -0.035545
vn 0.052368 -0.012765 -0.998546
vn 0.109771 -0.992029 -0.061883
vn 0.008257 -0.999966 0.000000
vn -0.070994 -0.997477 0.000000
vn 0.000385 -0.043763 -0.999042
vn 0.052368 -0.012765 -0.998546
vn 0.109771 -0.992029 -0.061883
vn -0.597177 -0.047400 -0.800708
vn -0.000105 -1.000000 0.000544
vn 0.504511 -0.061627 -0.861203
vn 0.504511 -0.061627 -0.861203
vn -0.597177 -0.047400 -0.800708
vn 0.010645 0.999941 -0.002112
vn -0.579540 -0.032445 -0.814297
vn -0.646281 0.763100 0.000001
vn 0.000000 1.000000 0.000000
vn -0.003219 0.031285 0.999505
vn 0.000000 1.000000 0.000000
vn 0.000000 1.000000 0.000000
vn 0.000000 1.000000 0.000000
vn -0.997389 0.072222 0.000000
vn -0.646281 0.763100 0.000001
vn -0.438695 0.031766 -0.898075
vn 0.000000 1.000000 0.000000
vn 0.000000 1.000000 0.000000
vn 0.000000 1.000000 0.000001
vn -0.000000 1.000000 0.000000
vn -0.000000 1.000000 0.000000
vn -0.000000 1.000000 -0.000000
vn 0.000000 1.000000 0.000001
vn -0.000000 1.000000 0.000000
vn -0.000000 1.000000 -0.000002
vn 0.000000 1.000000 0.000002
vn -0.000000 1.000000 0.000000
vn -0.000000 1.000000 0.000000
vn -0.473810 0.037085 0.879846
vn 0.000000 1.000000 0.000000
vn -0.000000 1.000000 0.000000
vn -0.000000 1.000000 -0.000002
vn -0.003219 0.031285 0.999505
vn -0.478007 -0.029203 0.877870
vn -0.000000 1.000000 0.000000
vn -0.000000 1.000000 0.000000
vn 0.000000 1.000000 0.000000
vn 0.867181 0.000000 0.497993
vn 0.000000 1.000000 0.000000
vn -0.000000 1.000000 0.000000
vn -0.086651 0.000000 0.996239
vn -0.000000 1.000000 -0.000002
vn -0.000000 1.000000 0.000000
vn 0.867181 0.000000 0.497993
vn 0.000000 1.000000 0.000003
vn -0.000000 1.000000 0.000000
vn 0.987887 0.000000 -0.155174
vn -0.000000 1.000000 0.000000
vn 0.494329 0.000000 -0.869275
vn -0.000000 1.000000 0.000000
vn 0.000000 1.000000 0.000001
vn 0.973960 0.000000 -0.226720
vn -0.000000 1.000000 0.000000
vn -0.478007 -0.029203 0.877870
vn -0.497243 -0.015783 0.867467
vn 0.000000 1.000000 0.000001
vn 0.000000 1.000000 0.000000
vn -0.671729 0.000000 0.740797
vn 0.000000 1.000000 0.000003
vn -0.045155 -0.000001 0.998980
vn 0.669944 0.000000 -0.742412
vn 0.000000 1.000000 0.000000
vn 0.000000 1.000000 0.000003
vn 0.987887 0.000000 -0.155174
vn -0.046502 0.000000 -0.998918
vn 0.669944 0.000000 -0.742412
vn 0.000000 1.000000 0.000008
vn 0.000000 1.000000 0.000000
vn 0.000000 1.000000 0.000008
vn -0.671729 0.000000 0.740797
vn 0.000000 1.000000 0.000000
vn -0.981671 0.000000 0.190585
vn 0.999997 0.000000 0.002320
vn -0.000000 1.000000 0.000000
vn -0.000001 1.000000 -0.000001
vn 0.000000 1.000000 0.000000
vn -0.000000 1.000000 -0.000002
vn 0.582222 0.000000 0.813030
vn -0.086651 0.000000 0.996239
vn -0.821566 0.000000 0.570113
vn 0.000000 1.000000 0.000000
vn 0.000001 1.000000 -0.000001
vn 0.809758 0.000002 -0.586764
vn 0.999997 0.000000 0.002320
vn 0.000001 1.000000 -0.000001
vn 0.000000 1.000000 0.000000
vn 0.000001 1.000000 -0.000002
vn -0.000001 1.000000 0.000000
vn 0.279604 0.000000 -0.960115
vn 0.000001 1.000000 -0.000001
vn 0.809758 0.000002 -0.586764
vn 0.000001 1.000000 -0.000002
vn -0.821566 0.000000 0.570113
vn 0.000001 1.000000 -0.000001
vn -0.849016 0.000000 -0.528367
vn 0.000000 1.000000 0.000001
vn 0.000000 1.000000 -0.000003
vn -0.000122 0.000000 1.000000
vn -0.497243 -0.015783 0.867467
vn 0.494329 0.000000 -0.869275
vn 0.000000 1.000000 -0.000003
vn 0.000771 0.000000 -1.000000
vn 0.000000 1.000000 0.000001
vn -0.581950 0.000000 -0.813225
vn 0.000000 1.000000 -0.000003
vn 0.000771 0.000000 -1.000000
vn -0.000000 1.000000 0.000000
vn -0.000000 1.000000 0.000000
vn 0.000001 1.000000 -0.000002
vn 0.807354 0.000000 0.590067
vn 0.000000 1.000000 -0.000003
vn -0.000122 0.000000 1.000000
vn -0.000001 1.000000 0.000000
vn -0.000000 1.000000 0.000000
vn -0.046502 0.000000 -0.998918
vn 0.000000 1.000000 0.000008
vn 0.000001 1.000000 -0.000002
vn -0.849016 0.000000 -0.528367
vn 0.279604 0.000000 -0.960115
vn 0.819168 0.000000 -0.573554
vn -0.000001 1.000000 0.000000
vn -0.000001 1.000000 0.000000
vn 0.819168 0.000000 -0.573554
vn 0.807354 0.000000 0.590067
vn -0.000000 1.000000 0.000000
vn 0.973960 0.000000 -0.226720
vn 0.860089 -0.000003 0.510144
vn -0.000000 1.000000 -0.000002
vn -0.045155 -0.000001 0.998980
vn 0.860089 -0.000003 0.510144
vn -0.000000 1.000000 0.000000
vn -0.000000 1.000000 0.000000
vn -0.000000 1.000000 -0.000002
vn 0.000000 1.000000 0.000003
vn -0.000345 0.050489 0.998725
vn -0.003219 0.031285 0.999505
vn -0.646281 0.763100 0.000001
vn 0.000000 1.000000 -0.000001
vn -0.438695 0.031766 -0.898075
vn 0.000000 1.000000 -0.000001
vn 0.000086 1.000000 0.000000
vn 0.000000 1.000000 0.000000
vn -0.646281 0.763100 0.000001
vn -0.997389 0.072222 0.000000
vn -0.438695 0.031766 -0.898075
vn 0.000086 1.000000 0.000000
vn -0.000000 0.000000 1.000000
vn 0.679233 0.730481 -0.070990
vn -0.003156 0.044869 0.998988
vn -0.000345 0.050489 0.998725
vn 0.000000 1.000000 -0.000001
vn 0.255508 0.074928 -0.963899
vn 0.000075 1.000000 0.000000
vn 0.679233 0.730481 -0.070990
vn 0.000097 1.000000 -0.000015
vn 0.000000 1.000000 -0.000001
vn 0.000000 1.000000 0.000000
vn -0.000001 1.000000 -0.000001
vn 0.582222 0.000000 0.813030
vn 1.000000 0.000002 0.000001
vn 0.000097 1.000000 -0.000015
vn 0.985561 0.101070 -0.135849
vn 0.000075 1.000000 0.000000
vn 0.484656 0.397162 -0.779341
vn 0.000000 1.000000 0.000000
vn 0.000000 1.000000 0.000002
vn 0.679233 0.730481 -0.070990
vn -0.000000 0.000000 1.000000
vn 0.000000 1.000000 0.000000
vn 0.000000 1.000000 0.000002
vn 0.985561 0.101070 -0.135849
vn 0.255508 0.074928 -0.963899
vn 0.679233 0.730481 -0.070990
vn 0.000000 1.000000 0.000002
vn 0.000000 1.000000 -0.000000
vn 0.000000 1.000000 0.000000
vn -0.000000 0.000000 1.000000
vn -0.194901 0.804927 0.560452
vn -0.010186 0.009492 0.999903
vn 0.985561 0.101070 -0.135849
vn 0.484656 0.397162 -0.779341
vn 0.000000 1.000000 -0.000000
vn 0.000000 1.000000 0.000000
vn -0.000000 1.000000 0.000000
vn -0.000000 1.000000 -0.000001
vn -0.000000 1.000000 0.000000
vn 0.753745 0.657167 0.000000
vn 0.484656 0.397162 -0.779341
vn 0.000000 1.000000 -0.000000
vn -0.194901 0.804927 0.560452
vn -0.264271 0.913322 0.309845
vn -0.243702 0.885811 0.394902
vn -0.000000 1.000000 0.000000
vn 0.000000 1.000000 -0.000000
vn 0.000097 1.000000 -0.000015
vn 0.255508 0.074928 -0.963899
vn 0.985561 0.101070 -0.135849
vn 0.484656 0.397162 -0.779341
vn 0.753745 0.657167 0.000000
vn 0.000000 1.000000 0.000000
vn 0.000000 -1.000000 0.000002
vn -0.086651 0.000000 0.996239
vn -0.000001 -1.000000 -0.000000
vn -0.000001 -1.000000 0.000000
vn 0.000001 -1.000000 -0.000001
vn 0.867181 0.000000 0.497993
vn 0.000000 -1.000000 0.000000
vn 0.987887 0.000000 -0.155174
vn 0.867181 0.000000 0.497993
vn -0.000001 -1.000000 0.000000
vn -0.000001 -1.000000 0.000000
vn 0.000000 -1.000000 -0.000000
vn 0.000000 -1.000000 0.000000
vn 0.860089 -0.000003 0.510144
vn -0.045155 -0.000001 0.998980
vn 0.860089 -0.000003 0.510144
vn 0.000000 -1.000000 -0.000000
vn 0.000000 -1.000000 -0.000000
vn 0.973960 0.000000 -0.226720
vn 0.000000 -1.000000 -0.000000
vn 0.000000 -1.000000 0.000000
vn -0.497244 -0.015783 0.867467
vn -0.478007 -0.029203 0.877870
vn -0.473810 0.037085 0.879846
vn 0.000000 -1.000000 -0.000000
vn 0.864035 0.050484 0.500894
vn 0.000000 -1.000000 0.000000
vn 0.494329 0.000000 -0.869275
vn 0.973960 0.000000 -0.226720
vn 0.000000 -1.000000 -0.000000
vn 0.000771 0.000000 -1.000000
vn 0.494329 0.000000 -0.869275
vn -0.000000 -1.000000 0.000003
vn 0.000000 -1.000000 0.000000
vn -0.000000 -1.000000 -0.000006
vn -0.981671 0.000000 0.190585
vn 0.000000 -1.000000 -0.000001
vn -0.671729 0.000000 0.740797
vn 0.000000 -1.000000 -0.000001
vn -0.671729 0.000000 0.740797
vn -0.045155 -0.000001 0.998980
vn 0.000000 -1.000000 0.000000
vn 0.000000 -1.000000 -0.000001
vn 0.987887 0.000000 -0.155174
vn 0.000000 -1.000000 0.000000
vn 0.669944 0.000000 -0.742412
vn -0.000000 -1.000000 -0.000006
vn 0.000000 -1.000000 -0.000001
vn -0.046502 0.000000 -0.998918
vn 0.669944 0.000000 -0.742412
vn 0.582222 0.000000 0.813030
vn 1.000000 0.000002 0.000001
vn 0.000000 -1.000000 0.000000
vn -0.821566 0.000000 0.570113
vn -0.000001 -1.000000 0.000001
vn -0.000001 -1.000000 0.000003
vn -0.849016 0.000000 -0.528367
vn -0.821566 0.000000 0.570113
vn -0.000001 -1.000000 0.000001
vn -0.086651 0.000000 0.996239
vn 0.000000 -1.000000 0.000002
vn 0.809758 0.000002 -0.586764
vn 0.000000 -1.000000 0.000002
vn 0.999997 0.000000 0.002320
vn -0.000001 -1.000000 0.000001
vn 0.000001 -1.000000 0.000000
vn 0.279604 0.000000 -0.960115
vn -0.000001 -1.000000 0.000003
vn -0.000001 -1.000000 0.000001
vn 0.809758 0.000002 -0.586764
vn -0.046502 0.000000 -0.998918
vn 0.000000 -1.000000 -0.000001
vn -0.000001 -1.000000 0.000003
vn -0.000000 -1.000000 -0.000006
vn -0.849016 0.000000 -0.528367
vn 0.000771 0.000000 -1.000000
vn -0.000000 -1.000000 0.000003
vn 0.000000 -1.000000 -0.000001
vn -0.581950 0.000000 -0.813225
vn -0.981671 0.000000 0.190585
vn -0.000000 1.000000 0.000000
vn -0.581950 0.000000 -0.813225
vn 0.000000 1.000000 0.000008
vn 0.000000 -1.000000 -0.000001
vn -0.581950 0.000000 -0.813225
vn -0.000000 -1.000000 -0.000006
vn -0.981671 0.000000 0.190585
vn 0.000001 -1.000000 0.000000
vn -0.000122 0.000000 1.000000
vn -0.000000 -1.000000 0.000003
vn 0.000000 -1.000000 -0.000001
vn -0.000001 -1.000000 0.000003
vn 0.807354 0.000000 0.590067
vn -0.000122 0.000000 1.000000
vn -0.000000 -1.000000 0.000003
vn 0.000000 -1.000000 0.000000
vn -0.497243 -0.015783 0.867467
vn 0.819168 0.000000 -0.573554
vn 0.279604 0.000000 -0.960115
vn 0.000001 -1.000000 0.000000
vn 0.807354 0.000000 0.590067
vn 0.000001 -1.000000 0.000000
vn 0.819168 0.000000 -0.573554
vn 0.000000 -1.000000 0.000000
vn 0.999997 0.000000 0.002320
vn 0.000000 -1.000000 0.000002
vn 0.000001 -1.000000 -0.000001
vn 0.582222 0.000000 0.813030
vn 0.000000 -1.000000 -0.000000
vn -0.000001 -1.000000 0.000000
vn 0.999705 0.024290 0.000000
vn 0.881415 0.019267 0.471950
vn 0.864035 0.050484 0.500894
vn -0.000001 -1.000000 -0.000000
vn 0.000000 -1.000000 0.000000
vn -0.473810 0.037085 0.879846
vn 0.864035 0.050484 0.500894
vn -0.000345 0.050489 0.998725
vn 0.000385 -0.043763 0.999042
vn 0.052368 -0.012765 0.998546
vn -0.473810 0.037085 0.879846
vn -0.003219 0.031285 0.999505
vn 0.000000 -1.000000 0.000000
vn 0.052368 -0.012765 0.998546
vn 0.000000 -1.000000 0.000000
vn 0.873133 -0.026113 0.486782
vn 0.864035 0.050484 0.500894
vn 0.881415 0.019267 0.471950
vn 0.873133 -0.026113 0.486782
vn 0.881415 0.019267 0.471950
vn 0.999705 0.024290 0.000000
vn 0.999896 -0.014437 0.000000
vn -0.443687 0.880579 -0.166500
vn -0.000000 1.000000 -0.000001
vn 0.000000 1.000000 0.000001
vn -0.443686 0.880580 0.166502
vn -0.000000 1.000000 0.000000
vn -0.775349 0.631533 0.000000
vn -0.194901 0.804927 0.560452
vn -0.524854 0.041989 0.850156
vn -0.010175 0.047104 0.998838
vn -0.010186 0.009492 0.999903
vn -0.243702 0.885811 0.394902
vn -0.775349 0.631533 0.000000
vn -0.880227 0.050934 0.471812
vn -0.998294 0.058385 0.000000
vn -0.443686 0.880580 0.166502
vn -0.264271 0.913322 0.309845
vn -0.243702 0.885811 0.394902
vn -0.264271 0.913322 0.309845
vn -0.880227 0.050934 0.471812
vn -0.524854 0.041989 0.850156
vn -0.000000 1.000000 -0.000001
vn -0.443686 0.880580 0.166502
vn -0.264271 0.913322 0.309845
vn -0.000000 1.000000 0.000000
vn -1.000000 0.000000 0.000000
vn -0.881371 0.000000 0.472426
vn -0.880227 0.050934 0.471812
vn -0.998294 0.058385 0.000000
vn -0.524854 0.041989 0.850156
vn -0.514189 -0.019798 0.857448
vn -0.880227 0.050934 0.471812
vn -0.881371 0.000000 0.472426
vn -0.003156 0.044869 0.998988
vn -0.010186 0.009492 0.999903
vn -0.010175 0.047104 0.998838
vn -0.000000 0.000000 1.000000
vn -0.010175 0.047104 0.998838
vn -0.003156 0.044869 0.998988
vn -0.514189 -0.019798 0.857448
vn 0.010645 0.999941 0.002113
vn -0.524854 0.041989 0.850156
vn -0.579541 -0.032446 0.814297
vn -0.000345 0.050489 0.998725
vn 0.000385 -0.043763 0.999042
vn 0.010645 0.999941 0.002113
vn 0.504511 -0.061627 0.861203
vn -0.003156 0.044869 0.998988
vn 0.999896 -0.014437 0.000000
vn 0.324643 -0.945837 0.000000
vn 0.873133 -0.026113 0.486782
vn 0.277355 -0.960110 0.035545
vn 0.873133 -0.026113 0.486782
vn 0.052368 -0.012765 0.998546
vn 0.277355 -0.960110 0.035545
vn 0.109771 -0.992029 0.061882
vn 0.000000 -1.000000 0.000002
vn -0.881371 0.000000 0.472426
vn 0.000000 -1.000000 0.000000
vn -1.000000 0.000000 0.000000
vn -0.881371 0.000000 0.472426
vn 0.000000 -1.000000 0.000002
vn -0.514189 -0.019798 0.857448
vn -0.579541 -0.032446 0.814297
vn -0.597177 -0.047400 0.800708
vn -0.514189 -0.019798 0.857448
vn 0.000000 -1.000000 0.000002
vn 0.000000 -1.000000 0.000000
vn -0.997585 -0.069452 0.000000
vn 0.000385 -0.043763 0.999042
vn 0.052368 -0.012765 0.998546
vn 0.008257 -0.999966 0.000000
vn -0.070994 -0.997477 0.000000
vn 0.109771 -0.992029 0.061882
vn -0.000119 -1.000000 0.000000
vn 0.000385 -0.043763 0.999042
vn 0.504511 -0.061627 0.861203
vn -0.000105 -1.000000 -0.000544
vn 0.008257 -0.999966 0.000000
vn 0.504511 -0.061627 0.861203
vn -0.000105 -1.000000 -0.000544
vn -0.597177 -0.047400 0.800708
vn 0.504511 -0.061627 0.861203
vn -0.597177 -0.047400 0.800708
vn -0.579541 -0.032446 0.814297
vn 0.010645 0.999941 0.002113
vn -0.997585 -0.069452 0.000000
vn -0.000105 -1.000000 -0.000544
vn -0.000119 -1.000000 0.000000
vn -0.597177 -0.047400 0.800708
vn 0.324643 -0.945837 0.000000
vn 0.109771 -0.992029 0.061882
vn 0.277355 -0.960110 0.035545
vn 0.277355 -0.960110 -0.035545
vn 0.109771 -0.992029 -0.061883
vn -0.070994 -0.997477 0.000000
vn 1.000000 -0.000000 0.000000
vn 0.866025 -0.500001 0.000000
vn 0.500000 -0.866025 0.000000
vn -0.000000 -1.000000 0.000000
vn -0.500000 -0.866025 0.000000
vn -0.866026 -0.500000 0.000000
vn -1.000000 0.000001 -0.000000
vn -0.866025 0.500001 -0.000000
vn -0.500000 0.866025 -0.000000
vn -0.000001 1.000000 0.000000
vn 0.500000 0.866026 0.000000
vn 0.866025 0.500001 0.000000
vn 1.000000 0.000000 0.000000
vn 0.866025 -0.500001 0.000000
vn 0.500000 -0.866025 0.000000
vn -0.000000 -1.000000 0.000000
vn -0.500000 -0.866025 0.000000
vn -0.866026 -0.499999 0.000000
vn -1.000000 0.000001 -0.000000
vn -0.866025 0.500001 -0.000000
vn -0.500000 0.866025 -0.000000
vn -0.000001 1.000000 0.000000
vn 0.499999 0.866026 0.000000
vn 0.866025 0.500001 0.000000
vn -0.811173 0.000000 0.584807
vn -0.811173 0.000000 -0.584806
vn 0.811174 0.000000 -0.584805
vn 0.811174 0.000000 0.584805
vn 0.000000 1.000000 0.000001
vn 0.000000 0.000000 -1.000000
vn -0.811173 0.000000 -0.584806
vn 0.811174 0.000000 -0.584805
vn 0.000000 1.000000 -0.000001
vn 0.811174 0.000000 0.584805
vn -0.811173 0.000000 0.584807
vn -0.811173 0.000000 -0.584806
vn 0.000000 1.000000 0.000001
vn 0.000000 1.000000 -0.000001
vn 0.000000 0.000002 1.000000
vn 0.811174 0.000000 0.584805
vn 0.000000 0.000002 1.000000
vn 0.000000 0.000002 1.000000
vn -0.811172 0.000000 0.584807
vn 0.000000 0.000001 -1.000000
vn 0.000000 1.000000 0.000001
vn 0.000000 0.000000 -1.000000
vn -0.698906 0.715214 0.000000
vn 0.000000 0.000000 -1.000000
vn -0.698906 0.715214 0.000000
vn 0.000000 0.000002 1.000000
vn 0.000000 0.000000 1.000000
vn 0.000000 1.000000 0.000001
vn 0.000000 0.000002 1.000000
vn 0.000000 0.000000 -1.000000
vn 0.000000 0.000000 -1.000000
vn 0.811174 0.000000 -0.584805
vn 0.000000 0.000000 -1.000000
vn 0.698906 0.715214 0.000000
vn 0.000000 0.000000 -1.000000
vn 0.000000 1.000000 -0.000001
vn 0.000000 0.000001 -1.000000
vn 0.000000 0.000002 1.000000
vn 0.000000 1.000000 -0.000001
vn 0.000000 0.000000 1.000000
vn 0.000000 0.000002 1.000000
vn 0.698906 0.715214 0.000000
vn 0.000000 0.000000 1.000000
vn 0.000000 1.000000 0.000000
vn -0.698906 0.715214 0.000000
vn 0.000000 1.000000 0.000000
vn 0.000000 0.000001 -1.000000
vn -0.698906 0.715214 0.000000
vn 0.698906 0.715214 0.000000
vn 0.000000 1.000000 0.000000
vn 0.000000 0.000001 -1.000000
vn 0.000000 1.000000 0.000000
vn 0.000000 0.000000 1.000000
vn 0.698906 0.715214 0.000000
vn -0.811173 0.000000 -0.584806
vn 0.000000 0.000000 -1.000000
vn 0.000000 0.000000 -1.000000
vn 0.811174 0.000000 0.584805
vn 0.000000 0.000002 1.000000
vn 0.000000 0.000002 1.000000
vn 0.811174 0.000000 -0.584805
vn 0.000000 0.000000 -1.000000
vn 0.000000 1.000000 -0.000001
vn -0.811173 0.000000 0.584807
vn 0.000000 1.000000 0.000001
vn 0.000000 0.000002 1.000000
vn 0.000000 1.000000 -0.000001
vn 0.573576 -0.000000 0.819152
vn 0.996195 0.000000 -0.087155
vn 0.000000 1.000000 0.000002
vn 0.025080 0.997340 -0.068436
vn 0.871349 -0.000000 0.490664
vn 0.996195 0.000000 -0.087155
vn 0.000000 1.000000 -0.000001
vn 0.000000 1.000000 -0.000001
vn 0.025080 0.997340 -0.068436
vn -0.573576 0.000000 -0.819152
vn -0.791933 0.000000 -0.610608
vn 0.000000 1.000000 -0.000000
vn 0.000000 1.000000 -0.000000
vn -0.996195 0.000000 0.087155
vn -0.573576 0.000000 -0.819152
vn 0.000000 1.000000 -0.000001
vn 0.000000 1.000000 0.000002
vn 0.000000 1.000000 -0.000000
vn -0.996195 0.000000 0.087155
vn -0.422619 -0.000000 0.906308
vn 0.573576 -0.000000 0.819152
vn -0.422619 -0.000000 0.906308
vn 0.000000 1.000000 0.000002
vn 0.573576 -0.000000 0.819152
vn 0.000000 -1.000000 0.000000
vn 0.996195 0.000000 -0.087155
vn 0.000000 -1.000000 0.000000
vn -0.996195 0.000000 0.087155
vn 0.000000 -1.000000 0.000000
vn -0.573576 0.000000 -0.819152
vn -0.422619 -0.000000 0.906308
vn -0.996195 0.000000 0.087155
vn 0.000000 -1.000000 0.000000
vn 0.000000 -1.000000 0.000000
vn 0.000000 -1.000000 0.000000
vn 0.000000 -1.000000 0.000000
vn -0.422619 -0.000000 0.906308
vn 0.573576 -0.000000 0.819152
vn 0.996195 0.000000 -0.087155
vn 0.871349 -0.000000 0.490664
vn 0.025080 -0.997340 -0.068437
vn 0.000000 -1.000000 0.000000
vn 0.025080 -0.997340 -0.068437
vn -0.573576 0.000000 -0.819152
vn -0.791933 0.000000 -0.610608
vn 0.000000 -1.000000 0.000000
vn 0.000000 -1.000000 0.000000
vn 0.871349 -0.000000 0.490664
vn 0.991576 0.000000 -0.129524
vn 0.025080 0.997340 -0.068436
vn -0.000000 1.000000 0.000000
vn 0.025080 0.997340 -0.068436
vn -0.000000 1.000000 0.000000
vn -0.791933 0.000000 -0.610608
vn -0.988987 0.000000 0.148000
vn -0.000001 -1.000000 0.000000
vn -0.988987 0.000000 0.148000
vn 0.025080 -0.997340 -0.068437
vn -0.791933 0.000000 -0.610608
vn 0.991576 0.000000 -0.129524
vn -0.000001 -1.000000 0.000000
vn 0.871349 -0.000000 0.490664
vn 0.025080 -0.997340 -0.068437
vn 0.991576 0.000000 -0.129524
vn -0.173366 0.000000 -0.984857
vn -0.000000 1.000000 0.000000
vn -0.988987 0.000000 0.148000
vn -0.000000 1.000000 0.000000
vn -0.173366 0.000000 -0.984857
vn -0.988987 0.000000 0.148000
vn -0.173366 0.000000 -0.984857
vn -0.000001 -1.000000 0.000000
vn -0.000001 -1.000000 0.000000
vn 0.991576 0.000000 -0.129524
vn -0.173366 0.000000 -0.984857
vn -0.856175 -0.052339 0.514028
vn -0.044874 0.998629 0.026940
vn -0.044874 0.998629 0.026941
vn 0.017686 -0.026169 0.999501
vn -0.873860 -0.026171 -0.485473
vn -0.044874 0.998629 0.026942
vn -0.044874 0.998629 0.026941
vn -0.856175 -0.052339 0.514028
vn -0.873860 -0.026171 -0.485473
vn -0.017686 0.026170 -0.999501
vn -0.044874 0.998629 0.026940
vn -0.044874 0.998629 0.026942
vn 0.856174 0.052339 -0.514029
vn -0.017686 0.026170 -0.999501
vn -0.044874 0.998629 0.026940
vn -0.044874 0.998629 0.026940
vn 0.873860 0.026171 0.485473
vn -0.044874 0.998629 0.026941
vn -0.044874 0.998629 0.026940
vn 0.856174 0.052339 -0.514029
vn 0.017686 -0.026169 0.999501
vn -0.044874 0.998629 0.026940
vn -0.044874 0.998629 0.026941
vn 0.873860 0.026171 0.485473
vn 0.017686 -0.026169 0.999501
vn -0.856175 -0.052339 0.514028
vn -0.873860 -0.026171 -0.485473
vn -0.856175 -0.052339 0.514028
vn -0.873860 -0.026171 -0.485473
vn -0.017686 0.026170 -0.999501
vn -0.017686 0.026170 -0.999501
vn 0.856174 0.052339 -0.514029
vn 0.856174 0.052339 -0.514029
vn 0.873860 0.026171 0.485473
vn 0.873860 0.026171 0.485473
vn 0.017686 -0.026169 0.999501
vn -0.873860 -0.026169 -0.485472
vn -0.856175 -0.052338 0.514028
vn -0.044874 0.998629 0.026941
vn -0.044874 0.998629 0.026942
vn -0.856175 -0.052338 0.514028
vn 0.017691 -0.026168 0.999501
vn -0.044874 0.998629 0.026940
vn -0.044874 0.998629 0.026941
vn 0.873860 0.026171 0.485473
vn 0.017691 -0.026168 0.999501
vn -0.044874 0.998629 0.026941
vn -0.044874 0.998629 0.026940
vn 0.873860 0.026171 0.485473
vn -0.044874 0.998629 0.026941
vn 0.856175 0.052340 -0.514029
vn -0.044874 0.998629 0.026940
vn 0.856174 0.052340 -0.514029
vn -0.044874 0.998629 0.026940
vn -0.017686 0.026168 -0.999501
vn -0.044874 0.998629 0.026940
vn -0.017686 0.026168 -0.999501
vn -0.044874 0.998629 0.026942
vn -0.873860 -0.026169 -0.485472
vn -0.044874 0.998629 0.026940
vn -0.873861 -0.026171 -0.485471
vn -0.044874 0.998629 0.026942
vn -0.044872 0.998629 0.026941
vn -0.514735 0.000001 -0.857350
vn -0.044874 0.998629 0.026940
vn 0.514735 0.000000 0.857349
vn -0.044874 0.998629 0.026940
vn 0.017686 -0.026169 0.999501
vn -0.044872 0.998629 0.026941
vn -0.044874 0.998629 0.026942
vn 0.017686 -0.026169 0.999501
vn -0.044874 0.998629 0.026940
vn -0.484103 -0.045328 0.873837
vn -0.044874 0.998629 0.026943
vn -0.044874 0.998629 0.026940
vn -0.044874 0.998629 0.026940
vn -0.044876 0.998629 0.026946
vn 0.856175 0.052339 -0.514028
vn -0.044874 0.998629 0.026943
vn 0.484101 0.045327 -0.873837
vn -0.044875 0.998629 0.026941
vn 0.998836 0.045328 -0.016487
vn -0.044876 0.998629 0.026946
vn 0.856175 0.052339 -0.514028
vn -0.998836 -0.045328 0.016486
vn -0.044875 0.998629 0.026941
vn -0.873861 -0.026171 -0.485471
vn -0.044876 0.998629 0.026946
vn -0.044872 0.998629 0.026941
vn -0.044874 0.998629 0.026940
vn 0.484101 0.045327 -0.873837
vn 0.856175 0.052339 -0.514028
vn 0.044874 -0.998629 -0.026941
vn 0.873860 0.026171 0.485473
vn 0.856175 0.052340 -0.514029
vn 0.873860 0.026171 0.485473
vn 0.017691 -0.026168 0.999501
vn 0.017686 -0.026169 0.999501
vn 0.044874 -0.998629 -0.026941
vn -0.484103 -0.045328 0.873836
vn 0.017686 -0.026169 0.999501
vn -0.856175 -0.052338 0.514028
vn 0.514735 0.000000 0.857349
vn 0.044874 -0.998629 -0.026941
vn 0.017691 -0.026168 0.999501
vn -0.856175 -0.052338 0.514028
vn -0.873860 -0.026169 -0.485472
vn -0.514734 0.000001 -0.857350
vn 0.044874 -0.998629 -0.026941
vn -0.873861 -0.026171 -0.485471
vn 0.044874 -0.998629 -0.026941
vn -0.998836 -0.045328 0.016486
vn -0.873860 -0.026169 -0.485472
vn -0.017686 0.026168 -0.999501
vn -0.873861 -0.026171 -0.485471
vn -0.998836 -0.045328 0.016486
vn 0.856175 0.052339 -0.514028
vn -0.017686 0.026168 -0.999501
vn 0.044874 -0.998629 -0.026941
vn 0.856174 0.052340 -0.514029
vn 0.998836 0.045328 -0.016487
vn 0.514735 0.000000 0.857349
vn -0.856175 -0.052339 0.514028
vn -0.044874 0.998629 0.026942
vn -0.856175 -0.052339 0.514028
vn -0.514735 0.000001 -0.857350
vn -0.044874 0.998629 0.026942
vn -0.514735 0.000001 -0.857350
vn -0.856175 -0.052339 0.514028
vn 0.044874 -0.998629 -0.026941
vn 0.514735 0.000000 0.857349
vn -0.856175 -0.052339 0.514028
vn 0.044874 -0.998629 -0.026941
vn 0.873860 0.026170 0.485473
vn -0.044874 0.998629 0.026943
vn 0.484101 0.045327 -0.873837
vn -0.484103 -0.045328 0.873836
vn -0.044874 0.998629 0.026943
vn 0.873860 0.026170 0.485473
vn 0.873860 0.026170 0.485473
vn 0.044874 -0.998629 -0.026941
vn -0.484103 -0.045328 0.873836
vn 0.044874 -0.998629 -0.026941
vn 0.484101 0.045327 -0.873837
vn 0.873860 0.026170 0.485473
vn -0.044875 0.998629 0.026941
vn -0.017681 0.026171 -0.999501
vn -0.998836 -0.045328 0.016486
vn -0.998836 -0.045328 0.016486
vn -0.044875 0.998629 0.026941
vn 0.998836 0.045328 -0.016487
vn -0.017681 0.026171 -0.999501
vn 0.998836 0.045328 -0.016487
vn -0.017681 0.026171 -0.999501
vn 0.044874 -0.998629 -0.026941
vn -0.998836 -0.045328 0.016486
vn 0.044874 -0.998629 -0.026941
vn -0.017681 0.026171 -0.999501
vn 0.635758 -0.148137 -0.757540
vn 0.867294 -0.084048 -0.490650
vn -0.938469 -0.096609 0.331576
vn -0.964327 -0.166299 -0.205955
vn -0.700863 -0.323170 -0.635887
vn -0.315334 -0.275306 -0.908169
vn 0.169514 -0.275658 -0.946191
vn 0.006561 0.999974 -0.002918
vn 0.006561 0.999974 -0.002918
vn 0.439745 0.006254 -0.898101
vn 0.829813 0.003515 -0.558031
vn 0.006561 0.999974 -0.002918
vn 0.009786 0.999931 0.006499
vn 0.829813 0.003515 -0.558031
vn 0.887527 0.002767 -0.460748
vn 0.006561 0.999974 -0.002918
vn 0.009786 0.999931 0.006499
vn -0.997658 0.000164 0.068394
vn -0.887526 -0.002769 0.460749
vn 0.006561 0.999974 -0.002918
vn 0.006561 0.999974 -0.002918
vn -0.997658 0.000164 0.068394
vn -0.898139 0.003800 -0.439695
vn -0.898139 0.003800 -0.439695
vn -0.557834 0.006419 -0.829928
vn 0.006561 0.999974 -0.002918
vn 0.006560 0.999974 -0.002915
vn -0.557834 0.006419 -0.829928
vn -0.068105 0.007317 -0.997651
vn 0.006560 0.999974 -0.002915
vn -0.068105 0.007317 -0.997651
vn 0.439745 0.006254 -0.898101
vn 0.006561 0.999974 -0.002918
vn 0.006560 0.999974 -0.002915
vn 0.943262 -0.032470 -0.330459
vn 0.976821 -0.044628 0.209353
vn 0.006561 0.999974 -0.002918
vn -0.175285 0.829651 -0.530051
vn 0.997658 -0.000164 -0.068396
vn 0.898138 -0.003801 0.439697
vn -0.175285 0.829651 -0.530051
vn 0.887527 0.002767 -0.460748
vn 0.009786 0.999931 0.006499
vn 0.997658 -0.000164 -0.068396
vn 0.750845 -0.056511 0.658056
vn 0.006561 0.999974 -0.002918
vn 0.006561 0.999974 -0.002921
vn 0.557833 -0.006419 0.829928
vn 0.898138 -0.003801 0.439697
vn 0.321812 -0.066386 0.944473
vn 0.557833 -0.006419 0.829928
vn 0.068107 -0.007316 0.997651
vn 0.006561 0.999974 -0.002921
vn -0.192136 -0.069651 0.978894
vn -0.439748 -0.006254 0.898099
vn 0.068107 -0.007316 0.997651
vn 0.006561 0.999974 -0.002918
vn 0.006561 0.999974 -0.002921
vn -0.643467 -0.069046 0.762354
vn 0.006561 0.999974 -0.002918
vn -0.175285 0.829651 -0.530051
vn -0.829812 -0.003517 0.558032
vn -0.439748 -0.006254 0.898099
vn -0.866477 -0.053791 0.496311
vn -0.175285 0.829651 -0.530051
vn -0.887526 -0.002769 0.460749
vn 0.009786 0.999931 0.006499
vn -0.829812 -0.003517 0.558032
vn 0.404130 -0.794349 -0.453530
vn -0.492481 -0.868427 -0.057420
vn -0.689372 -0.625189 0.365931
vn -0.520885 -0.609308 0.597848
vn -0.141889 -0.644955 0.750933
vn 0.247387 -0.646917 0.721317
vn 0.597831 -0.611548 0.518274
vn 0.831787 -0.532164 0.157897
vn 0.836857 -0.442405 -0.322409
vn 0.215132 -0.897925 -0.383991
vn -0.063503 -0.927987 -0.367161
vn -0.248676 -0.923351 -0.292545
vn -0.412144 -0.907122 0.085248
vn -0.195030 -0.934832 0.296735
vn 0.121027 -0.946891 0.297908
vn 0.372200 -0.924466 0.082647
vn 0.459406 -0.853463 -0.246064
vn -0.119359 -0.935244 -0.333274
vn -0.077864 -0.950017 -0.302332
vn -0.117597 -0.993060 0.001889
vn 0.181925 -0.981972 0.051324
vn 0.238645 -0.937033 -0.254985
vn -0.857537 0.000000 0.514423
vn -0.857537 0.000000 0.514423
vn -0.606370 0.707107 0.363752
vn -0.000000 1.000000 -0.000000
vn 0.606370 0.707107 -0.363752
vn 0.857537 -0.000001 -0.514423
vn 0.606370 -0.707107 -0.363752
vn 0.000000 -1.000000 0.000000
vn -0.606370 -0.707107 0.363751
vn -0.857537 -0.000000 0.514423
vn -0.857537 -0.000000 0.514423
vn -0.606370 0.707107 0.363752
vn 0.000000 1.000000 -0.000000
vn 0.606370 0.707107 -0.363752
vn 0.857537 -0.000000 -0.514423
vn 0.606370 -0.707107 -0.363752
vn 0.000000 -1.000000 0.000000
vn -0.606370 -0.707107 0.363751
vn -0.996195 -0.000000 -0.087155
vn 0.000000 1.000000 -0.000001
vn -0.573576 0.000000 0.819152
vn 0.000000 1.000000 0.000001
vn -0.996195 -0.000000 -0.087155
vn -0.025080 0.997340 -0.068436
vn -0.871349 0.000000 0.490664
vn 0.000000 1.000000 0.000001
vn 0.000000 1.000000 0.000001
vn -0.000000 1.000000 0.000001
vn 0.573576 0.000000 -0.819152
vn 0.791933 0.000000 -0.610609
vn -0.025080 0.997340 -0.068436
vn 0.573576 0.000000 -0.819152
vn -0.000000 1.000000 0.000001
vn 0.996195 -0.000000 0.087155
vn 0.422618 -0.000000 0.906308
vn 0.000000 1.000000 0.000001
vn 0.000000 1.000000 -0.000001
vn -0.000000 1.000000 0.000001
vn 0.996195 -0.000000 0.087155
vn 0.422618 -0.000000 0.906308
vn 0.000000 1.000000 -0.000001
vn -0.573576 0.000000 0.819152
vn -0.996195 -0.000000 -0.087155
vn 0.000000 -1.000000 0.000001
vn -0.573576 0.000000 0.819152
vn 0.000000 -1.000000 0.000000
vn 0.573576 0.000000 -0.819152
vn 0.000000 -1.000000 -0.000001
vn 0.996195 -0.000000 0.087155
vn 0.000000 -1.000000 0.000000
vn 0.422618 -0.000000 0.906308
vn 0.000000 -1.000000 0.000001
vn 0.996195 -0.000000 0.087155
vn 0.000000 -1.000000 -0.000001
vn 0.000000 -1.000000 0.000001
vn -0.573576 0.000000 0.819152
vn 0.422618 -0.000000 0.906308
vn -0.025080 -0.997340 -0.068437
vn -0.996195 -0.000000 -0.087155
vn -0.871349 0.000000 0.490664
vn 0.000000 -1.000000 0.000000
vn 0.000000 -1.000000 0.000000
vn 0.573576 0.000000 -0.819152
vn 0.791933 0.000000 -0.610608
vn -0.025080 -0.997340 -0.068437
vn 0.000000 -1.000000 -0.000001
vn -0.991576 0.000000 -0.129524
vn 0.000000 1.000000 0.000000
vn -0.871349 0.000000 0.490664
vn -0.025080 0.997340 -0.068436
vn 0.988987 0.000000 0.148000
vn 0.000000 1.000000 0.000000
vn -0.025080 0.997340 -0.068436
vn 0.791933 0.000000 -0.610608
vn -0.025080 -0.997340 -0.068437
vn 0.000001 -1.000000 -0.000001
vn 0.791933 0.000000 -0.610608
vn 0.988987 0.000000 0.148000
vn -0.025080 -0.997340 -0.068437
vn -0.991576 0.000000 -0.129524
vn 0.000001 -1.000000 -0.000001
vn -0.871349 0.000000 0.490664
vn 0.000000 1.000000 0.000000
vn -0.991576 0.000000 -0.129524
vn 0.173366 0.000000 -0.984857
vn 0.988987 0.000000 0.148000
vn 0.173366 0.000000 -0.984857
vn 0.000000 1.000000 0.000000
vn 0.000001 -1.000000 -0.000001
vn 0.173366 0.000000 -0.984857
vn 0.988987 0.000000 0.148000
vn 0.000001 -1.000000 -0.000001
vn -0.991576 0.000000 -0.129524
vn 0.173366 0.000000 -0.984857
vn -0.883392 0.181317 0.432138
vn -0.884237 -0.181165 0.430470
vn -0.883392 0.181317 0.432138
vn 0.005415 0.999891 0.013767
vn -0.003900 0.999972 0.006406
vn -0.003900 0.999972 0.006406
vn 0.838940 0.279888 0.466737
vn 0.840423 -0.276828 0.465893
vn 0.838940 0.279888 0.466736
vn 0.840423 -0.276828 0.465893
vn -0.000001 -1.000000 0.000000
vn -0.884237 -0.181165 0.430470
vn -0.001724 -0.999997 -0.001601
vn -0.000001 -1.000000 0.000000
vn 0.005415 0.999891 0.013767
vn 0.561376 0.000000 -0.827561
vn 0.005886 0.999932 0.010038
vn -0.088524 0.995672 0.028305
vn 0.999948 0.000000 0.010208
vn -0.003900 0.999972 0.006406
vn -0.003900 0.999972 0.006406
vn 0.561376 0.000000 -0.827561
vn 0.996899 -0.000001 0.078693
vn 0.838940 0.279888 0.466736
vn 0.838940 0.279888 0.466736
vn 0.840423 -0.276828 0.465893
vn 0.996899 -0.000001 0.078693
vn -0.000001 -1.000000 0.000000
vn 0.996899 -0.000001 0.078693
vn 0.840423 -0.276828 0.465893
vn 0.561376 0.000000 -0.827561
vn 0.720103 -0.678751 -0.144044
vn 0.999948 0.000000 0.010208
vn 0.561376 0.000000 -0.827561
vn -0.000001 -1.000000 0.000000
vn -0.001724 -0.999997 -0.001601
vn -0.883392 0.181317 0.432138
vn -0.508160 -0.006048 -0.861241
vn -0.884237 -0.181165 0.430470
vn -0.508725 0.013120 -0.860829
vn -0.883392 0.181317 0.432138
vn 0.005415 0.999891 0.013767
vn -0.508725 0.013120 -0.860829
vn 0.005886 0.999932 0.010038
vn 0.005886 0.999932 0.010038
vn -0.088524 0.995672 0.028305
vn -0.508725 0.013120 -0.860829
vn 0.859550 0.280310 -0.427318
vn 0.859550 0.280310 -0.427318
vn 0.881013 -0.289840 -0.373910
vn -0.508725 0.013120 -0.860829
vn -0.508160 -0.006048 -0.861241
vn 0.881013 -0.289840 -0.373910
vn -0.001724 -0.999997 -0.001601
vn 0.720103 -0.678751 -0.144044
vn -0.508160 -0.006048 -0.861242
vn -0.508160 -0.006048 -0.861242
vn -0.884237 -0.181165 0.430470
vn -0.001724 -0.999997 -0.001601
vn -0.088524 0.995672 0.028305
vn 0.859549 0.280310 -0.427318
vn 0.964084 0.000000 0.265597
vn 0.999948 0.000000 0.010208
vn 0.964084 0.000000 0.265597
vn 0.881013 -0.289840 -0.373910
vn 0.859549 0.280310 -0.427318
vn 0.720103 -0.678751 -0.144044
vn 0.964084 0.000000 0.265597
vn 0.881013 -0.289840 -0.373910
vn 0.999948 0.000000 0.010208
vn -1.000000 0.000000 0.000000
vn 0.000000 0.000000 1.000000
vn 0.000000 0.000000 -1.000000
vn -1.000000 0.000000 0.000000
vn 0.978877 -0.204449 0.000000
vn 0.000000 0.000000 -1.000000
vn -1.000000 -0.000001 0.000000
vn 0.000000 0.000000 1.000000
vn 0.000000 0.493991 0.869467
vn -1.000000 0.000000 0.000000
vn 1.000000 0.000001 0.000000
vn 0.000000 0.000000 1.000000
vn 0.000000 0.493991 0.869467
vn 0.978877 -0.204449 0.000000
vn -1.000000 -0.000001 0.000000
vn -1.000000 0.000000 0.000000
vn 0.000000 0.493991 -0.869467
vn 0.000000 0.000000 -1.000000
vn 0.000000 0.000000 -1.000000
vn 0.978877 -0.204449 0.000000
vn 1.000000 0.000001 0.000000
vn 0.000000 0.493991 -0.869467
vn -1.000000 -0.000001 0.000000
vn 0.000000 0.493991 0.869467
vn -1.000000 0.000000 0.000000
vn 0.000000 0.000000 1.000000
vn 1.000000 0.000001 0.000000
vn -0.000000 0.000000 1.000000
vn 0.000000 0.000000 1.000000
vn 0.000000 0.493991 0.869467
vn 1.000000 0.000000 0.000000
vn 0.000000 0.493991 -0.869467
vn 1.000000 0.000000 0.000000
vn 0.000000 0.000000 -1.000000
vn 1.000000 0.000001 0.000000
vn 0.000000 -0.000000 -1.000000
vn -1.000000 0.000000 0.000000
vn 0.000000 0.000000 -1.000000
vn 0.000000 0.493991 -0.869467
vn -1.000000 -0.000001 0.000000
vn -0.965731 -0.259546 0.000001
vn -0.000000 0.000000 1.000000
vn -0.000000 0.000000 1.000000
vn 0.000000 0.000000 1.000000
vn -1.000000 0.000000 0.000000
vn 0.000000 -0.000000 -1.000000
vn 0.000000 0.000000 -1.000000
vn 0.000000 -0.000000 -1.000000
vn -0.965731 -0.259546 0.000001
vn -1.000000 0.000000 0.000000
vn -1.000000 -0.000001 0.000000
vn -0.000000 0.000000 1.000000
vn -0.968069 0.250682 0.000000
vn 0.000000 -0.000000 1.000000
vn -0.000000 0.000000 1.000000
vn 0.000000 -0.000000 1.000000
vn 1.000000 0.000000 0.000000
vn -0.000000 0.000000 1.000000
vn -0.000001 1.000000 0.000000
vn 0.000000 -0.000000 -1.000000
vn -0.000001 1.000000 0.000000
vn 1.000000 0.000000 0.000000
vn -0.000000 0.000000 -1.000000
vn -0.968069 0.250682 0.000000
vn 0.000000 -0.000000 -1.000000
vn -0.000000 0.000000 -1.000000
vn -1.000000 -0.000001 0.000000
vn 0.000000 -0.000000 -1.000000
vn -0.000001 1.000000 0.000000
vn -1.000000 -0.000001 0.000000
vn 0.000000 -0.000000 1.000000
vn -0.000000 0.000000 -1.000000
vn -1.000000 -0.000001 0.000000
vn -0.000001 1.000000 0.000000
vn 0.000000 -0.000000 -1.000000
vn -0.965731 -0.259546 0.000001
vn -1.000000 0.000591 0.000000
vn -1.000000 0.000591 0.000000
vn -0.965731 -0.259546 0.000001
vn -0.000000 0.000000 1.000000
vn -0.968069 0.250682 0.000000
vn -0.000000 0.000000 1.000000
vn -1.000000 0.000591 0.000000
vn -0.968069 0.250682 0.000000
vn -1.000000 0.000591 0.000000
vn 0.000000 -0.000000 -1.000000
vn 0.000000 0.000000 1.000000
vn 0.978877 -0.204449 0.000000
vn -1.000000 0.000000 0.000000
vn 0.000000 0.000000 -1.000000
vn 0.000000 0.000000 1.000000
vn -1.000000 0.000000 0.000000
vn 0.978877 -0.204449 0.000000
vn 0.000000 0.000000 1.000000
vn 0.000000 0.000000 -1.000000
vn 0.000000 0.493991 -0.869467
vn -1.000000 -0.000001 0.000000
vn -1.000000 0.000000 0.000000
vn 0.000000 0.493991 -0.869467
vn 0.978877 -0.204449 0.000000
vn 0.000000 0.000000 -1.000000
vn 1.000000 0.000000 0.000000
vn 0.000000 0.000000 1.000000
vn 0.000000 0.493991 0.869467
vn -1.000000 0.000000 0.000000
vn -1.000000 -0.000001 0.000000
vn 1.000000 0.000000 0.000000
vn 0.000000 0.000000 1.000000
vn 0.978877 -0.204449 0.000000
vn 0.000000 0.493991 0.869467
vn -1.000000 -0.000001 0.000000
vn 0.000000 0.000000 -1.000000
vn 0.000000 0.493991 -0.869467
vn -1.000000 0.000000 0.000000
vn 1.000000 0.000000 0.000000
vn -0.000000 0.000000 -1.000000
vn 0.000000 0.000000 -1.000000
vn 0.000000 0.493991 -0.869467
vn 1.000000 0.000000 0.000000
vn 1.000000 0.000000 0.000000
vn 0.000000 0.493991 0.869467
vn 0.000000 0.000000 1.000000
vn 1.000000 0.000000 0.000000
vn 0.000000 -0.000000 1.000000
vn 0.000000 0.000000 1.000000
vn -1.000000 0.000000 0.000000
vn -1.000000 -0.000001 0.000000
vn 0.000000 0.493991 0.869467
vn 0.000000 0.000000 -1.000000
vn -0.965731 -0.259546 -0.000001
vn -0.000000 0.000000 -1.000000
vn -1.000000 0.000000 0.000000
vn 0.000000 0.000000 -1.000000
vn 0.000000 -0.000000 1.000000
vn 0.000000 0.000000 1.000000
vn -0.965731 -0.259546 -0.000001
vn -1.000000 0.000000 0.000000
vn 0.000000 -0.000000 1.000000
vn -1.000000 -0.000001 -0.000000
vn 0.000000 -0.000000 -1.000000
vn 0.000000 0.000000 -1.000000
vn -0.968069 0.250682 0.000000
vn -0.000000 0.000000 -1.000000
vn -0.000000 0.000000 -1.000000
vn 1.000000 0.000000 0.000000
vn -0.000001 1.000000 0.000000
vn 0.000000 -0.000000 -1.000000
vn 0.000000 0.000000 1.000000
vn 0.000000 -0.000000 1.000000
vn 1.000000 0.000000 0.000000
vn -0.000001 1.000000 0.000000
vn -1.000000 -0.000001 -0.000000
vn 0.000000 0.000000 1.000000
vn 0.000000 -0.000000 1.000000
vn -0.968069 0.250682 0.000000
vn 0.000000 -0.000000 1.000000
vn 0.000000 -0.000000 -1.000000
vn -1.000000 -0.000001 -0.000000
vn -0.000001 1.000000 0.000000
vn 0.000000 0.000000 1.000000
vn -1.000000 -0.000001 -0.000000
vn -0.000001 1.000000 0.000000
vn -1.000000 0.000591 0.000000
vn -0.965731 -0.259546 -0.000001
vn 0.000000 -0.000000 1.000000
vn 0.000000 0.000000 -1.000000
vn -1.000000 0.000591 0.000000
vn -0.965731 -0.259546 -0.000001
vn 0.000000 0.000000 -1.000000
vn -1.000000 0.000591 0.000000
vn -0.968069 0.250682 0.000000
vn -0.968069 0.250682 0.000000
vn -1.000000 0.000591 0.000000
vn 0.000000 -0.000000 1.000000
vn 0.000000 0.000000 -1.000000
vn 0.978877 -0.204449 0.000000
vn 0.622899 -0.782076 0.018829
vn 0.428093 -0.795891 0.428129
vn 0.018787 -0.782146 0.622812
vn -0.452287 -0.741938 0.494940
vn -0.724873 -0.688448 0.024472
vn -0.530621 -0.661012 -0.530569
vn 0.024431 -0.688324 -0.724992
vn 0.495049 -0.741807 -0.452381
vn 0.515045 -0.856714 -0.027762
vn 0.342625 -0.863979 0.368983
vn 0.010538 -0.857032 0.515156
vn -0.409367 -0.837947 0.360920
vn -0.575770 -0.817545 0.010483
vn -0.400352 -0.808161 -0.431966
vn -0.032994 -0.817101 -0.575550
vn 0.390038 -0.838366 -0.380807
vn 0.148529 -0.986992 0.061523
vn -0.061523 -0.986992 0.148529
vn -0.148529 -0.986993 -0.061522
vn 0.061523 -0.986993 -0.148529
vn 0.622899 0.782076 -0.018829
vn 0.428093 0.795890 -0.428130
vn 0.018786 0.782145 -0.622813
vn -0.452287 0.741937 -0.494940
vn -0.724874 0.688446 -0.024472
vn -0.530622 0.661011 0.530570
vn 0.024430 0.688324 0.724992
vn 0.495049 0.741807 0.452382
vn 0.515045 0.856714 0.027762
vn 0.342624 0.863979 -0.368984
vn 0.010538 0.857032 -0.515156
vn -0.409368 0.837947 -0.360920
vn -0.575771 0.817544 -0.010483
vn -0.400353 0.808160 0.431967
vn -0.032994 0.817101 0.575550
vn 0.390037 0.838366 0.380807
vn 0.148529 0.986992 -0.061523
vn -0.061523 0.986993 -0.148529
vn -0.148529 0.986992 0.061523
vn 0.061523 0.986993 0.148528
vn -1.000000 0.000000 0.000000
vn 0.000000 0.000000 1.000000
vn -1.000000 0.000000 0.000000
vn 0.000000 0.000000 -1.000000
vn 0.000000 0.000000 -1.000000
vn 0.978877 -0.204449 0.000000
vn 0.000000 0.000000 1.000000
vn -1.000000 -0.000001 0.000000
vn 0.000000 0.493991 0.869467
vn -1.000000 0.000000 0.000000
vn 0.000000 0.000000 1.000000
vn 0.978877 -0.204449 0.000000
vn 1.000000 0.000001 0.000000
vn 0.000000 0.493991 0.869467
vn -1.000000 -0.000001 0.000000
vn 0.000000 0.493991 -0.869467
vn 0.000000 0.000000 -1.000000
vn -1.000000 0.000000 0.000000
vn 1.000000 0.000001 0.000000
vn 0.000000 0.493991 -0.869467
vn 0.000000 0.000000 -1.000000
vn 0.978877 -0.204449 0.000000
vn -1.000000 0.000000 0.000000
vn 0.000000 0.493991 0.869467
vn -1.000000 -0.000001 0.000000
vn 0.000000 0.000000 1.000000
vn -0.000000 0.000000 1.000000
vn 0.000000 0.000000 1.000000
vn 1.000000 0.000000 0.000000
vn 1.000000 0.000001 0.000000
vn 0.000000 0.493991 0.869467
vn 0.000000 0.493991 -0.869467
vn 1.000000 0.000001 0.000000
vn 1.000000 0.000000 0.000000
vn 0.000000 -0.000000 -1.000000
vn 0.000000 0.000000 -1.000000
vn 0.000000 0.493991 -0.869467
vn 0.000000 0.000000 -1.000000
vn -1.000000 0.000000 0.000000
vn -1.000000 -0.000001 0.000000
vn -0.000000 0.000000 1.000000
vn -1.000000 0.000000 0.000000
vn -0.000000 0.000000 1.000000
vn 0.000000 0.000000 1.000000
vn -0.965731 -0.259546 0.000001
vn 0.000000 -0.000000 -1.000000
vn 0.000000 -0.000000 -1.000000
vn 0.000000 0.000000 -1.000000
vn -1.000000 0.000000 0.000000
vn -0.965731 -0.259546 0.000001
vn -0.000000 0.000000 1.000000
vn -1.000000 -0.000001 0.000000
vn 0.000000 -0.000000 1.000000
vn -0.968069 0.250682 0.000000
vn -0.000000 0.000000 1.000000
vn 0.000000 -0.000000 1.000000
vn -0.000001 1.000000 0.000000
vn -0.000000 0.000000 1.000000
vn 1.000000 0.000000 0.000000
vn 0.000000 -0.000000 -1.000000
vn 1.000000 0.000000 0.000000
vn -0.000001 1.000000 0.000000
vn -0.000000 0.000000 -1.000000
vn 0.000000 -0.000000 -1.000000
vn -1.000000 -0.000001 0.000000
vn -0.968069 0.250682 0.000000
vn 0.000000 -0.000000 -1.000000
vn -0.000000 0.000000 -1.000000
vn 0.000000 -0.000000 1.000000
vn -0.000001 1.000000 0.000000
vn -1.000000 -0.000001 0.000000
vn -0.000000 0.000000 -1.000000
vn -0.000001 1.000000 0.000000
vn -1.000000 -0.000001 0.000000
vn -0.965731 -0.259546 0.000001
vn -1.000000 0.000591 0.000000
vn 0.000000 -0.000000 -1.000000
vn -1.000000 0.000591 0.000000
vn -0.965731 -0.259546 0.000001
vn -0.000000 0.000000 1.000000
vn -1.000000 0.000591 0.000000
vn -0.000000 0.000000 1.000000
vn -0.968069 0.250682 0.000000
vn -0.968069 0.250682 0.000000
vn -1.000000 0.000591 0.000000
vn 0.000000 -0.000000 -1.000000
vn 0.978877 -0.204449 0.000000
vn 0.000000 0.000000 1.000000
vn -1.000000 0.000000 0.000000
vn -0.000000 1.000000 0.000000
vn -0.007781 -0.031003 -0.999489
vn 0.002708 -0.018172 -0.999831
vn 0.879262 -0.016405 -0.476057
vn 0.000079 -0.034130 -0.999417
vn -0.949869 -0.312649 -0.000000
vn 0.000079 -0.034130 -0.999417
vn -0.000647 -0.048245 -0.998835
vn -1.000000 0.000000 0.000000
vn -0.007781 -0.031003 -0.999489
vn -0.000000 -1.000000 -0.000000
vn 0.965071 -0.197103 -0.172595
vn 0.975795 -0.218686 0.000000
vn 0.974229 -0.180782 -0.134890
vn -0.001206 -0.782523 0.622620
vn 0.879262 -0.016405 -0.476057
vn 0.974229 -0.180782 -0.134890
vn -0.000000 0.130991 0.991384
vn 0.000000 0.130991 0.991384
vn -0.000000 -1.000000 -0.000000
vn 0.666135 -0.745831 0.000000
vn -0.001206 -0.782523 0.622620
vn 0.000079 -0.034130 -0.999417
vn 0.002708 -0.018172 -0.999831
vn -0.007781 -0.031003 -0.999489
vn -0.000000 -1.000000 0.000000
vn -0.949869 -0.312649 -0.000000
vn 0.000000 -1.000000 -0.000000
vn -0.000647 -0.048245 -0.998835
vn 0.879262 -0.016405 -0.476057
vn 0.974229 -0.180782 -0.134890
vn -0.000647 -0.048245 -0.998835
vn -0.000000 -1.000000 0.000000
vn 0.000079 -0.034130 -0.999417
vn 0.965071 -0.197103 -0.172595
vn -0.000000 -1.000000 0.000000
vn -0.001206 -0.782523 0.622620
vn 0.965071 -0.197103 -0.172595
vn 0.666135 -0.745831 0.000000
vn -0.000000 -1.000000 0.000000
vn -0.001206 -0.782523 0.622620
vn 0.000000 -1.000000 -0.000000
vn 0.002708 -0.018172 -0.999831
vn -0.000000 1.000000 0.000000
vn 0.000000 0.130991 0.991384
vn 0.974229 -0.180782 -0.134890
vn 0.975795 -0.218686 0.000000
vn 0.000000 1.000000 0.000001
vn 1.000000 0.000611 -0.000001
vn -0.000000 0.130991 0.991384
vn 1.000000 0.000611 -0.000001
vn 0.000000 0.130991 0.991384
vn -0.000000 0.130991 0.991384
vn 0.000000 1.000000 0.000001
vn 0.974229 -0.180782 0.134890
vn 0.879262 -0.016405 0.476057
vn 0.000000 0.130991 -0.991384
vn 0.000000 0.130991 -0.991384
vn 0.879262 -0.016405 0.476057
vn -0.000368 -0.035155 0.999382
vn -0.000368 -0.035155 0.999382
vn 0.002708 -0.018172 0.999831
vn -0.009303 -0.032864 0.999417
vn 0.000000 0.130991 -0.991384
vn 1.000000 0.000611 -0.000001
vn -0.949869 -0.312649 -0.000000
vn -0.001443 -0.048505 0.998822
vn -0.009303 -0.032864 0.999417
vn -1.000000 0.000000 0.000000
vn -0.000368 -0.035155 0.999382
vn -0.000000 1.000000 0.000000
vn 0.002708 -0.018172 0.999831
vn -0.009303 -0.032864 0.999417
vn -1.000000 0.000000 0.000000
vn -0.949869 -0.312649 -0.000000
vn 0.000000 -1.000000 -0.000000
vn 0.000000 -1.000000 -0.000000
vn -0.001443 -0.048505 0.998822
vn 0.965071 -0.197101 0.172595
vn 0.000000 -1.000000 -0.000000
vn -0.000368 -0.035155 0.999382
vn 0.974229 -0.180782 0.134890
vn 0.879262 -0.016405 0.476057
vn -0.001443 -0.048505 0.998822
vn 0.000000 -1.000000 -0.000000
vn -0.001206 -0.782524 -0.622620
vn 0.965071 -0.197101 0.172595
vn 0.000000 -1.000000 -0.000000
vn -0.001206 -0.782524 -0.622620
vn 0.000000 -1.000000 -0.000000
vn 0.666135 -0.745831 0.000000
vn -0.001206 -0.782524 -0.622620
vn 0.666135 -0.745831 0.000000
vn -0.000000 -1.000000 -0.000000
vn 0.965071 -0.197101 0.172595
vn -0.001206 -0.782524 -0.622620
vn 0.974229 -0.180782 0.134890
vn 0.975795 -0.218686 0.000000
vn -0.000000 -1.000000 -0.000000
vn 0.002708 -0.018172 0.999831
vn -0.000000 1.000000 0.000000
vn 0.000000 -1.000000 -0.000000
vn -0.949869 -0.312649 -0.000000
vn 0.000000 1.000000 0.000001
vn 0.000000 0.130991 -0.991384
vn 0.974229 -0.180782 0.134890
vn 0.975795 -0.218686 0.000000
vn 1.000000 0.000611 -0.000001
vn 0.000000 1.000000 0.000001
vn 0.000000 0.130991 -0.991384
vn 0.000000 0.130991 -0.991384
vn 0.883392 0.181316 -0.432138
vn 0.884237 -0.181164 -0.430471
vn 0.883392 0.181316 -0.432138
vn 0.003900 0.999972 -0.006405
vn -0.005415 0.999891 -0.013766
vn 0.003900 0.999972 -0.006405
vn -0.838939 0.279890 -0.466736
vn -0.838939 0.279890 -0.466736
vn -0.840422 -0.276829 -0.465893
vn -0.840422 -0.276829 -0.465893
vn 0.000001 -1.000000 -0.000001
vn 0.884237 -0.181164 -0.430471
vn 0.000001 -1.000000 -0.000001
vn 0.001724 -0.999997 0.001601
vn -0.005415 0.999891 -0.013766
vn -0.005887 0.999932 -0.010040
vn -0.999948 0.000000 -0.010207
vn -0.561376 -0.000000 0.827561
vn 0.088526 0.995672 -0.028308
vn 0.003900 0.999972 -0.006405
vn -0.996899 -0.000000 -0.078693
vn -0.561376 -0.000000 0.827561
vn 0.003900 0.999972 -0.006405
vn -0.838939 0.279890 -0.466736
vn -0.840422 -0.276829 -0.465893
vn -0.996899 -0.000000 -0.078693
vn -0.838939 0.279890 -0.466736
vn 0.000001 -1.000000 -0.000001
vn -0.561376 -0.000000 0.827561
vn -0.840422 -0.276829 -0.465893
vn -0.996899 -0.000000 -0.078693
vn -0.561376 -0.000000 0.827561
vn 0.000001 -1.000000 -0.000001
vn 0.001724 -0.999997 0.001601
vn -0.999948 0.000000 -0.010207
vn -0.720105 -0.678749 0.144045
vn 0.884237 -0.181164 -0.430471
vn 0.883392 0.181316 -0.432138
vn 0.508725 0.013120 0.860829
vn 0.508160 -0.006048 0.861242
vn -0.005415 0.999891 -0.013766
vn -0.005887 0.999932 -0.010040
vn 0.508725 0.013120 0.860829
vn 0.883392 0.181316 -0.432138
vn 0.508725 0.013120 0.860829
vn 0.088526 0.995672 -0.028308
vn -0.005887 0.999932 -0.010040
vn -0.859550 0.280310 0.427318
vn -0.881012 -0.289841 0.373911
vn -0.859550 0.280310 0.427318
vn 0.508160 -0.006048 0.861241
vn 0.508725 0.013120 0.860829
vn -0.720105 -0.678749 0.144045
vn 0.508160 -0.006048 0.861242
vn -0.881012 -0.289841 0.373911
vn 0.001724 -0.999997 0.001601
vn 0.508160 -0.006048 0.861241
vn 0.884237 -0.181164 -0.430471
vn 0.001724 -0.999997 0.001601
vn -0.964084 0.000000 -0.265599
vn -0.859550 0.280310 0.427318
vn 0.088526 0.995672 -0.028308
vn -0.999948 0.000000 -0.010207
vn -0.964084 0.000000 -0.265599
vn -0.859550 0.280310 0.427318
vn -0.881012 -0.289841 0.373911
vn -0.999948 0.000000 -0.010207
vn -0.881012 -0.289841 0.373911
vn -0.720105 -0.678749 0.144045
vn -0.964084 0.000000 -0.265599
vn 0.996195 -0.000000 0.087155
vn 0.000000 1.000000 -0.000002
vn 0.000000 1.000000 0.000001
vn 0.573576 -0.000000 -0.819152
vn 0.000000 1.000000 0.000001
vn 0.025080 0.997340 0.068437
vn 0.996195 -0.000000 0.087155
vn 0.871349 0.000000 -0.490664
vn 0.000000 1.000000 0.000001
vn -0.791933 0.000000 0.610608
vn 0.025080 0.997340 0.068437
vn -0.573576 0.000000 0.819152
vn 0.000000 1.000000 0.000000
vn -0.573576 0.000000 0.819152
vn 0.000000 1.000000 0.000000
vn -0.996195 -0.000000 -0.087155
vn -0.996195 -0.000000 -0.087155
vn 0.000000 1.000000 -0.000002
vn -0.422619 -0.000000 -0.906308
vn 0.000000 1.000000 0.000001
vn 0.000000 1.000000 0.000000
vn 0.000000 1.000000 -0.000002
vn -0.422619 -0.000000 -0.906308
vn 0.573576 -0.000000 -0.819152
vn 0.000000 -1.000000 0.000000
vn 0.000000 -1.000000 0.000000
vn 0.996195 -0.000000 0.087155
vn 0.573576 -0.000000 -0.819152
vn 0.000000 -1.000000 0.000000
vn -0.573576 0.000000 0.819152
vn -0.996195 -0.000000 -0.087155
vn 0.000000 -1.000000 0.000000
vn 0.000000 -1.000000 0.000000
vn 0.000000 -1.000000 0.000000
vn -0.422619 -0.000000 -0.906308
vn -0.996195 -0.000000 -0.087155
vn -0.422619 -0.000000 -0.906308
vn 0.000000 -1.000000 0.000000
vn 0.573576 -0.000000 -0.819152
vn 0.996195 -0.000000 0.087155
vn 0.025080 -0.997340 0.068437
vn 0.000000 -1.000000 0.000000
vn 0.871349 0.000000 -0.490664
vn 0.000000 -1.000000 0.000000
vn 0.000000 -1.000000 0.000000
vn -0.791933 0.000000 0.610608
vn -0.573576 0.000000 0.819152
vn 0.025080 -0.997340 0.068437
vn -0.000000 1.000000 -0.000000
vn 0.871349 0.000000 -0.490664
vn 0.991576 0.000000 0.129524
vn 0.025080 0.997340 0.068437
vn -0.988987 0.000000 -0.148000
vn -0.791933 0.000000 0.610608
vn 0.025080 0.997340 0.068437
vn -0.000000 1.000000 -0.000000
vn -0.791933 0.000000 0.610608
vn 0.025080 -0.997340 0.068437
vn -0.000001 -1.000000 -0.000000
vn -0.988987 0.000000 -0.148000
vn -0.000001 -1.000000 -0.000000
vn 0.025080 -0.997340 0.068437
vn 0.871349 0.000000 -0.490664
vn 0.991576 0.000000 0.129524
vn -0.000000 1.000000 -0.000000
vn 0.991576 0.000000 0.129524
vn -0.173366 0.000000 0.984857
vn -0.173366 0.000000 0.984857
vn -0.988987 0.000000 -0.148000
vn -0.000000 1.000000 -0.000000
vn -0.988987 0.000000 -0.148000
vn -0.000001 -1.000000 -0.000000
vn -0.173366 0.000000 0.984857
vn -0.173366 0.000000 0.984857
vn 0.991576 0.000000 0.129524
vn -0.000001 -1.000000 -0.000000
vn -0.856175 -0.052339 -0.514028
vn 0.017686 -0.026169 -0.999501
vn -0.044874 0.998629 -0.026941
vn -0.044874 0.998629 -0.026940
vn -0.044874 0.998629 -0.026942
vn -0.873860 -0.026170 0.485473
vn -0.044874 0.998629 -0.026941
vn -0.856175 -0.052339 -0.514028
vn -0.017686 0.026170 0.999501
vn -0.044874 0.998629 -0.026941
vn -0.044874 0.998629 -0.026942
vn -0.873860 -0.026170 0.485473
vn -0.044873 0.998629 -0.026940
vn -0.044874 0.998629 -0.026941
vn 0.856174 0.052339 0.514029
vn -0.017686 0.026170 0.999501
vn 0.873860 0.026171 -0.485473
vn 0.856175 0.052339 0.514029
vn -0.044873 0.998629 -0.026940
vn -0.044874 0.998629 -0.026941
vn -0.044874 0.998629 -0.026940
vn 0.017686 -0.026169 -0.999501
vn 0.873860 0.026171 -0.485472
vn -0.044874 0.998629 -0.026941
vn -0.856175 -0.052339 -0.514028
vn 0.017686 -0.026169 -0.999501
vn -0.873860 -0.026170 0.485473
vn -0.856175 -0.052339 -0.514028
vn -0.017686 0.026170 0.999501
vn -0.873860 -0.026170 0.485473
vn -0.017686 0.026170 0.999501
vn 0.856174 0.052339 0.514029
vn 0.856174 0.052339 0.514029
vn 0.873860 0.026171 -0.485472
vn 0.017686 -0.026169 -0.999501
vn 0.873860 0.026171 -0.485473
vn -0.856176 -0.052338 -0.514028
vn -0.044874 0.998629 -0.026941
vn -0.873860 -0.026169 0.485472
vn -0.044874 0.998629 -0.026942
vn -0.044874 0.998629 -0.026941
vn -0.856176 -0.052338 -0.514028
vn -0.044874 0.998629 -0.026940
vn 0.017691 -0.026168 -0.999501
vn 0.873860 0.026171 -0.485472
vn -0.044874 0.998629 -0.026940
vn 0.017691 -0.026168 -0.999501
vn -0.044874 0.998629 -0.026941
vn -0.044874 0.998629 -0.026940
vn 0.873860 0.026171 -0.485472
vn 0.856174 0.052339 0.514029
vn -0.044874 0.998629 -0.026941
vn -0.044874 0.998629 -0.026941
vn -0.017685 0.026168 0.999501
vn -0.044873 0.998629 -0.026940
vn 0.856174 0.052339 0.514029
vn -0.044874 0.998629 -0.026942
vn -0.017685 0.026168 0.999501
vn -0.873860 -0.026169 0.485472
vn -0.044874 0.998629 -0.026941
vn -0.873861 -0.026171 0.485471
vn -0.044874 0.998629 -0.026941
vn -0.044872 0.998629 -0.026942
vn -0.514734 0.000001 0.857350
vn 0.017686 -0.026169 -0.999501
vn -0.044872 0.998629 -0.026942
vn -0.044874 0.998629 -0.026940
vn -0.044874 0.998629 -0.026940
vn -0.044874 0.998629 -0.026941
vn 0.514735 0.000000 -0.857349
vn -0.484103 -0.045328 -0.873836
vn -0.044874 0.998629 -0.026942
vn 0.017686 -0.026169 -0.999501
vn -0.044874 0.998629 -0.026940
vn 0.856175 0.052339 0.514028
vn -0.044874 0.998629 -0.026940
vn -0.044876 0.998629 -0.026945
vn -0.044874 0.998629 -0.026940
vn -0.044874 0.998629 -0.026942
vn 0.484101 0.045327 0.873837
vn -0.044875 0.998629 -0.026941
vn -0.044876 0.998629 -0.026945
vn 0.998836 0.045327 0.016487
vn 0.856175 0.052339 0.514028
vn -0.044875 0.998629 -0.026941
vn -0.998836 -0.045328 -0.016486
vn -0.044876 0.998629 -0.026945
vn -0.873861 -0.026171 0.485471
vn -0.044872 0.998629 -0.026942
vn -0.044874 0.998629 -0.026940
vn 0.856175 0.052339 0.514028
vn 0.044874 -0.998629 0.026941
vn 0.856174 0.052339 0.514029
vn 0.484101 0.045327 0.873837
vn 0.873860 0.026171 -0.485472
vn -0.484103 -0.045328 -0.873836
vn 0.017686 -0.026169 -0.999501
vn 0.017691 -0.026168 -0.999501
vn 0.873860 0.026171 -0.485472
vn 0.044874 -0.998629 0.026941
vn 0.514735 0.000000 -0.857349
vn 0.044874 -0.998629 0.026941
vn 0.017686 -0.026169 -0.999501
vn 0.017691 -0.026168 -0.999501
vn -0.856175 -0.052338 -0.514028
vn -0.873861 -0.026171 0.485471
vn 0.044874 -0.998629 0.026941
vn -0.514734 0.000001 0.857350
vn -0.873860 -0.026169 0.485472
vn -0.856175 -0.052338 -0.514028
vn -0.017685 0.026168 0.999501
vn -0.873861 -0.026171 0.485471
vn -0.998836 -0.045328 -0.016486
vn 0.044874 -0.998629 0.026942
vn -0.998836 -0.045328 -0.016486
vn -0.873860 -0.026169 0.485472
vn -0.017685 0.026168 0.999501
vn 0.856174 0.052339 0.514029
vn 0.998836 0.045327 0.016487
vn 0.044874 -0.998629 0.026942
vn 0.856175 0.052339 0.514028
vn -0.856175 -0.052339 -0.514028
vn 0.514735 0.000000 -0.857349
vn -0.044874 0.998629 -0.026941
vn -0.514734 0.000001 0.857350
vn -0.856175 -0.052339 -0.514028
vn -0.044874 0.998629 -0.026941
vn -0.514734 0.000001 0.857350
vn -0.856175 -0.052339 -0.514028
vn 0.044874 -0.998629 0.026941
vn -0.856175 -0.052339 -0.514028
vn 0.514735 0.000000 -0.857349
vn 0.044874 -0.998629 0.026941
vn 0.484101 0.045327 0.873837
vn -0.044874 0.998629 -0.026942
vn 0.873860 0.026170 -0.485473
vn 0.873860 0.026170 -0.485472
vn -0.484103 -0.045328 -0.873836
vn -0.044874 0.998629 -0.026942
vn 0.044874 -0.998629 0.026941
vn -0.484103 -0.045328 -0.873836
vn 0.873860 0.026170 -0.485473
vn 0.484101 0.045327 0.873837
vn 0.873860 0.026170 -0.485472
vn 0.044874 -0.998629 0.026941
vn -0.998836 -0.045328 -0.016486
vn -0.017683 0.026171 0.999501
vn -0.998836 -0.045328 -0.016486
vn -0.044875 0.998629 -0.026941
vn 0.998836 0.045327 0.016487
vn -0.017683 0.026171 0.999501
vn -0.044875 0.998629 -0.026941
vn 0.044874 -0.998629 0.026942
vn -0.017683 0.026171 0.999501
vn 0.998836 0.045327 0.016487
vn -0.998836 -0.045328 -0.016486
vn -0.017683 0.026171 0.999501
vn 0.044874 -0.998629 0.026942
vn 0.635758 -0.148137 0.757540
vn 0.867294 -0.084048 0.490650
vn -0.938469 -0.096609 -0.331576
vn -0.964327 -0.166299 0.205955
vn -0.700863 -0.323170 0.635887
vn -0.315335 -0.275305 0.908169
vn 0.169514 -0.275658 0.946191
vn 0.006561 0.999974 0.002918
vn 0.006561 0.999974 0.002918
vn 0.439745 0.006254 0.898101
vn 0.829813 0.003515 0.558031
vn 0.006561 0.999974 0.002918
vn 0.009786 0.999931 -0.006499
vn 0.829813 0.003515 0.558031
vn 0.887527 0.002767 0.460748
vn -0.997658 0.000164 -0.068394
vn 0.006561 0.999974 0.002918
vn 0.009786 0.999931 -0.006499
vn -0.887526 -0.002769 -0.460749
vn -0.898139 0.003801 0.439695
vn 0.006561 0.999974 0.002918
vn -0.997658 0.000164 -0.068394
vn 0.006561 0.999974 0.002918
vn 0.006560 0.999974 0.002915
vn -0.898139 0.003801 0.439695
vn 0.006561 0.999974 0.002918
vn -0.557834 0.006419 0.829928
vn -0.557834 0.006419 0.829928
vn -0.068105 0.007317 0.997651
vn 0.006560 0.999974 0.002915
vn -0.068105 0.007317 0.997651
vn 0.439745 0.006254 0.898101
vn 0.006561 0.999974 0.002918
vn 0.006560 0.999974 0.002915
vn 0.943262 -0.032469 0.330459
vn 0.976821 -0.044628 -0.209353
vn 0.006561 0.999974 0.002919
vn -0.175285 0.829651 0.530051
vn 0.997658 -0.000164 0.068396
vn 0.898138 -0.003801 -0.439697
vn -0.175285 0.829652 0.530051
vn 0.997658 -0.000164 0.068396
vn 0.887527 0.002767 0.460748
vn 0.009786 0.999931 -0.006499
vn 0.750845 -0.056511 -0.658057
vn 0.557833 -0.006419 -0.829929
vn 0.006561 0.999974 0.002921
vn 0.006561 0.999974 0.002919
vn 0.898138 -0.003801 -0.439697
vn 0.321812 -0.066386 -0.944473
vn 0.006561 0.999974 0.002921
vn 0.068107 -0.007316 -0.997651
vn 0.557833 -0.006419 -0.829929
vn -0.192136 -0.069651 -0.978894
vn 0.006561 0.999974 0.002919
vn 0.006561 0.999974 0.002921
vn 0.068107 -0.007316 -0.997651
vn -0.439748 -0.006254 -0.898099
vn -0.643467 -0.069046 -0.762354
vn -0.175285 0.829651 0.530051
vn -0.829812 -0.003517 -0.558033
vn -0.439748 -0.006254 -0.898099
vn 0.006561 0.999974 0.002919
vn -0.866476 -0.053792 -0.496311
vn -0.887526 -0.002769 -0.460749
vn 0.009786 0.999931 -0.006499
vn -0.829812 -0.003517 -0.558033
vn -0.175285 0.829651 0.530051
vn 0.404130 -0.794348 0.453530
vn -0.492480 -0.868427 0.057419
vn -0.689371 -0.625190 -0.365931
vn -0.520885 -0.609308 -0.597848
vn -0.141889 -0.644955 -0.750933
vn 0.247388 -0.646916 -0.721317
vn 0.597831 -0.611547 -0.518274
vn 0.831788 -0.532164 -0.157897
vn 0.836858 -0.442404 0.322409
vn 0.215132 -0.897925 0.383991
vn -0.063503 -0.927987 0.367161
vn -0.248676 -0.923351 0.292545
vn -0.412144 -0.907122 -0.085249
vn -0.195030 -0.934832 -0.296735
vn 0.121027 -0.946892 -0.297908
vn 0.372199 -0.924466 -0.082647
vn 0.459406 -0.853463 0.246064
vn -0.119359 -0.935244 0.333274
vn -0.077864 -0.950017 0.302332
vn -0.117597 -0.993060 -0.001889
vn 0.181925 -0.981972 -0.051324
vn 0.238645 -0.937033 0.254985
vn -0.857537 0.000000 -0.514423
vn -0.857537 0.000000 -0.514423
vn -0.606369 0.707107 -0.363751
vn -0.000000 1.000000 -0.000000
vn 0.606370 0.707107 0.363752
vn 0.857537 -0.000000 0.514423
vn 0.606370 -0.707107 0.363751
vn 0.000000 -1.000000 -0.000000
vn -0.606369 -0.707107 -0.363751
vn -0.857537 -0.000000 -0.514422
vn -0.857537 -0.000000 -0.514422
vn -0.606370 0.707107 -0.363751
vn 0.000000 1.000000 0.000000
vn 0.606370 0.707107 0.363752
vn 0.857537 0.000000 0.514423
vn 0.606370 -0.707107 0.363751
vn 0.000000 -1.000000 -0.000000
vn -0.606370 -0.707107 -0.363751
vn -0.573576 0.000000 -0.819152
vn -0.996195 0.000000 0.087155
vn 0.000000 1.000000 -0.000000
vn 0.000000 1.000000 0.000001
vn -0.025080 0.997340 0.068436
vn 0.000000 1.000000 -0.000000
vn -0.871349 -0.000000 -0.490664
vn -0.996195 0.000000 0.087155
vn 0.573576 0.000000 0.819152
vn 0.791933 0.000000 0.610608
vn -0.000000 1.000000 -0.000001
vn 0.000000 1.000000 -0.000000
vn -0.025080 0.997340 0.068436
vn -0.000000 1.000000 -0.000001
vn 0.573576 0.000000 0.819152
vn 0.996195 -0.000000 -0.087155
vn 0.422618 -0.000000 -0.906308
vn -0.000000 1.000000 -0.000001
vn 0.000000 1.000000 0.000001
vn 0.000000 1.000000 -0.000000
vn 0.996195 -0.000000 -0.087155
vn -0.573576 0.000000 -0.819152
vn 0.000000 1.000000 0.000001
vn 0.422618 -0.000000 -0.906308
vn -0.996195 0.000000 0.087155
vn -0.573576 0.000000 -0.819152
vn 0.000000 -1.000000 0.000000
vn 0.000000 -1.000000 -0.000001
vn 0.996195 -0.000000 -0.087155
vn 0.000000 -1.000000 0.000000
vn 0.573576 0.000000 0.819152
vn 0.000000 -1.000000 0.000000
vn 0.996195 -0.000000 -0.087155
vn 0.422618 -0.000000 -0.906308
vn 0.000000 -1.000000 0.000000
vn 0.000000 -1.000000 -0.000001
vn -0.573576 0.000000 -0.819152
vn 0.000000 -1.000000 -0.000001
vn 0.422618 -0.000000 -0.906308
vn 0.000000 -1.000000 0.000000
vn -0.996195 0.000000 0.087155
vn -0.871349 -0.000000 -0.490664
vn -0.025080 -0.997340 0.068436
vn 0.791933 0.000000 0.610608
vn 0.000000 -1.000000 0.000000
vn 0.573576 0.000000 0.819152
vn 0.000000 -1.000000 0.000000
vn -0.025080 -0.997340 0.068436
vn 0.000000 1.000000 0.000000
vn -0.871349 -0.000000 -0.490664
vn -0.991576 0.000000 0.129524
vn -0.025080 0.997340 0.068436
vn 0.791933 0.000000 0.610608
vn -0.025080 0.997340 0.068436
vn 0.000000 1.000000 0.000000
vn 0.988987 0.000000 -0.148000
vn 0.791933 0.000000 0.610608
vn -0.025080 -0.997340 0.068436
vn 0.988987 0.000000 -0.148000
vn 0.000001 -1.000000 0.000001
vn -0.025080 -0.997340 0.068436
vn -0.871349 -0.000000 -0.490664
vn -0.991576 0.000000 0.129524
vn 0.000001 -1.000000 0.000001
vn -0.991576 0.000000 0.129524
vn 0.173366 0.000000 0.984857
vn 0.000000 1.000000 0.000000
vn 0.000000 1.000000 0.000000
vn 0.173366 0.000000 0.984857
vn 0.988987 0.000000 -0.148000
vn 0.988987 0.000000 -0.148000
vn 0.173366 0.000000 0.984857
vn 0.000001 -1.000000 0.000001
vn -0.991576 0.000000 0.129524
vn 0.000001 -1.000000 0.000001
vn 0.173366 0.000000 0.984857
vn -0.883392 0.181317 -0.432138
vn -0.884237 -0.181165 -0.430470
vn 0.005415 0.999891 -0.013767
vn -0.883392 0.181317 -0.432138
vn -0.003900 0.999972 -0.006406
vn -0.003900 0.999972 -0.006406
vn 0.838940 0.279889 -0.466736
vn 0.838940 0.279889 -0.466736
vn 0.840422 -0.276828 -0.465893
vn -0.000001 -1.000000 0.000000
vn 0.840423 -0.276828 -0.465893
vn -0.001724 -0.999997 0.001600
vn -0.884237 -0.181165 -0.430470
vn -0.000001 -1.000000 0.000000
vn 0.561376 0.000000 0.827561
vn 0.005415 0.999891 -0.013767
vn -0.088523 0.995672 -0.028305
vn 0.005886 0.999932 -0.010038
vn 0.999948 -0.000000 -0.010208
vn -0.003900 0.999972 -0.006406
vn 0.838940 0.279889 -0.466736
vn -0.003900 0.999972 -0.006406
vn 0.996899 -0.000001 -0.078693
vn 0.561376 0.000000 0.827561
vn 0.838940 0.279889 -0.466736
vn 0.996899 -0.000001 -0.078693
vn 0.840422 -0.276828 -0.465893
vn 0.996899 -0.000001 -0.078693
vn 0.840422 -0.276828 -0.465893
vn -0.000001 -1.000000 0.000000
vn 0.561376 0.000000 0.827561
vn 0.561376 0.000000 0.827561
vn -0.000001 -1.000000 0.000000
vn 0.720105 -0.678749 0.144044
vn -0.001724 -0.999997 0.001600
vn 0.999948 -0.000000 -0.010208
vn -0.508160 -0.006048 0.861241
vn -0.884237 -0.181165 -0.430470
vn -0.883392 0.181317 -0.432138
vn -0.508725 0.013120 0.860829
vn 0.005886 0.999932 -0.010038
vn -0.508725 0.013120 0.860829
vn -0.883392 0.181317 -0.432138
vn 0.005415 0.999891 -0.013767
vn 0.859550 0.280310 0.427318
vn -0.508725 0.013120 0.860829
vn -0.088523 0.995672 -0.028305
vn 0.005886 0.999932 -0.010038
vn -0.508160 -0.006048 0.861241
vn 0.859550 0.280310 0.427318
vn 0.881013 -0.289840 0.373910
vn -0.508725 0.013120 0.860829
vn -0.001724 -0.999997 0.001600
vn 0.881013 -0.289840 0.373910
vn -0.508160 -0.006048 0.861241
vn 0.720105 -0.678749 0.144044
vn -0.001724 -0.999997 0.001600
vn -0.508160 -0.006048 0.861241
vn -0.884237 -0.181165 -0.430470
vn 0.999948 -0.000000 -0.010208
vn -0.088523 0.995672 -0.028305
vn 0.964084 0.000000 -0.265597
vn 0.859550 0.280310 0.427318
vn 0.964084 0.000000 -0.265597
vn 0.881013 -0.289840 0.373910
vn 0.859550 0.280310 0.427318
vn 0.964084 0.000000 -0.265597
vn 0.999948 -0.000000 -0.010208
vn 0.881013 -0.289840 0.373910
vn 0.720105 -0.678749 0.144044
vn 0.050673 0.026169 0.998372
vn -0.043960 -0.998629 0.028406
vn -0.043960 -0.998629 0.028408
vn -0.838738 0.052339 0.542015
vn -0.838738 0.052339 0.542015
vn -0.043960 -0.998629 0.028408
vn -0.043961 -0.998629 0.028408
vn -0.889412 0.026170 -0.456358
vn -0.889412 0.026170 -0.456358
vn -0.050675 -0.026171 -0.998372
vn -0.043960 -0.998629 0.028406
vn -0.043961 -0.998629 0.028408
vn -0.050675 -0.026171 -0.998372
vn -0.043960 -0.998629 0.028408
vn -0.043960 -0.998629 0.028406
vn 0.838738 -0.052340 -0.542014
vn -0.043960 -0.998629 0.028407
vn -0.043960 -0.998629 0.028408
vn 0.889411 -0.026169 0.456358
vn 0.838738 -0.052340 -0.542014
vn 0.050673 0.026169 0.998372
vn 0.889411 -0.026169 0.456358
vn -0.043960 -0.998629 0.028407
vn -0.043960 -0.998629 0.028406
vn -0.838738 0.052339 0.542015
vn 0.050673 0.026169 0.998372
vn -0.889412 0.026170 -0.456358
vn -0.838738 0.052339 0.542015
vn -0.050675 -0.026171 -0.998372
vn -0.889412 0.026170 -0.456358
vn 0.838738 -0.052340 -0.542014
vn -0.050675 -0.026171 -0.998372
vn 0.838738 -0.052340 -0.542014
vn 0.889411 -0.026169 0.456358
vn 0.889411 -0.026169 0.456358
vn 0.050673 0.026169 0.998372
vn -0.838739 0.052338 0.542013
vn -0.043961 -0.998629 0.028408
vn -0.889411 0.026167 -0.456358
vn -0.043960 -0.998629 0.028408
vn 0.050676 0.026166 0.998372
vn -0.838739 0.052338 0.542013
vn -0.043960 -0.998629 0.028406
vn -0.043960 -0.998629 0.028408
vn 0.050676 0.026166 0.998372
vn 0.889412 -0.026173 0.456357
vn -0.043960 -0.998629 0.028407
vn -0.043960 -0.998629 0.028406
vn -0.043960 -0.998629 0.028407
vn -0.043960 -0.998629 0.028408
vn 0.838738 -0.052339 -0.542014
vn 0.889412 -0.026173 0.456357
vn 0.838738 -0.052339 -0.542014
vn -0.043960 -0.998629 0.028408
vn -0.043960 -0.998629 0.028406
vn -0.050676 -0.026169 -0.998372
vn -0.050676 -0.026169 -0.998372
vn -0.043960 -0.998629 0.028406
vn -0.043961 -0.998629 0.028408
vn -0.889411 0.026167 -0.456358
vn -0.043959 -0.998629 0.028408
vn -0.542757 -0.000002 -0.839890
vn -0.889413 0.026171 -0.456355
vn -0.043958 -0.998629 0.028407
vn 0.542759 0.000001 0.839889
vn -0.043960 -0.998629 0.028408
vn -0.043958 -0.998629 0.028407
vn 0.050674 0.026169 0.998372
vn -0.043961 -0.998629 0.028408
vn -0.043959 -0.998629 0.028408
vn -0.043960 -0.998629 0.028409
vn -0.454990 0.045328 0.889342
vn -0.043960 -0.998629 0.028408
vn 0.050674 0.026169 0.998372
vn -0.043960 -0.998629 0.028408
vn 0.838739 -0.052340 -0.542013
vn 0.454987 -0.045327 -0.889344
vn -0.043960 -0.998629 0.028409
vn -0.043961 -0.998629 0.028408
vn -0.043961 -0.998629 0.028409
vn 0.838739 -0.052340 -0.542013
vn -0.043962 -0.998629 0.028408
vn 0.997747 -0.045328 -0.049454
vn -0.043961 -0.998629 0.028409
vn -0.043962 -0.998629 0.028408
vn -0.997747 0.045328 0.049453
vn -0.043961 -0.998629 0.028408
vn -0.889413 0.026171 -0.456356
vn -0.043958 -0.998629 0.028407
vn -0.043961 -0.998629 0.028409
vn 0.043960 0.998629 -0.028409
vn 0.454988 -0.045327 -0.889344
vn 0.838738 -0.052339 -0.542014
vn 0.889412 -0.026173 0.456357
vn 0.838739 -0.052340 -0.542013
vn 0.043960 0.998629 -0.028409
vn -0.454990 0.045328 0.889342
vn 0.050674 0.026169 0.998372
vn 0.889412 -0.026173 0.456357
vn 0.050676 0.026166 0.998372
vn 0.542759 0.000001 0.839889
vn 0.050674 0.026169 0.998372
vn 0.050676 0.026166 0.998372
vn 0.043960 0.998629 -0.028407
vn -0.838739 0.052338 0.542013
vn -0.889413 0.026171 -0.456356
vn -0.838739 0.052338 0.542013
vn -0.542757 -0.000002 -0.839890
vn 0.043960 0.998629 -0.028407
vn -0.889411 0.026167 -0.456358
vn -0.889413 0.026171 -0.456356
vn 0.043961 0.998629 -0.028408
vn -0.997747 0.045328 0.049453
vn -0.997747 0.045331 0.049455
vn -0.050676 -0.026169 -0.998372
vn -0.889411 0.026167 -0.456358
vn 0.043961 0.998629 -0.028408
vn 0.838738 -0.052339 -0.542014
vn -0.050676 -0.026169 -0.998372
vn 0.838739 -0.052340 -0.542013
vn 0.997747 -0.045328 -0.049454
vn 0.542759 0.000001 0.839889
vn -0.838738 0.052341 0.542014
vn -0.043959 -0.998629 0.028408
vn -0.043959 -0.998629 0.028408
vn -0.838738 0.052341 0.542014
vn -0.542757 -0.000002 -0.839890
vn 0.043960 0.998629 -0.028407
vn -0.542757 -0.000002 -0.839890
vn -0.838738 0.052341 0.542014
vn 0.043960 0.998629 -0.028407
vn 0.542759 0.000001 0.839889
vn -0.838738 0.052341 0.542014
vn -0.043960 -0.998629 0.028409
vn 0.889411 -0.026169 0.456358
vn 0.454988 -0.045327 -0.889344
vn 0.889411 -0.026169 0.456358
vn -0.454990 0.045328 0.889342
vn -0.043960 -0.998629 0.028409
vn -0.454990 0.045328 0.889342
vn 0.043960 0.998629 -0.028409
vn 0.889411 -0.026169 0.456358
vn 0.454987 -0.045327 -0.889344
vn 0.043960 0.998629 -0.028409
vn 0.889411 -0.026169 0.456358
vn -0.043962 -0.998629 0.028408
vn -0.997747 0.045331 0.049455
vn -0.997747 0.045328 0.049453
vn -0.050677 -0.026171 -0.998372
vn 0.997747 -0.045328 -0.049454
vn -0.050677 -0.026171 -0.998372
vn -0.043962 -0.998629 0.028408
vn -0.050677 -0.026171 -0.998372
vn 0.997747 -0.045328 -0.049454
vn 0.043961 0.998629 -0.028408
vn 0.043961 0.998629 -0.028408
vn -0.050677 -0.026171 -0.998372
vn -0.997747 0.045331 0.049455
vn 0.974325 0.148136 0.169552
vn 0.859734 0.084048 0.503779
vn -0.757887 0.096610 -0.645193
vn -0.305979 0.166299 -0.937401
vn 0.198116 0.323170 -0.925371
vn 0.627142 0.275306 -0.728629
vn 0.903423 0.275657 -0.328389
vn 0.899194 -0.003517 0.437537
vn 0.005817 -0.999974 0.004209
vn 0.005817 -0.999974 0.004210
vn 0.997490 -0.006256 -0.070534
vn 0.899194 -0.003517 0.437537
vn -0.000708 -0.999931 0.011726
vn 0.005817 -0.999974 0.004210
vn 0.844030 -0.002767 0.536290
vn -0.000708 -0.999931 0.011726
vn 0.005817 -0.999974 0.004210
vn -0.844030 0.002769 -0.536289
vn -0.559986 -0.000163 -0.828502
vn 0.005817 -0.999974 0.004209
vn -0.070598 -0.003800 -0.997498
vn -0.559986 -0.000163 -0.828502
vn 0.005817 -0.999974 0.004210
vn -0.070598 -0.003800 -0.997498
vn 0.005817 -0.999974 0.004209
vn 0.437737 -0.006418 -0.899080
vn 0.005819 -0.999974 0.004211
vn 0.005819 -0.999974 0.004211
vn 0.437737 -0.006418 -0.899080
vn 0.828643 -0.007317 -0.559729
vn 0.997490 -0.006256 -0.070534
vn 0.828643 -0.007317 -0.559729
vn 0.005819 -0.999974 0.004211
vn 0.005817 -0.999974 0.004209
vn 0.759327 0.032470 0.649899
vn 0.309312 0.044628 0.949913
vn 0.005818 -0.999974 0.004209
vn 0.070598 0.003801 0.997498
vn 0.370427 -0.829651 -0.417688
vn 0.559987 0.000164 0.828502
vn 0.370427 -0.829651 -0.417688
vn -0.000708 -0.999931 0.011726
vn 0.844030 -0.002767 0.536290
vn 0.559987 0.000164 0.828502
vn -0.192198 0.056511 0.979728
vn 0.070598 0.003801 0.997498
vn -0.437739 0.006419 0.899079
vn 0.005818 -0.999974 0.004208
vn 0.005818 -0.999974 0.004209
vn -0.655288 0.066386 0.752457
vn 0.005818 -0.999974 0.004208
vn -0.437739 0.006419 0.899079
vn -0.828641 0.007316 0.559733
vn -0.943062 0.069652 0.325242
vn -0.997490 0.006254 0.070532
vn 0.005818 -0.999974 0.004208
vn 0.005818 -0.999974 0.004209
vn -0.828641 0.007316 0.559733
vn -0.982357 0.069046 -0.173802
vn -0.899194 0.003516 -0.437536
vn 0.370427 -0.829651 -0.417688
vn -0.997490 0.006254 0.070532
vn 0.005818 -0.999974 0.004209
vn -0.864220 0.053792 -0.500231
vn -0.000708 -0.999931 0.011726
vn 0.370427 -0.829651 -0.417688
vn -0.899194 0.003516 -0.437536
vn -0.844030 0.002769 -0.536289
vn 0.595117 0.794349 0.121841
vn -0.197569 0.868427 -0.454753
vn -0.662550 0.625190 -0.412511
vn -0.778544 0.609310 -0.150370
vn -0.720684 0.644955 0.254261
vn -0.499648 0.646917 0.576064
vn -0.148118 0.611547 0.777220
vn 0.281005 0.532163 0.798648
vn 0.698949 0.442405 0.561915
vn 0.440098 0.897925 -0.006706
vn 0.285663 0.927988 -0.239239
vn 0.128174 0.923352 -0.361930
vn -0.280628 0.907122 -0.313652
vn -0.354542 0.934832 -0.019712
vn -0.196892 0.946892 0.254223
vn 0.115370 0.924466 0.363390
vn 0.443437 0.853463 0.273796
vn 0.228316 0.935245 -0.270535
vn 0.222387 0.950017 -0.219116
vn -0.060669 0.993060 -0.100758
vn 0.046939 0.981972 0.183104
vn 0.340330 0.937033 0.078389
vn 0.856233 0.000000 0.516590
vn 0.856233 0.000000 0.516590
vn 0.605185 0.707414 0.365125
vn -0.000528 1.000000 -0.000318
vn -0.605713 0.706798 -0.365444
vn -0.856233 -0.000000 -0.516590
vn -0.605713 -0.706798 -0.365443
vn -0.000528 -1.000000 -0.000318
vn 0.605185 -0.707414 0.365126
vn 0.856233 -0.000000 0.516590
vn 0.856233 -0.000000 0.516590
vn 0.605713 0.706798 0.365443
vn 0.000527 1.000000 0.000318
vn -0.605185 0.707414 -0.365125
vn -0.856233 0.000000 -0.516590
vn -0.605185 -0.707414 -0.365125
vn 0.000527 -1.000000 0.000318
vn 0.605713 -0.706798 0.365444
vn 0.883392 0.181316 0.432138
vn 0.884237 -0.181164 0.430470
vn 0.003900 0.999972 0.006405
vn 0.883392 0.181316 0.432138
vn -0.005415 0.999891 0.013766
vn 0.003900 0.999972 0.006405
vn -0.838939 0.279889 0.466736
vn -0.840422 -0.276829 0.465893
vn -0.838939 0.279889 0.466736
vn -0.840422 -0.276829 0.465893
vn 0.000001 -1.000000 0.000000
vn 0.884237 -0.181164 0.430470
vn 0.001724 -0.999997 -0.001601
vn 0.000001 -1.000000 0.000000
vn 0.003900 0.999972 0.006405
vn 0.088527 0.995672 0.028308
vn -0.999948 0.000000 0.010207
vn -0.561376 -0.000000 -0.827561
vn -0.005415 0.999891 0.013766
vn -0.005887 0.999932 0.010041
vn -0.996899 -0.000000 0.078693
vn -0.561376 -0.000000 -0.827561
vn 0.003900 0.999972 0.006405
vn -0.838939 0.279889 0.466736
vn -0.840422 -0.276829 0.465893
vn -0.996899 -0.000000 0.078693
vn -0.838939 0.279889 0.466736
vn 0.000001 -1.000000 0.000000
vn -0.996899 -0.000000 0.078693
vn -0.561376 -0.000000 -0.827561
vn -0.840422 -0.276829 0.465893
vn 0.000001 -1.000000 0.000000
vn -0.720105 -0.678749 -0.144044
vn -0.999948 0.000000 0.010207
vn 0.001724 -0.999997 -0.001601
vn -0.561376 -0.000000 -0.827561
vn 0.508725 0.013120 -0.860829
vn 0.883392 0.181316 0.432138
vn 0.884237 -0.181164 0.430471
vn 0.508160 -0.006048 -0.861241
vn 0.508725 0.013120 -0.860829
vn -0.005415 0.999891 0.013766
vn -0.005887 0.999932 0.010041
vn 0.883392 0.181316 0.432138
vn -0.859550 0.280310 -0.427318
vn 0.088527 0.995672 0.028308
vn 0.508725 0.013120 -0.860829
vn -0.005887 0.999932 0.010041
vn 0.508725 0.013120 -0.860829
vn 0.508160 -0.006048 -0.861242
vn -0.859550 0.280310 -0.427318
vn -0.881012 -0.289841 -0.373911
vn 0.001724 -0.999997 -0.001601
vn -0.720105 -0.678749 -0.144044
vn 0.508160 -0.006048 -0.861241
vn -0.881012 -0.289841 -0.373911
vn 0.001724 -0.999997 -0.001601
vn 0.884237 -0.181164 0.430470
vn 0.508160 -0.006048 -0.861241
vn -0.964084 0.000000 0.265599
vn 0.088527 0.995672 0.028308
vn -0.999948 0.000000 0.010207
vn -0.859550 0.280310 -0.427318
vn -0.859550 0.280310 -0.427318
vn -0.964084 0.000000 0.265599
vn -0.881012 -0.289841 -0.373911
vn -0.964084 0.000000 0.265599
vn -0.720105 -0.678749 -0.144044
vn -0.881013 -0.289841 -0.373911
vn -0.999948 0.000000 0.010207
vn 0.050674 0.026169 -0.998372
vn -0.043960 -0.998629 -0.028408
vn -0.838738 0.052340 -0.542014
vn -0.043960 -0.998629 -0.028407
vn -0.043960 -0.998629 -0.028408
vn -0.889412 0.026170 0.456358
vn -0.838738 0.052340 -0.542014
vn -0.043961 -0.998629 -0.028408
vn -0.050675 -0.026171 0.998372
vn -0.043961 -0.998629 -0.028408
vn -0.043960 -0.998629 -0.028406
vn -0.889412 0.026170 0.456358
vn 0.838738 -0.052340 0.542014
vn -0.043960 -0.998629 -0.028406
vn -0.043960 -0.998629 -0.028408
vn -0.050675 -0.026171 0.998372
vn 0.889411 -0.026170 -0.456358
vn 0.838738 -0.052340 0.542014
vn -0.043960 -0.998629 -0.028408
vn -0.043960 -0.998629 -0.028407
vn -0.043960 -0.998629 -0.028407
vn 0.050674 0.026169 -0.998372
vn 0.889411 -0.026170 -0.456358
vn -0.043960 -0.998629 -0.028407
vn -0.838738 0.052340 -0.542014
vn 0.050674 0.026169 -0.998372
vn -0.889412 0.026170 0.456358
vn -0.838738 0.052340 -0.542014
vn -0.889412 0.026170 0.456358
vn -0.050675 -0.026171 0.998372
vn 0.838738 -0.052340 0.542014
vn -0.050675 -0.026171 0.998372
vn 0.889411 -0.026170 -0.456358
vn 0.838738 -0.052340 0.542014
vn 0.889411 -0.026170 -0.456358
vn 0.050674 0.026169 -0.998372
vn -0.838739 0.052338 -0.542013
vn -0.889411 0.026167 0.456358
vn -0.043961 -0.998629 -0.028408
vn -0.043960 -0.998629 -0.028408
vn -0.043960 -0.998629 -0.028408
vn 0.050676 0.026166 -0.998372
vn -0.043960 -0.998629 -0.028407
vn -0.838738 0.052338 -0.542013
vn 0.050676 0.026166 -0.998372
vn -0.043960 -0.998629 -0.028407
vn 0.889412 -0.026171 -0.456357
vn -0.043960 -0.998629 -0.028407
vn 0.889412 -0.026171 -0.456357
vn -0.043960 -0.998629 -0.028408
vn 0.838738 -0.052340 0.542014
vn -0.043960 -0.998629 -0.028407
vn -0.043960 -0.998629 -0.028406
vn -0.043960 -0.998629 -0.028408
vn 0.838738 -0.052340 0.542014
vn -0.050676 -0.026169 0.998372
vn -0.889411 0.026167 0.456358
vn -0.050676 -0.026169 0.998372
vn -0.043960 -0.998629 -0.028406
vn -0.043961 -0.998629 -0.028408
vn -0.043959 -0.998629 -0.028408
vn -0.043959 -0.998629 -0.028407
vn -0.889413 0.026171 0.456355
vn -0.542757 -0.000002 0.839890
vn -0.043960 -0.998629 -0.028408
vn 0.542759 0.000001 -0.839888
vn -0.043959 -0.998629 -0.028408
vn -0.043959 -0.998629 -0.028407
vn -0.043961 -0.998629 -0.028408
vn 0.050673 0.026169 -0.998372
vn 0.050673 0.026169 -0.998372
vn -0.454990 0.045329 -0.889342
vn -0.043960 -0.998629 -0.028409
vn -0.043960 -0.998629 -0.028408
vn -0.043961 -0.998629 -0.028409
vn -0.043960 -0.998629 -0.028408
vn 0.454987 -0.045327 0.889344
vn 0.838739 -0.052340 0.542013
vn -0.043960 -0.998629 -0.028409
vn -0.043961 -0.998629 -0.028408
vn 0.838739 -0.052340 0.542013
vn -0.043961 -0.998629 -0.028409
vn 0.997747 -0.045328 0.049454
vn -0.043962 -0.998629 -0.028408
vn -0.889413 0.026171 0.456355
vn -0.043959 -0.998629 -0.028407
vn -0.043961 -0.998629 -0.028409
vn -0.043962 -0.998629 -0.028408
vn -0.043961 -0.998629 -0.028408
vn -0.997747 0.045328 -0.049453
vn 0.043960 0.998629 0.028408
vn 0.838739 -0.052340 0.542013
vn 0.454987 -0.045327 0.889344
vn 0.889412 -0.026171 -0.456357
vn 0.838738 -0.052340 0.542014
vn 0.050673 0.026169 -0.998372
vn 0.043960 0.998629 0.028408
vn -0.454990 0.045329 -0.889342
vn 0.050676 0.026166 -0.998372
vn 0.889412 -0.026171 -0.456357
vn 0.050676 0.026166 -0.998372
vn 0.542759 0.000001 -0.839888
vn 0.043960 0.998629 0.028407
vn -0.838739 0.052338 -0.542013
vn 0.050673 0.026169 -0.998372
vn -0.889411 0.026167 0.456358
vn -0.838739 0.052338 -0.542013
vn -0.889413 0.026171 0.456355
vn 0.043960 0.998629 0.028407
vn -0.542757 -0.000002 0.839890
vn -0.997747 0.045328 -0.049453
vn 0.043961 0.998629 0.028408
vn -0.997747 0.045332 -0.049455
vn -0.889411 0.026167 0.456358
vn -0.050676 -0.026169 0.998372
vn -0.889413 0.026171 0.456355
vn 0.997747 -0.045328 0.049454
vn -0.050676 -0.026169 0.998372
vn 0.043961 0.998629 0.028408
vn 0.838738 -0.052340 0.542014
vn 0.838739 -0.052340 0.542013
vn -0.043959 -0.998629 -0.028408
vn -0.838738 0.052341 -0.542014
vn 0.542759 0.000001 -0.839888
vn -0.043959 -0.998629 -0.028408
vn -0.838738 0.052341 -0.542014
vn -0.542757 -0.000002 0.839890
vn 0.043960 0.998629 0.028407
vn -0.838738 0.052341 -0.542014
vn -0.542757 -0.000002 0.839890
vn -0.838738 0.052341 -0.542014
vn 0.542759 0.000001 -0.839888
vn 0.043960 0.998629 0.028407
vn 0.454987 -0.045327 0.889344
vn 0.889412 -0.026170 -0.456357
vn -0.043960 -0.998629 -0.028409
vn -0.043960 -0.998629 -0.028409
vn 0.889412 -0.026170 -0.456357
vn -0.454990 0.045329 -0.889342
vn 0.043960 0.998629 0.028408
vn -0.454990 0.045329 -0.889342
vn 0.889412 -0.026170 -0.456357
vn 0.889412 -0.026170 -0.456357
vn 0.043960 0.998629 0.028408
vn 0.454987 -0.045327 0.889344
vn -0.050677 -0.026171 0.998372
vn -0.043962 -0.998629 -0.028408
vn -0.997747 0.045332 -0.049455
vn -0.997747 0.045328 -0.049453
vn -0.050677 -0.026171 0.998372
vn 0.997747 -0.045328 0.049454
vn -0.043962 -0.998629 -0.028408
vn -0.050677 -0.026171 0.998372
vn 0.997747 -0.045328 0.049454
vn 0.043961 0.998629 0.028408
vn -0.997747 0.045332 -0.049455
vn -0.050677 -0.026171 0.998372
vn 0.043961 0.998629 0.028408
vn 0.974324 0.148136 -0.169552
vn 0.859734 0.084048 -0.503779
vn -0.757887 0.096610 0.645193
vn -0.305980 0.166299 0.937401
vn 0.198116 0.323170 0.925371
vn 0.627141 0.275306 0.728629
vn 0.903424 0.275657 0.328389
vn 0.899194 -0.003517 -0.437537
vn 0.005817 -0.999974 -0.004209
vn 0.997490 -0.006256 0.070534
vn 0.005817 -0.999974 -0.004209
vn -0.000708 -0.999931 -0.011726
vn 0.899194 -0.003517 -0.437537
vn 0.005817 -0.999974 -0.004209
vn 0.844030 -0.002767 -0.536289
vn -0.000708 -0.999931 -0.011726
vn -0.559986 -0.000163 0.828502
vn -0.844030 0.002769 0.536289
vn 0.005817 -0.999974 -0.004209
vn 0.005817 -0.999974 -0.004209
vn -0.070599 -0.003800 0.997498
vn -0.559986 -0.000163 0.828502
vn 0.005817 -0.999974 -0.004209
vn 0.437736 -0.006418 0.899081
vn -0.070599 -0.003800 0.997498
vn 0.005817 -0.999974 -0.004209
vn 0.005819 -0.999974 -0.004211
vn 0.005819 -0.999974 -0.004211
vn 0.828643 -0.007317 0.559729
vn 0.437736 -0.006418 0.899081
vn 0.997490 -0.006256 0.070534
vn 0.005817 -0.999974 -0.004209
vn 0.828643 -0.007317 0.559729
vn 0.005819 -0.999974 -0.004211
vn 0.759327 0.032469 -0.649899
vn 0.309311 0.044628 -0.949913
vn 0.005818 -0.999974 -0.004209
vn 0.070597 0.003801 -0.997498
vn 0.370427 -0.829651 0.417688
vn 0.559986 0.000164 -0.828502
vn -0.000708 -0.999931 -0.011726
vn 0.844030 -0.002767 -0.536289
vn 0.370427 -0.829651 0.417688
vn 0.559986 0.000164 -0.828502
vn -0.192198 0.056511 -0.979728
vn -0.437739 0.006419 -0.899079
vn 0.070597 0.003801 -0.997498
vn 0.005818 -0.999974 -0.004209
vn 0.005818 -0.999974 -0.004208
vn -0.655288 0.066386 -0.752457
vn -0.437739 0.006419 -0.899079
vn -0.828641 0.007316 -0.559733
vn 0.005818 -0.999974 -0.004208
vn -0.943062 0.069651 -0.325242
vn -0.828641 0.007316 -0.559733
vn 0.005818 -0.999974 -0.004208
vn 0.005818 -0.999974 -0.004209
vn -0.997490 0.006253 -0.070532
vn -0.982357 0.069046 0.173802
vn -0.899194 0.003516 0.437536
vn 0.370427 -0.829651 0.417688
vn 0.005818 -0.999974 -0.004209
vn -0.997490 0.006253 -0.070532
vn -0.864220 0.053792 0.500231
vn -0.844030 0.002769 0.536289
vn 0.370427 -0.829651 0.417688
vn -0.000708 -0.999931 -0.011726
vn -0.899194 0.003516 0.437536
vn 0.595117 0.794349 -0.121841
vn -0.197570 0.868427 0.454754
vn -0.662550 0.625190 0.412511
vn -0.778544 0.609309 0.150370
vn -0.720684 0.644954 -0.254261
vn -0.499649 0.646917 -0.576064
vn -0.148118 0.611548 -0.777220
vn 0.281004 0.532162 -0.798649
vn 0.698949 0.442404 -0.561916
vn 0.440097 0.897925 0.006706
vn 0.285663 0.927987 0.239240
vn 0.128175 0.923351 0.361930
vn -0.280628 0.907122 0.313652
vn -0.354542 0.934832 0.019712
vn -0.196892 0.946892 -0.254223
vn 0.115370 0.924466 -0.363391
vn 0.443437 0.853463 -0.273797
vn 0.228316 0.935245 0.270535
vn 0.222388 0.950017 0.219116
vn -0.060668 0.993060 0.100758
vn 0.046939 0.981972 -0.183105
vn 0.340331 0.937033 -0.078390
vn 0.856233 0.000000 -0.516590
vn 0.856233 0.000000 -0.516590
vn 0.605186 0.707414 -0.365125
vn -0.000528 1.000000 0.000318
vn -0.605713 0.706798 0.365444
vn -0.856233 -0.000001 0.516590
vn -0.605713 -0.706798 0.365443
vn -0.000528 -1.000000 0.000318
vn 0.605185 -0.707414 -0.365126
vn 0.856233 0.000000 -0.516590
vn 0.856233 0.000000 -0.516590
vn 0.605713 0.706798 -0.365443
vn 0.000527 1.000000 -0.000318
vn -0.605185 0.707414 0.365125
vn -0.856233 -0.000000 0.516590
vn -0.605185 -0.707414 0.365125
vn 0.000527 -1.000000 -0.000318
vn 0.605713 -0.706797 -0.365444
usemtl phong3SG
f 1/1/1 22/22/22 49/49/49
f 49/49/49 77/77/77 1/1/1
f 44/44/44 60/60/60 67/67/67
f 67/67/67 48/48/48 44/44/44
f 47/47/47 65/65/65 57/57/57
f 57/57/57 32/32/32 47/47/47
f 24/24/24 6/6/6 17/17/17
f 17/17/17 28/28/28 24/24/24
f 43/43/43 45/45/45 35/35/35
f 35/35/35 39/39/39 43/43/43
f 41/41/41 38/38/38 20/20/20
f 20/20/20 16/16/16 41/41/41
f 19/19/19 37/37/37 27/27/27
f 36/36/36 34/34/34 31/31/31
f 31/31/31 21/21/21 36/36/36
f 26/26/26 40/40/40 23/23/23
f 8/8/8 15/15/15 18/18/18
f 18/18/18 2/2/2 8/8/8
f 29/29/29 33/33/33 46/46/46
f 52/52/52 88/88/88 83/83/83
f 83/83/83 76/76/76 52/52/52
f 61/61/61 92/92/92 91/91/91
f 91/91/91 66/66/66 61/61/61
f 59/59/59 63/63/63 82/82/82
f 82/82/82 94/94/94 59/59/59
f 84/84/84 86/86/86 96/96/96
f 93/93/93 50/50/50 55/55/55
f 55/55/55 89/89/89 93/93/93
f 87/87/87 53/53/53 95/95/95
f 85/85/85 62/62/62 74/74/74
f 74/74/74 80/80/80 85/85/85
f 54/54/54 68/68/68 90/90/90
f 73/73/73 64/64/64 58/58/58
f 73/73/73 58/58/58 42/42/42
f 73/73/73 42/42/42 14/14/14
f 73/73/73 14/14/14 12/12/12
f 30/30/30 56/56/56 51/51/51
f 51/51/51 25/25/25 30/30/30
f 101/101/101 103/103/103 138/138/138
f 138/138/138 133/133/133 101/101/101
f 105/105/105 108/108/108 143/143/143
f 143/143/143 137/137/137 105/105/105
f 107/107/107 113/113/113 147/147/147
f 147/147/147 142/142/142 107/107/107
f 111/111/111 118/118/118 150/150/150
f 150/150/150 146/146/146 111/111/111
f 115/115/115 123/123/123 152/152/152
f 152/152/152 151/151/151 115/115/115
f 121/121/121 127/127/127 157/157/157
f 157/157/157 154/154/154 121/121/121
f 126/126/126 131/131/131 162/162/162
f 162/162/162 156/156/156 126/126/126
f 130/130/130 98/98/98 134/134/134
f 134/134/134 163/163/163 130/130/130
f 135/135/135 139/139/139 170/170/170
f 136/136/136 141/141/141 168/168/168
f 140/140/140 144/144/144 164/164/164
f 145/145/145 148/148/148 165/165/165
f 149/149/149 153/153/153 167/167/167
f 155/155/155 159/159/159 171/171/171
f 158/158/158 160/160/160 166/166/166
f 161/161/161 132/132/132 169/169/169
f 174/174/174 180/180/180 211/211/211
f 211/211/211 209/209/209 174/174/174
f 179/179/179 183/183/183 217/217/217
f 217/217/217 214/214/214 179/179/179
f 181/181/181 185/185/185 219/219/219
f 219/219/219 218/218/218 181/181/181
f 188/188/188 189/189/189 223/223/223
f 223/223/223 220/220/220 188/188/188
f 190/190/190 195/195/195 230/230/230
f 230/230/230 226/226/226 190/190/190
f 194/194/194 199/199/199 231/231/231
f 231/231/231 227/227/227 194/194/194
f 200/200/200 204/204/204 235/235/235
f 235/235/235 234/234/234 200/200/200
f 205/205/205 175/175/175 207/207/207
f 207/207/207 236/236/236 205/205/205
f 208/208/208 213/213/213 246/246/246
f 212/212/212 215/215/215 239/239/239
f 216/216/216 221/221/221 240/240/240
f 222/222/222 224/224/224 241/241/241
f 225/225/225 228/228/228 242/242/242
f 229/229/229 232/232/232 243/243/243
f 233/233/233 238/238/238 244/244/244
f 237/237/237 210/210/210 245/245/245
f 184/184/184 124/124/124 122/122/122
f 122/122/122 187/187/187 184/184/184
f 178/178/178 129/129/129 125/125/125
f 125/125/125 182/182/182 178/178/178
f 114/114/114 109/109/109 9/9/9
f 206/206/206 201/201/201 75/75/75
f 3/3/3 192/192/192 116/116/116
f 116/116/116 11/11/11 3/3/3
f 117/117/117 112/112/112 10/10/10
f 99/99/99 176/176/176 78/78/78
f 78/78/78 71/71/71 99/99/99
f 100/100/100 128/128/128 177/177/177
f 177/177/177 172/172/172 100/100/100
f 173/173/173 203/203/203 81/81/81
f 69/69/69 106/106/106 102/102/102
f 70/70/70 104/104/104 97/97/97
f 191/191/191 186/186/186 120/120/120
f 120/120/120 119/119/119 191/191/191
f 7/7/7 202/202/202 197/197/197
f 5/5/5 196/196/196 193/193/193
f 198/198/198 4/4/4 79/79/79
f 110/110/110 72/72/72 13/13/13
f 258/258/258 251/251/251 268/268/268
f 258/258/258 268/268/268 275/275/275
f 258/258/258 275/275/275 311/311/311
f 302/302/302 269/269/269 253/253/253
f 306/306/306 287/287/287 261/261/261
f 254/254/254 262/262/262 286/286/286
f 254/254/254 286/286/286 280/280/280
f 254/254/254 280/280/280 309/309/309
f 278/278/278 308/308/308 282/282/282
f 264/264/264 310/310/310 274/274/274
f 293/293/293 297/297/297 300/300/300
f 300/300/300 289/289/289 293/293/293
f 303/303/303 276/276/276 279/279/279
f 279/279/279 270/270/270 303/303/303
f 304/304/304 263/263/263 272/272/272
f 272/272/272 288/288/288 304/304/304
f 271/271/271 267/267/267 294/294/294
f 294/294/294 291/291/291 271/271/271
f 266/266/266 283/283/283 296/296/296
f 296/296/296 292/292/292 266/266/266
f 281/281/281 284/284/284 299/299/299
f 299/299/299 295/295/295 281/281/281
f 285/285/285 273/273/273 290/290/290
f 290/290/290 298/298/298 285/285/285
f 277/277/277 250/250/250 255/255/255
f 255/255/255 307/307/307 277/277/277
f 252/252/252 259/259/259 248/248/248
f 248/248/248 301/301/301 252/252/252
f 249/249/249 305/305/305 260/260/260
f 260/260/260 256/256/256 249/249/249
f 265/265/265 247/247/247 257/257/257
f 257/257/257 312/312/312 265/265/265
f 366/366/366 369/369/369 376/376/376
f 373/373/373 353/353/353 356/356/356
f 368/368/368 375/375/375 357/357/357
f 362/362/362 367/367/367 358/358/358
f 319/319/319 324/324/324 344/344/344
f 332/332/332 335/335/335 351/351/351
f 342/342/342 313/313/313 316/316/316
f 317/317/317 379/379/379 384/384/384
f 339/339/339 321/321/321 383/383/383
f 336/336/336 341/341/341 382/382/382
f 331/331/331 388/388/388 394/394/394
f 394/394/394 323/323/323 331/331/331
f 352/352/352 407/407/407 386/386/386
f 386/386/386 328/328/328 352/352/352
f 345/345/345 411/411/411 405/405/405
f 405/405/405 349/349/349 345/345/345
f 325/325/325 390/390/390 410/410/410
f 410/410/410 343/343/343 325/325/325
f 314/314/314 340/340/340 360/360/360
f 360/360/360 355/355/355 314/314/314
f 338/338/338 337/337/337 361/361/361
f 361/361/361 359/359/359 338/338/338
f 333/333/333 329/329/329 364/364/364
f 364/364/364 363/363/363 333/333/333
f 330/330/330 326/326/326 370/370/370
f 370/370/370 365/365/365 330/330/330
f 327/327/327 318/318/318 372/372/372
f 372/372/372 371/371/371 327/327/327
f 322/322/322 315/315/315 354/354/354
f 354/354/354 374/374/374 322/322/322
f 320/320/320 347/347/347 377/377/377
f 346/346/346 348/348/348 380/380/380
f 380/380/380 378/378/378 346/346/346
f 350/350/350 334/334/334 381/381/381
f 393/393/393 396/396/396 413/413/413
f 413/413/413 412/412/412 393/393/393
f 399/399/399 387/387/387 404/404/404
f 404/404/404 419/419/419 399/399/399
f 392/392/392 389/389/389 427/427/427
f 427/427/427 422/422/422 392/392/392
f 385/385/385 402/402/402 431/431/431
f 431/431/431 425/425/425 385/385/385
f 395/395/395 391/391/391 421/421/421
f 421/421/421 435/435/435 395/395/395
f 406/406/406 408/408/408 444/444/444
f 444/444/444 439/439/439 406/406/406
f 409/409/409 414/414/414 446/446/446
f 446/446/446 443/443/443 409/409/409
f 420/420/420 403/403/403 438/438/438
f 438/438/438 451/451/451 420/420/420
f 455/455/455 459/459/459 462/462/462
f 462/462/462 470/470/470 455/455/455
f 460/460/460 454/454/454 498/498/498
f 498/498/498 492/492/492 460/460/460
f 467/467/467 463/463/463 499/499/499
f 499/499/499 505/505/505 467/467/467
f 516/516/516 487/487/487 485/485/485
f 485/485/485 508/508/508 516/516/516
f 507/507/507 486/486/486 493/493/493
f 493/493/493 501/501/501 507/507/507
f 502/502/502 494/494/494 497/497/497
f 497/497/497 503/503/503 502/502/502
f 437/437/437 426/426/426 432/432/432
f 432/432/432 452/452/452 437/437/437
f 447/447/447 433/433/433 424/424/424
f 424/424/424 442/442/442 447/447/447
f 440/440/440 441/441/441 423/423/423
f 423/423/423 428/428/428 440/440/440
f 416/416/416 398/398/398 456/456/456
f 456/456/456 468/468/468 416/416/416
f 397/397/397 436/436/436 496/496/496
f 496/496/496 453/453/453 397/397/397
f 434/434/434 445/445/445 504/504/504
f 504/504/504 495/495/495 434/434/434
f 448/448/448 415/415/415 469/469/469
f 469/469/469 506/506/506 448/448/448
f 401/401/401 417/417/417 476/476/476
f 476/476/476 472/472/472 401/401/401
f 418/418/418 450/450/450 513/513/513
f 513/513/513 477/477/477 418/418/418
f 449/449/449 430/430/430 488/488/488
f 488/488/488 514/514/514 449/449/449
f 429/429/429 400/400/400 471/471/471
f 471/471/471 489/489/489 429/429/429
f 464/464/464 457/457/457 521/521/521
f 521/521/521 519/519/519 464/464/464
f 524/524/524 458/458/458 482/482/482
f 523/523/523 481/481/481 474/474/474
f 474/474/474 528/528/528 523/523/523
f 473/473/473 480/480/480 531/531/531
f 531/531/531 527/527/527 473/473/473
f 532/532/532 479/479/479 509/509/509
f 533/533/533 511/511/511 465/465/465
f 465/465/465 520/520/520 533/533/533
f 512/512/512 500/500/500 466/466/466
f 478/478/478 515/515/515 510/510/510
f 461/461/461 491/491/491 484/484/484
f 483/483/483 490/490/490 475/475/475
f 517/517/517 525/525/525 542/542/542
f 542/542/542 538/538/538 517/517/517
f 522/522/522 526/526/526 545/545/545
f 545/545/545 541/541/541 522/522/522
f 529/529/529 534/534/534 548/548/548
f 548/548/548 546/546/546 529/529/529
f 530/530/530 518/518/518 536/536/536
f 536/536/536 547/547/547 530/530/530
f 604/604/604 613/613/613 608/608/608
f 614/614/614 595/595/595 593/593/593
f 602/602/602 597/597/597 610/610/610
f 601/601/601 598/598/598 603/603/603
f 559/559/559 585/585/585 561/561/561
f 569/569/569 589/589/589 573/573/573
f 576/576/576 558/558/558 552/552/552
f 556/556/556 621/621/621 615/615/615
f 577/577/577 619/619/619 554/554/554
f 574/574/574 622/622/622 580/580/580
f 570/570/570 562/562/562 630/630/630
f 630/630/630 626/626/626 570/570/570
f 588/588/588 567/567/567 623/623/623
f 623/623/623 644/644/644 588/588/588
f 584/584/584 590/590/590 642/642/642
f 642/642/642 647/647/647 584/584/584
f 565/565/565 582/582/582 649/649/649
f 649/649/649 631/631/631 565/565/565
f 551/551/551 591/591/591 594/594/594
f 594/594/594 579/579/579 551/551/551
f 578/578/578 596/596/596 599/599/599
f 599/599/599 571/571/571 578/578/578
f 572/572/572 600/600/600 606/606/606
f 606/606/606 568/568/568 572/572/572
f 566/566/566 605/605/605 609/609/609
f 609/609/609 563/563/563 566/566/566
f 564/564/564 607/607/607 611/611/611
f 611/611/611 555/555/555 564/564/564
f 557/557/557 612/612/612 592/592/592
f 592/592/592 553/553/553 557/557/557
f 560/560/560 616/616/616 583/583/583
f 581/581/581 617/617/617 620/620/620
f 620/620/620 587/587/587 581/581/581
f 586/586/586 618/618/618 575/575/575
f 632/632/632 650/650/650 653/653/653
f 653/653/653 634/634/634 632/632/632
f 640/640/640 656/656/656 645/645/645
f 645/645/645 627/627/627 640/640/640
f 629/629/629 662/662/662 666/666/666
f 666/666/666 625/625/625 629/629/629
f 624/624/624 663/663/663 670/670/670
f 670/670/670 639/639/639 624/624/624
f 635/635/635 674/674/674 660/660/660
f 660/660/660 628/628/628 635/635/635
f 641/641/641 675/675/675 682/682/682
f 682/682/682 648/648/648 641/641/641
f 646/646/646 681/681/681 684/684/684
f 684/684/684 651/651/651 646/646/646
f 655/655/655 688/688/688 678/678/678
f 678/678/678 643/643/643 655/655/655
f 692/692/692 708/708/708 704/704/704
f 704/704/704 695/695/695 692/692/692
f 697/697/697 731/731/731 733/733/733
f 733/733/733 693/693/693 697/697/697
f 705/705/705 741/741/741 738/738/738
f 738/738/738 701/701/701 705/705/705
f 752/752/752 749/749/749 723/723/723
f 723/723/723 725/725/725 752/752/752
f 746/746/746 740/740/740 732/732/732
f 732/732/732 720/720/720 746/746/746
f 737/737/737 743/743/743 736/736/736
f 736/736/736 730/730/730 737/737/737
f 676/676/676 687/687/687 667/667/667
f 667/667/667 664/664/664 676/676/676
f 683/683/683 680/680/680 661/661/661
f 661/661/661 672/672/672 683/683/683
f 677/677/677 665/665/665 659/659/659
f 659/659/659 679/679/679 677/677/677
f 652/652/652 707/707/707 691/691/691
f 691/691/691 633/633/633 652/652/652
f 636/636/636 694/694/694 734/734/734
f 734/734/734 673/673/673 636/636/636
f 671/671/671 735/735/735 744/744/744
f 744/744/744 686/686/686 671/671/671
f 685/685/685 742/742/742 706/706/706
f 706/706/706 654/654/654 685/685/685
f 637/637/637 713/713/713 716/716/716
f 716/716/716 657/657/657 637/637/637
f 658/658/658 718/718/718 751/751/751
f 751/751/751 689/689/689 658/658/658
f 690/690/690 754/754/754 726/726/726
f 726/726/726 668/668/668 690/690/690
f 669/669/669 728/728/728 710/710/710
f 710/710/710 638/638/638 669/669/669
f 703/703/703 757/757/757 761/761/761
f 761/761/761 698/698/698 703/703/703
f 762/762/762 721/721/721 696/696/696
f 763/763/763 767/767/767 712/712/712
f 712/712/712 719/719/719 763/763/763
f 709/709/709 764/764/764 770/770/770
f 770/770/770 715/715/715 709/709/709
f 769/769/769 748/748/748 717/717/717
f 768/768/768 758/758/758 702/702/702
f 702/702/702 747/747/747 768/768/768
f 750/750/750 700/700/700 739/739/739
f 714/714/714 745/745/745 753/753/753
f 699/699/699 722/722/722 729/729/729
f 724/724/724 711/711/711 727/727/727
f 755/755/755 537/537/537 540/540/540
f 540/540/540 759/759/759 755/755/755
f 760/760/760 539/539/539 544/544/544
f 544/544/544 765/765/765 760/760/760
f 766/766/766 543/543/543 550/550/550
f 550/550/550 771/771/771 766/766/766
f 772/772/772 549/549/549 535/535/535
f 535/535/535 756/756/756 772/772/772
f 774/774/774 787/787/787 786/786/786
f 786/786/786 773/773/773 774/774/774
f 774/774/774 775/775/775 788/788/788
f 788/788/788 787/787/787 774/774/774
f 775/775/775 776/776/776 789/789/789
f 789/789/789 788/788/788 775/775/775
f 776/776/776 777/777/777 813/813/813
f 813/813/813 789/789/789 776/776/776
f 778/778/778 812/812/812 813/813/813
f 813/813/813 777/777/777 778/778/778
f 780/780/780 809/809/809 810/810/810
f 810/810/810 779/779/779 780/780/780
f 781/781/781 807/807/807 809/809/809
f 809/809/809 780/780/780 781/781/781
f 782/782/782 814/814/814 807/807/807
f 807/807/807 781/781/781 782/782/782
f 783/783/783 796/796/796 814/814/814
f 814/814/814 782/782/782 783/783/783
f 783/783/783 784/784/784 797/797/797
f 797/797/797 796/796/796 783/783/783
f 784/784/784 785/785/785 798/798/798
f 798/798/798 797/797/797 784/784/784
f 785/785/785 773/773/773 786/786/786
f 786/786/786 798/798/798 785/785/785
f 800/800/800 801/801/801 804/804/804
f 804/804/804 805/805/805 800/800/800
f 799/799/799 800/800/800 805/805/805
f 786/786/786 787/787/787 799/799/799
f 787/787/787 788/788/788 800/800/800
f 800/800/800 799/799/799 787/787/787
f 788/788/788 789/789/789 800/800/800
f 789/789/789 813/813/813 801/801/801
f 801/801/801 800/800/800 789/789/789
f 813/813/813 791/791/791 801/801/801
f 814/814/814 796/796/796 804/804/804
f 796/796/796 797/797/797 805/805/805
f 805/805/805 804/804/804 796/796/796
f 797/797/797 798/798/798 805/805/805
f 798/798/798 786/786/786 799/799/799
f 799/799/799 805/805/805 798/798/798
f 795/795/795 814/814/814 804/804/804
f 812/812/812 791/791/791 813/813/813
f 814/814/814 795/795/795 807/807/807
f 801/801/801 791/791/791 816/816/816
f 810/810/810 809/809/809 821/821/821
f 806/806/806 793/793/793 827/827/827
f 802/802/802 815/815/815 835/835/835
f 835/835/835 803/803/803 802/802/802
f 795/795/795 804/804/804 838/838/838
f 790/790/790 824/824/824 819/819/819
f 820/820/820 826/826/826 845/845/845
f 845/845/845 841/841/841 820/820/820
f 825/825/825 830/830/830 848/848/848
f 848/848/848 844/844/844 825/825/825
f 832/832/832 834/834/834 850/850/850
f 850/850/850 847/847/847 832/832/832
f 833/833/833 881/881/881 849/849/849
f 846/846/846 876/876/876 875/875/875
f 875/875/875 843/843/843 846/846/846
f 792/792/792 811/811/811 823/823/823
f 794/794/794 837/837/837 828/828/828
f 809/809/809 807/807/807 829/829/829
f 808/808/808 831/831/831 822/822/822
f 852/852/852 853/853/853 862/862/862
f 862/862/862 861/861/861 852/852/852
f 853/853/853 854/854/854 863/863/863
f 863/863/863 862/862/862 853/853/853
f 854/854/854 855/855/855 864/864/864
f 864/864/864 863/863/863 854/854/854
f 855/855/855 856/856/856 865/865/865
f 865/865/865 864/864/864 855/855/855
f 856/856/856 840/840/840 866/866/866
f 866/866/866 865/865/865 856/856/856
f 851/851/851 857/857/857 868/868/868
f 868/868/868 867/867/867 851/851/851
f 857/857/857 858/858/858 869/869/869
f 869/869/869 868/868/868 857/857/857
f 858/858/858 859/859/859 870/870/870
f 870/870/870 869/869/869 858/858/858
f 859/859/859 860/860/860 871/871/871
f 871/871/871 870/870/870 859/859/859
f 860/860/860 852/852/852 861/861/861
f 861/861/861 871/871/871 860/860/860
f 873/873/873 875/875/875 876/876/876
f 876/876/876 874/874/874 873/873/873
f 872/872/872 873/873/873 874/874/874
f 861/861/861 862/862/862 872/872/872
f 862/862/862 863/863/863 873/873/873
f 873/873/873 872/872/872 862/862/862
f 863/863/863 864/864/864 873/873/873
f 864/864/864 865/865/865 875/875/875
f 875/875/875 873/873/873 864/864/864
f 865/865/865 866/866/866 875/875/875
f 868/868/868 869/869/869 876/876/876
f 869/869/869 870/870/870 874/874/874
f 874/874/874 876/876/876 869/869/869
f 870/870/870 871/871/871 874/874/874
f 871/871/871 861/861/861 872/872/872
f 872/872/872 874/874/874 871/871/871
f 867/867/867 868/868/868 876/876/876
f 866/866/866 843/843/843 875/875/875
f 846/846/846 867/867/867 876/876/876
f 836/836/836 817/817/817 880/880/880
f 818/818/818 842/842/842 878/878/878
f 843/843/843 866/866/866 840/840/840
f 851/851/851 867/867/867 846/846/846
f 785/785/785 781/781/781 780/780/780
f 780/780/780 773/773/773 785/785/785
f 784/784/784 783/783/783 782/782/782
f 785/785/785 784/784/784 782/782/782
f 782/782/782 781/781/781 785/785/785
f 777/777/777 776/776/776 775/775/775
f 780/780/780 779/779/779 774/774/774
f 774/774/774 773/773/773 780/780/780
f 774/774/774 778/778/778 777/777/777
f 777/777/777 775/775/775 774/774/774
f 851/851/851 877/877/877 882/882/882
f 882/882/882 884/884/884 851/851/851
f 853/853/853 852/852/852 885/885/885
f 885/885/885 886/886/886 853/853/853
f 854/854/854 853/853/853 886/886/886
f 886/886/886 887/887/887 854/854/854
f 855/855/855 854/854/854 887/887/887
f 887/887/887 888/888/888 855/855/855
f 856/856/856 855/855/855 888/888/888
f 888/888/888 889/889/889 856/856/856
f 840/840/840 856/856/856 889/889/889
f 889/889/889 890/890/890 840/840/840
f 857/857/857 851/851/851 884/884/884
f 884/884/884 892/892/892 857/857/857
f 858/858/858 857/857/857 892/892/892
f 892/892/892 893/893/893 858/858/858
f 859/859/859 858/858/858 893/893/893
f 893/893/893 894/894/894 859/859/859
f 860/860/860 859/859/859 894/894/894
f 894/894/894 895/895/895 860/860/860
f 852/852/852 860/860/860 895/895/895
f 895/895/895 885/885/885 852/852/852
f 879/879/879 839/839/839 891/891/891
f 891/891/891 883/883/883 879/879/879
f 897/897/897 902/902/902 905/905/905
f 905/905/905 899/899/899 897/897/897
f 911/911/911 914/914/914 921/921/921
f 921/921/921 916/916/916 911/911/911
f 900/900/900 928/928/928 934/934/934
f 934/934/934 896/896/896 900/900/900
f 907/907/907 925/925/925 929/929/929
f 929/929/929 901/901/901 907/907/907
f 904/904/904 939/939/939 923/923/923
f 923/923/923 906/906/906 904/904/904
f 898/898/898 932/932/932 935/935/935
f 935/935/935 903/903/903 898/898/898
f 912/912/912 908/908/908 933/933/933
f 933/933/933 926/926/926 912/912/912
f 920/920/920 913/913/913 927/927/927
f 927/927/927 924/924/924 920/920/920
f 915/915/915 919/919/919 922/922/922
f 922/922/922 938/938/938 915/915/915
f 909/909/909 917/917/917 942/942/942
f 942/942/942 940/940/940 909/909/909
f 918/918/918 936/936/936 944/944/944
f 944/944/944 943/943/943 918/918/918
f 937/937/937 930/930/930 947/947/947
f 947/947/947 945/945/945 937/937/937
f 931/931/931 910/910/910 941/941/941
f 941/941/941 946/946/946 931/931/931
f 948/948/948 952/952/952 957/957/957
f 957/957/957 954/954/954 948/948/948
f 963/963/963 969/969/969 972/972/972
f 972/972/972 964/964/964 963/963/963
f 953/953/953 949/949/949 984/984/984
f 984/984/984 980/980/980 953/953/953
f 959/959/959 951/951/951 978/978/978
f 978/978/978 976/976/976 959/959/959
f 956/956/956 958/958/958 975/975/975
f 975/975/975 990/990/990 956/956/956
f 950/950/950 955/955/955 989/989/989
f 989/989/989 983/983/983 950/950/950
f 965/965/965 979/979/979 982/982/982
f 982/982/982 962/962/962 965/965/965
f 973/973/973 974/974/974 981/981/981
f 981/981/981 966/966/966 973/973/973
f 970/970/970 988/988/988 977/977/977
f 977/977/977 971/971/971 970/970/970
f 961/961/961 993/993/993 995/995/995
f 995/995/995 968/968/968 961/961/961
f 967/967/967 994/994/994 997/997/997
f 997/997/997 991/991/991 967/967/967
f 987/987/987 996/996/996 998/998/998
f 998/998/998 986/986/986 987/987/987
f 985/985/985 999/999/999 992/992/992
f 992/992/992 960/960/960 985/985/985
f 1006/1006/1006 1417/1417/1417 1020/1020/1020
f 1019/1019/1019 1002/1002/1002 1004/1004/1004
f 1418/1418/1418 1010/1010/1010 1078/1078/1078
f 1017/1017/1017 1025/1025/1025 1274/1274/1274
f 1034/1034/1034 1046/1046/1046 1045/1045/1045
f 1045/1045/1045 1099/1099/1099 1034/1034/1034
f 1050/1050/1050 1062/1062/1062 1055/1055/1055
f 1055/1055/1055 1076/1076/1076 1050/1050/1050
f 1068/1068/1068 1040/1040/1040 1066/1066/1066
f 1066/1066/1066 1100/1100/1100 1068/1068/1068
f 1083/1083/1083 1056/1056/1056 1058/1058/1058
f 1058/1058/1058 1104/1104/1104 1083/1083/1083
f 1013/1013/1013 1129/1129/1129 1052/1052/1052
f 1052/1052/1052 1075/1075/1075 1013/1013/1013
f 1087/1087/1087 1105/1105/1105 1065/1065/1065
f 1065/1065/1065 1090/1090/1090 1087/1087/1087
f 1027/1027/1027 1021/1021/1021 1095/1095/1095
f 1032/1032/1032 1082/1082/1082 1037/1037/1037
f 1037/1037/1037 1097/1097/1097 1032/1032/1032
f 1007/1007/1007 1118/1118/1118 1113/1113/1113
f 1115/1115/1115 1337/1337/1337 1120/1120/1120
f 1120/1120/1120 1170/1170/1170 1115/1115/1115
f 1009/1009/1009 1420/1420/1420 1132/1132/1132
f 1031/1031/1031 1416/1416/1416 1079/1079/1079
f 1014/1014/1014 1030/1030/1030 1093/1093/1093
f 1015/1015/1015 1413/1413/1413 1029/1029/1029
f 1165/1165/1165 1123/1123/1123 1134/1134/1134
f 1134/1134/1134 1146/1146/1146 1165/1165/1165
f 1135/1135/1135 1138/1138/1138 1143/1143/1143
f 1144/1144/1144 1139/1139/1139 1149/1149/1149
f 1140/1140/1140 1301/1301/1301 1155/1155/1155
f 1155/1155/1155 1147/1147/1147 1140/1140/1140
f 1145/1145/1145 1148/1148/1148 1164/1164/1164
f 1164/1164/1164 1157/1157/1157 1145/1145/1145
f 1150/1150/1150 1151/1151/1151 1172/1172/1172
f 1172/1172/1172 1163/1163/1163 1150/1150/1150
f 1581/1581/1581 1593/1593/1593 1171/1171/1171
f 1171/1171/1171 1153/1153/1153 1581/1581/1581
f 1158/1158/1158 1167/1167/1167 1142/1142/1142
f 1080/1080/1080 1011/1011/1011 1177/1177/1177
f 1177/1177/1177 1234/1234/1234 1080/1080/1080
f 1094/1094/1094 1028/1028/1028 1184/1184/1184
f 1184/1184/1184 1278/1278/1278 1094/1094/1094
f 1022/1022/1022 1271/1271/1271 1281/1281/1281
f 1024/1024/1024 1182/1182/1182 1194/1194/1194
f 1194/1194/1194 1041/1041/1041 1024/1024/1024
f 1098/1098/1098 1044/1044/1044 1197/1197/1197
f 1197/1197/1197 1250/1250/1250 1098/1098/1098
f 1048/1048/1048 1035/1035/1035 1190/1190/1190
f 1190/1190/1190 1203/1203/1203 1048/1048/1048
f 1077/1077/1077 1054/1054/1054 1209/1209/1209
f 1209/1209/1209 1233/1233/1233 1077/1077/1077
f 1061/1061/1061 1051/1051/1051 1205/1205/1205
f 1205/1205/1205 1213/1213/1213 1061/1061/1061
f 1085/1085/1085 1049/1049/1049 1202/1202/1202
f 1202/1202/1202 1239/1239/1239 1085/1085/1085
f 1063/1063/1063 1038/1038/1038 1196/1196/1196
f 1196/1196/1196 1220/1220/1220 1063/1063/1063
f 1091/1091/1091 1064/1064/1064 1219/1219/1219
f 1219/1219/1219 1243/1243/1243 1091/1091/1091
f 1057/1057/1057 1084/1084/1084 1241/1241/1241
f 1241/1241/1241 1212/1212/1212 1057/1057/1057
f 1067/1067/1067 1106/1106/1106 1253/1253/1253
f 1253/1253/1253 1226/1226/1226 1067/1067/1067
f 1107/1107/1107 1060/1060/1060 1216/1216/1216
f 1216/1216/1216 1260/1260/1260 1107/1107/1107
f 1012/1012/1012 1074/1074/1074 1230/1230/1230
f 1230/1230/1230 1178/1178/1178 1012/1012/1012
f 1036/1036/1036 1081/1081/1081 1236/1236/1236
f 1236/1236/1236 1189/1189/1189 1036/1036/1036
f 1043/1043/1043 1089/1089/1089 1244/1244/1244
f 1244/1244/1244 1199/1199/1199 1043/1043/1043
f 1023/1023/1023 1092/1092/1092 1277/1277/1277
f 1277/1277/1277 1180/1180/1180 1023/1023/1023
f 1033/1033/1033 1096/1096/1096 1248/1248/1248
f 1248/1248/1248 1187/1187/1187 1033/1033/1033
f 1103/1103/1103 1071/1071/1071 1228/1228/1228
f 1228/1228/1228 1252/1252/1252 1103/1103/1103
f 1072/1072/1072 1109/1109/1109 1261/1261/1261
f 1261/1261/1261 1227/1227/1227 1072/1072/1072
f 1127/1127/1127 1124/1124/1124 1264/1264/1264
f 1264/1264/1264 1269/1269/1269 1127/1127/1127
f 1053/1053/1053 1128/1128/1128 1268/1268/1268
f 1268/1268/1268 1207/1207/1207 1053/1053/1053
f 1208/1208/1208 1232/1232/1232 1211/1211/1211
f 1211/1211/1211 1214/1214/1214 1208/1208/1208
f 1191/1191/1191 1249/1249/1249 1200/1200/1200
f 1200/1200/1200 1204/1204/1204 1191/1191/1191
f 1070/1070/1070 1225/1225/1225 1283/1283/1283
f 1283/1283/1283 1272/1272/1272 1070/1070/1070
f 1026/1026/1026 1039/1039/1039 1069/1069/1069
f 1069/1069/1069 1273/1273/1273 1026/1026/1026
f 1181/1181/1181 1279/1279/1279 1223/1223/1223
f 1223/1223/1223 1193/1193/1193 1181/1181/1181
f 1201/1201/1201 1198/1198/1198 1245/1245/1245
f 1245/1245/1245 1242/1242/1242 1201/1201/1201
f 1217/1217/1217 1210/1210/1210 1238/1238/1238
f 1238/1238/1238 1255/1255/1255 1217/1217/1217
f 1247/1247/1247 1254/1254/1254 1240/1240/1240
f 1221/1221/1221 1195/1195/1195 1222/1222/1222
f 1088/1088/1088 1042/1042/1042 1047/1047/1047
f 1047/1047/1047 1086/1086/1086 1088/1088/1088
f 1183/1183/1183 1275/1275/1275 1280/1280/1280
f 1185/1185/1185 1251/1251/1251 1192/1192/1192
f 1192/1192/1192 1237/1237/1237 1185/1185/1185
f 1267/1267/1267 1176/1176/1176 1231/1231/1231
f 1231/1231/1231 1206/1206/1206 1267/1267/1267
f 1235/1235/1235 1179/1179/1179 1290/1290/1290
f 1290/1290/1290 1186/1186/1186 1235/1235/1235
f 1284/1284/1284 1351/1351/1351 1361/1361/1361
f 1361/1361/1361 1018/1018/1018 1284/1284/1284
f 1285/1285/1285 1287/1287/1287 1353/1353/1353
f 1353/1353/1353 1352/1352/1352 1285/1285/1285
f 1300/1300/1300 1136/1136/1136 1321/1321/1321
f 1315/1315/1315 1305/1305/1305 1299/1299/1299
f 1299/1299/1299 1302/1302/1302 1315/1315/1315
f 1319/1319/1319 1314/1314/1314 1303/1303/1303
f 1306/1306/1306 1316/1316/1316 1327/1327/1327
f 1327/1327/1327 1325/1325/1325 1306/1306/1306
f 1322/1322/1322 1313/1313/1313 1334/1334/1334
f 1317/1317/1317 1320/1320/1320 1336/1336/1336
f 1336/1336/1336 1330/1330/1330 1317/1317/1317
f 1133/1133/1133 1119/1119/1119 1311/1311/1311
f 1311/1311/1311 1141/1141/1141 1133/1133/1133
f 1340/1340/1340 1001/1001/1001 1016/1016/1016
f 1016/1016/1016 1359/1359/1359 1340/1340/1340
f 1000/1000/1000 1339/1339/1339 1117/1117/1117
f 1117/1117/1117 1003/1003/1003 1000/1000/1000
f 1343/1343/1343 1121/1121/1121 1338/1338/1338
f 1338/1338/1338 1362/1362/1362 1343/1343/1343
f 1341/1341/1341 1332/1332/1332 1312/1312/1312
f 1312/1312/1312 1122/1122/1122 1341/1341/1341
f 1292/1292/1292 1386/1386/1386 1356/1356/1356
f 1356/1356/1356 1348/1348/1348 1292/1292/1292
f 1350/1350/1350 1354/1354/1354 1358/1358/1358
f 1326/1326/1326 1329/1329/1329 1370/1370/1370
f 1370/1370/1370 1364/1364/1364 1326/1326/1326
f 1328/1328/1328 1333/1333/1333 1372/1372/1372
f 1372/1372/1372 1368/1368/1368 1328/1328/1328
f 1342/1342/1342 1360/1360/1360 1392/1392/1392
f 1392/1392/1392 1383/1383/1383 1342/1342/1342
f 1363/1363/1363 1357/1357/1357 1388/1388/1388
f 1388/1388/1388 1393/1393/1393 1363/1363/1363
f 1345/1345/1345 1384/1384/1384 1397/1397/1397
f 1397/1397/1397 1398/1398/1398 1345/1345/1345
f 1385/1385/1385 1379/1379/1379 1396/1396/1396
f 1395/1395/1395 1380/1380/1380 1374/1374/1374
f 1374/1374/1374 1399/1399/1399 1395/1395/1395
f 1331/1331/1331 1344/1344/1344 1400/1400/1400
f 1375/1375/1375 1335/1335/1335 1401/1401/1401
f 1286/1286/1286 1349/1349/1349 1355/1355/1355
f 1304/1304/1304 1296/1296/1296 1156/1156/1156
f 1297/1297/1297 1729/1729/1729 1154/1154/1154
f 1369/1369/1369 1376/1376/1376 1365/1365/1365
f 1137/1137/1137 1310/1310/1310 1318/1318/1318
f 1820/1820/1820 1394/1394/1394 1389/1389/1389
f 1819/1819/1819 1387/1387/1387 1293/1293/1293
f 1407/1407/1407 1403/1403/1403 1424/1424/1424
f 1431/1431/1431 1411/1411/1411 1406/1406/1406
f 1415/1415/1415 1440/1440/1440 1434/1434/1434
f 1425/1425/1425 1447/1447/1447 1442/1442/1442
f 1456/1456/1456 1451/1451/1451 1465/1465/1465
f 1465/1465/1465 1462/1462/1462 1456/1456/1456
f 1422/1422/1422 1468/1468/1468 1130/1130/1130
f 1479/1479/1479 1476/1476/1476 1488/1488/1488
f 1488/1488/1488 1484/1484/1484 1479/1479/1479
f 1499/1499/1499 1495/1495/1495 1491/1491/1491
f 1491/1491/1491 1505/1505/1505 1499/1499/1499
f 1502/1502/1502 1508/1508/1508 1675/1675/1675
f 1675/1675/1675 1501/1501/1501 1502/1502/1502
f 1481/1481/1481 1486/1486/1486 1511/1511/1511
f 1511/1511/1511 1503/1503/1503 1481/1481/1481
f 1433/1433/1433 1475/1475/1475 1480/1480/1480
f 1480/1480/1480 1470/1470/1470 1433/1433/1433
f 1444/1444/1444 1519/1519/1519 1430/1430/1430
f 1528/1528/1528 1453/1453/1453 1457/1457/1457
f 1457/1457/1457 1439/1439/1439 1528/1528/1528
f 1408/1408/1408 1008/1008/1008 1111/1111/1111
f 1111/1111/1111 1538/1538/1538 1408/1408/1408
f 1402/1402/1402 1409/1409/1409 1537/1537/1537
f 1537/1537/1537 1531/1531/1531 1402/1402/1402
f 1410/1410/1410 1539/1539/1539 1533/1533/1533
f 1534/1534/1534 1550/1550/1550 1545/1545/1545
f 1545/1545/1545 1532/1532/1532 1534/1534/1534
f 1436/1436/1436 1471/1471/1471 1419/1419/1419
f 1526/1526/1526 1437/1437/1437 1421/1421/1421
f 1426/1426/1426 1522/1522/1522 1527/1527/1527
f 1429/1429/1429 1525/1525/1525 1414/1414/1414
f 1405/1405/1405 1412/1412/1412 1005/1005/1005
f 1548/1548/1548 1567/1567/1567 1561/1561/1561
f 1561/1561/1561 1542/1542/1542 1548/1548/1548
f 1560/1560/1560 1564/1564/1564 1568/1568/1568
f 1563/1563/1563 1577/1577/1577 1570/1570/1570
f 1583/1583/1583 1588/1588/1588 1569/1569/1569
f 1569/1569/1569 1576/1576/1576 1583/1583/1583
f 1565/1565/1565 1591/1591/1591 1556/1556/1556
f 1556/1556/1556 1574/1574/1574 1565/1565/1565
f 1575/1575/1575 1558/1558/1558 1592/1592/1592
f 1592/1592/1592 1582/1582/1582 1575/1575/1575
f 1590/1590/1590 1566/1566/1566 1546/1546/1546
f 1438/1438/1438 1603/1603/1603 1600/1600/1600
f 1600/1600/1600 1432/1432/1432 1438/1438/1438
f 1521/1521/1521 1610/1610/1610 1608/1608/1608
f 1608/1608/1608 1524/1524/1524 1521/1521/1521
f 1428/1428/1428 1617/1617/1617 1448/1448/1448
f 1443/1443/1443 1494/1494/1494 1626/1626/1626
f 1626/1626/1626 1622/1622/1622 1443/1443/1443
f 1452/1452/1452 1634/1634/1634 1632/1632/1632
f 1632/1632/1632 1464/1464/1464 1452/1452/1452
f 1460/1460/1460 1644/1644/1644 1640/1640/1640
f 1640/1640/1640 1455/1455/1455 1460/1460/1460
f 1554/1554/1554 1646/1646/1646 1265/1265/1265
f 1265/1265/1265 1126/1126/1126 1554/1554/1554
f 1474/1474/1474 1652/1652/1652 1648/1648/1648
f 1648/1648/1648 1487/1487/1487 1474/1474/1474
f 1485/1485/1485 1664/1664/1664 1656/1656/1656
f 1656/1656/1656 1477/1477/1477 1485/1485/1485
f 1509/1509/1509 1665/1665/1665 1643/1643/1643
f 1643/1643/1643 1459/1459/1459 1509/1509/1509
f 1500/1500/1500 1670/1670/1670 1625/1625/1625
f 1625/1625/1625 1496/1496/1496 1500/1500/1500
f 1676/1676/1676 1679/1679/1679 1673/1673/1673
f 1673/1673/1673 1498/1498/1498 1676/1676/1676
f 1489/1489/1489 1651/1651/1651 1669/1669/1669
f 1669/1669/1669 1512/1512/1512 1489/1489/1489
f 1492/1492/1492 1688/1688/1688 1683/1683/1683
f 1683/1683/1683 1506/1506/1506 1492/1492/1492
f 1513/1513/1513 1693/1693/1693 1661/1661/1661
f 1661/1661/1661 1483/1483/1483 1513/1513/1513
f 1435/1435/1435 1596/1596/1596 1654/1654/1654
f 1654/1654/1654 1473/1473/1473 1435/1435/1435
f 1458/1458/1458 1638/1638/1638 1602/1602/1602
f 1602/1602/1602 1441/1441/1441 1458/1458/1458
f 1466/1466/1466 1630/1630/1630 1681/1681/1681
f 1681/1681/1681 1674/1674/1674 1466/1466/1466
f 1446/1446/1446 1623/1623/1623 1613/1613/1613
f 1613/1613/1613 1520/1520/1520 1446/1446/1446
f 1523/1523/1523 1609/1609/1609 1635/1635/1635
f 1635/1635/1635 1454/1454/1454 1523/1523/1523
f 1504/1504/1504 1687/1687/1687 1695/1695/1695
f 1695/1695/1695 1518/1518/1518 1504/1504/1504
f 1517/1517/1517 1697/1697/1697 1692/1692/1692
f 1692/1692/1692 1514/1514/1514 1517/1517/1517
f 1472/1472/1472 1702/1702/1702 1645/1645/1645
f 1645/1645/1645 1553/1553/1553 1472/1472/1472
f 1478/1478/1478 1658/1658/1658 1699/1699/1699
f 1699/1699/1699 1467/1467/1467 1478/1478/1478
f 1659/1659/1659 1663/1663/1663 1649/1649/1649
f 1649/1649/1649 1653/1653/1653 1659/1659/1659
f 1637/1637/1637 1642/1642/1642 1631/1631/1631
f 1631/1631/1631 1633/1633/1633 1637/1637/1637
f 1493/1493/1493 1449/1449/1449 1616/1616/1616
f 1616/1616/1616 1691/1691/1691 1493/1493/1493
f 1445/1445/1445 1450/1450/1450 1490/1490/1490
f 1490/1490/1490 1497/1497/1497 1445/1445/1445
f 1621/1621/1621 1628/1628/1628 1690/1690/1690
f 1690/1690/1690 1615/1615/1615 1621/1621/1621
f 1641/1641/1641 1668/1668/1668 1680/1680/1680
f 1680/1680/1680 1629/1629/1629 1641/1641/1641
f 1667/1667/1667 1650/1650/1650 1662/1662/1662
f 1662/1662/1662 1686/1686/1686 1667/1667/1667
f 1666/1666/1666 1685/1685/1685 1672/1672/1672
f 1672/1672/1672 1678/1678/1678 1666/1666/1666
f 1689/1689/1689 1627/1627/1627 1671/1671/1671
f 1671/1671/1671 1684/1684/1684 1689/1689/1689
f 1677/1677/1677 1510/1510/1510 1461/1461/1461
f 1461/1461/1461 1463/1463/1463 1677/1677/1677
f 1624/1624/1624 1614/1614/1614 1611/1611/1611
f 1607/1607/1607 1601/1601/1601 1639/1639/1639
f 1639/1639/1639 1636/1636/1636 1607/1607/1607
f 1700/1700/1700 1657/1657/1657 1655/1655/1655
f 1655/1655/1655 1595/1595/1595 1700/1700/1700
f 1266/1266/1266 1263/1263/1263 1647/1647/1647
f 1647/1647/1647 1698/1698/1698 1266/1266/1266
f 1612/1612/1612 1619/1619/1619 1703/1703/1703
f 1703/1703/1703 1606/1606/1606 1612/1612/1612
f 1704/1704/1704 1598/1598/1598 1604/1604/1604
f 1604/1604/1604 1605/1605/1605 1704/1704/1704
f 1175/1175/1175 1270/1270/1270 1701/1701/1701
f 1701/1701/1701 1599/1599/1599 1175/1175/1175
f 1618/1618/1618 1423/1423/1423 1715/1715/1715
f 1715/1715/1715 1710/1710/1710 1618/1618/1618
f 1620/1620/1620 1711/1711/1711 1721/1721/1721
f 1721/1721/1721 1707/1707/1707 1620/1620/1620
f 1725/1725/1725 1347/1347/1347 1289/1289/1289
f 1289/1289/1289 1705/1705/1705 1725/1725/1725
f 1730/1730/1730 1741/1741/1741 1748/1748/1748
f 1584/1584/1584 1733/1733/1733 1572/1572/1572
f 1749/1749/1749 1742/1742/1742 1744/1744/1744
f 1744/1744/1744 1585/1585/1585 1749/1749/1749
f 1737/1737/1737 1586/1586/1586 1743/1743/1743
f 1309/1309/1309 1323/1323/1323 1754/1754/1754
f 1754/1754/1754 1740/1740/1740 1309/1309/1309
f 1739/1739/1739 1753/1753/1753 1757/1757/1757
f 1757/1757/1757 1745/1745/1745 1739/1739/1739
f 1735/1735/1735 1763/1763/1763 1761/1761/1761
f 1746/1746/1746 1755/1755/1755 1767/1767/1767
f 1767/1767/1767 1734/1734/1734 1746/1746/1746
f 1562/1562/1562 1571/1571/1571 1762/1762/1762
f 1762/1762/1762 1541/1541/1541 1562/1562/1562
f 1427/1427/1427 1404/1404/1404 1530/1530/1530
f 1530/1530/1530 1716/1716/1716 1427/1427/1427
f 1529/1529/1529 1544/1544/1544 1769/1769/1769
f 1769/1769/1769 1712/1712/1712 1529/1529/1529
f 1773/1773/1773 1543/1543/1543 1759/1759/1759
f 1759/1759/1759 1764/1764/1764 1773/1773/1773
f 1776/1776/1776 1723/1723/1723 1720/1720/1720
f 1720/1720/1720 1778/1778/1778 1776/1776/1776
f 1726/1726/1726 1774/1774/1774 1294/1294/1294
f 1294/1294/1294 1346/1346/1346 1726/1726/1726
f 1709/1709/1709 1717/1717/1717 1719/1719/1719
f 1324/1324/1324 1367/1367/1367 1785/1785/1785
f 1785/1785/1785 1751/1751/1751 1324/1324/1324
f 1752/1752/1752 1783/1783/1783 1786/1786/1786
f 1786/1786/1786 1758/1758/1758 1752/1752/1752
f 1756/1756/1756 1788/1788/1788 1791/1791/1791
f 1791/1791/1791 1765/1765/1765 1756/1756/1756
f 1770/1770/1770 1801/1801/1801 1795/1795/1795
f 1795/1795/1795 1713/1713/1713 1770/1770/1770
f 1714/1714/1714 1796/1796/1796 1779/1779/1779
f 1779/1779/1779 1718/1718/1718 1714/1714/1714
f 1772/1772/1772 1808/1808/1808 1805/1805/1805
f 1805/1805/1805 1802/1802/1802 1772/1772/1772
f 1803/1803/1803 1806/1806/1806 1813/1813/1813
f 1790/1790/1790 1815/1815/1815 1807/1807/1807
f 1807/1807/1807 1809/1809/1809 1790/1790/1790
f 1766/1766/1766 1811/1811/1811 1771/1771/1771
f 1789/1789/1789 1810/1810/1810 1768/1768/1768
f 1706/1706/1706 1722/1722/1722 1724/1724/1724
f 1114/1114/1114 1535/1535/1535 1540/1540/1540
f 1540/1540/1540 1112/1112/1112 1114/1114/1114
f 1587/1587/1587 1578/1578/1578 1750/1750/1750
f 1731/1731/1731 1580/1580/1580 1152/1152/1152
f 1747/1747/1747 1579/1579/1579 1728/1728/1728
f 1373/1373/1373 1378/1378/1378 1812/1812/1812
f 1812/1812/1812 1794/1794/1794 1373/1373/1373
f 1377/1377/1377 1382/1382/1382 1800/1800/1800
f 1800/1800/1800 1814/1814/1814 1377/1377/1377
f 1784/1784/1784 1366/1366/1366 1371/1371/1371
f 1371/1371/1371 1793/1793/1793 1784/1784/1784
f 1787/1787/1787 1782/1782/1782 1792/1792/1792
f 1573/1573/1573 1736/1736/1736 1760/1760/1760
f 1816/1816/1816 1295/1295/1295 1775/1775/1775
f 1817/1817/1817 1781/1781/1781 1799/1799/1799
f 1818/1818/1818 1777/1777/1777 1780/1780/1780
f 1390/1390/1390 1797/1797/1797 1804/1804/1804
f 1804/1804/1804 1381/1381/1381 1390/1390/1390
f 1391/1391/1391 1821/1821/1821 1798/1798/1798
f 1727/1727/1727 1298/1298/1298 1308/1308/1308
f 1732/1732/1732 1307/1307/1307 1738/1738/1738
f 1161/1161/1161 1173/1173/1173 1594/1594/1594
f 1594/1594/1594 1559/1559/1559 1161/1161/1161
f 1552/1552/1552 1125/1125/1125 1131/1131/1131
f 1131/1131/1131 1469/1469/1469 1552/1552/1552
f 1708/1708/1708 1288/1288/1288 1174/1174/1174
f 1174/1174/1174 1597/1597/1597 1708/1708/1708
f 1108/1108/1108 1073/1073/1073 1101/1101/1101
f 1258/1258/1258 1229/1229/1229 1262/1262/1262
f 1246/1246/1246 1218/1218/1218 1224/1224/1224
f 1224/1224/1224 1257/1257/1257 1246/1246/1246
f 1256/1256/1256 1259/1259/1259 1215/1215/1215
f 1059/1059/1059 1110/1110/1110 1102/1102/1102
f 1694/1694/1694 1696/1696/1696 1682/1682/1682
f 1682/1682/1682 1660/1660/1660 1694/1694/1694
f 1507/1507/1507 1516/1516/1516 1515/1515/1515
f 1515/1515/1515 1482/1482/1482 1507/1507/1507
f 1166/1166/1166 1551/1551/1551 1536/1536/1536
f 1536/1536/1536 1116/1116/1116 1166/1166/1166
f 1160/1160/1160 1557/1557/1557 1547/1547/1547
f 1547/1547/1547 1168/1168/1168 1160/1160/1160
f 1555/1555/1555 1589/1589/1589 1549/1549/1549
f 1169/1169/1169 1159/1159/1159 1162/1162/1162
f 1276/1276/1276 1188/1188/1188 1291/1291/1291
f 1291/1291/1291 1282/1282/1282 1276/1276/1276
f 1822/1822/1822 1823/1823/1823 1835/1835/1835
f 1835/1835/1835 1834/1834/1834 1822/1822/1822
f 1823/1823/1823 1824/1824/1824 1836/1836/1836
f 1836/1836/1836 1835/1835/1835 1823/1823/1823
f 1824/1824/1824 1825/1825/1825 1837/1837/1837
f 1837/1837/1837 1836/1836/1836 1824/1824/1824
f 1825/1825/1825 1826/1826/1826 1838/1838/1838
f 1838/1838/1838 1837/1837/1837 1825/1825/1825
f 1826/1826/1826 1827/1827/1827 1839/1839/1839
f 1839/1839/1839 1838/1838/1838 1826/1826/1826
f 1827/1827/1827 1828/1828/1828 1840/1840/1840
f 1840/1840/1840 1839/1839/1839 1827/1827/1827
f 1828/1828/1828 1829/1829/1829 1841/1841/1841
f 1841/1841/1841 1840/1840/1840 1828/1828/1828
f 1829/1829/1829 1830/1830/1830 1842/1842/1842
f 1842/1842/1842 1841/1841/1841 1829/1829/1829
f 1830/1830/1830 1831/1831/1831 1843/1843/1843
f 1843/1843/1843 1842/1842/1842 1830/1830/1830
f 1831/1831/1831 1832/1832/1832 1844/1844/1844
f 1844/1844/1844 1843/1843/1843 1831/1831/1831
f 1832/1832/1832 1833/1833/1833 1845/1845/1845
f 1845/1845/1845 1844/1844/1844 1832/1832/1832
f 1833/1833/1833 1822/1822/1822 1834/1834/1834
f 1834/1834/1834 1845/1845/1845 1833/1833/1833
f 1858/1858/1858 1910/1910/1910 1873/1873/1873
f 1858/1858/1858 1873/1873/1873 1866/1866/1866
f 1858/1858/1858 1866/1866/1866 1850/1850/1850
f 1901/1901/1901 1851/1851/1851 1867/1867/1867
f 1905/1905/1905 1860/1860/1860 1886/1886/1886
f 1854/1854/1854 1908/1908/1908 1881/1881/1881
f 1854/1854/1854 1881/1881/1881 1884/1884/1884
f 1854/1854/1854 1884/1884/1884 1859/1859/1859
f 1876/1876/1876 1880/1880/1880 1907/1907/1907
f 1863/1863/1863 1874/1874/1874 1911/1911/1911
f 1891/1891/1891 1889/1889/1889 1897/1897/1897
f 1897/1897/1897 1895/1895/1895 1891/1891/1891
f 1902/1902/1902 1869/1869/1869 1878/1878/1878
f 1878/1878/1878 1875/1875/1875 1902/1902/1902
f 1904/1904/1904 1883/1883/1883 1871/1871/1871
f 1871/1871/1871 1862/1862/1862 1904/1904/1904
f 1870/1870/1870 1890/1890/1890 1893/1893/1893
f 1893/1893/1893 1868/1868/1868 1870/1870/1870
f 1865/1865/1865 1892/1892/1892 1896/1896/1896
f 1896/1896/1896 1882/1882/1882 1865/1865/1865
f 1879/1879/1879 1894/1894/1894 1899/1899/1899
f 1899/1899/1899 1887/1887/1887 1879/1879/1879
f 1885/1885/1885 1898/1898/1898 1888/1888/1888
f 1888/1888/1888 1872/1872/1872 1885/1885/1885
f 1877/1877/1877 1906/1906/1906 1853/1853/1853
f 1853/1853/1853 1848/1848/1848 1877/1877/1877
f 1852/1852/1852 1900/1900/1900 1847/1847/1847
f 1847/1847/1847 1857/1857/1857 1852/1852/1852
f 1849/1849/1849 1855/1855/1855 1861/1861/1861
f 1861/1861/1861 1903/1903/1903 1849/1849/1849
f 1864/1864/1864 1909/1909/1909 1856/1856/1856
f 1856/1856/1856 1846/1846/1846 1864/1864/1864
f 1930/1930/1930 1924/1924/1924 1925/1925/1925
f 1920/1920/1920 1928/1928/1928 1912/1912/1912
f 1912/1912/1912 1919/1919/1919 1920/1920/1920
f 1935/1935/1935 1915/1915/1915 1929/1929/1929
f 1914/1914/1914 1938/1938/1938 1951/1951/1951
f 1951/1951/1951 1918/1918/1918 1914/1914/1914
f 1926/1926/1926 1940/1940/1940 1944/1944/1944
f 1944/1944/1944 1931/1931/1931 1926/1926/1926
f 1932/1932/1932 1943/1943/1943 1949/1949/1949
f 1949/1949/1949 1934/1934/1934 1932/1932/1932
f 1933/1933/1933 1950/1950/1950 1936/1936/1936
f 1936/1936/1936 1913/1913/1913 1933/1933/1933
f 1937/1937/1937 1945/1945/1945 1958/1958/1958
f 1958/1958/1958 1954/1954/1954 1937/1937/1937
f 1959/1959/1959 1947/1947/1947 1941/1941/1941
f 1948/1948/1948 1946/1946/1946 1939/1939/1939
f 1981/1981/1981 1977/1977/1977 1987/1987/1987
f 1987/1987/1987 1983/1983/1983 1981/1981/1981
f 1916/1916/1916 1962/1962/1962 1964/1964/1964
f 1964/1964/1964 1921/1921/1921 1916/1916/1916
f 1923/1923/1923 1966/1966/1966 1971/1971/1971
f 1971/1971/1971 1957/1957/1957 1923/1923/1923
f 1955/1955/1955 1970/1970/1970 1975/1975/1975
f 1975/1975/1975 1953/1953/1953 1955/1955/1955
f 1952/1952/1952 1974/1974/1974 1960/1960/1960
f 1960/1960/1960 1917/1917/1917 1952/1952/1952
f 1963/1963/1963 1978/1978/1978 1980/1980/1980
f 1980/1980/1980 1965/1965/1965 1963/1963/1963
f 1967/1967/1967 1979/1979/1979 1982/1982/1982
f 1982/1982/1982 1969/1969/1969 1967/1967/1967
f 1968/1968/1968 1984/1984/1984 1985/1985/1985
f 1985/1985/1985 1973/1973/1973 1968/1968/1968
f 1972/1972/1972 1986/1986/1986 1976/1976/1976
f 1976/1976/1976 1961/1961/1961 1972/1972/1972
f 1927/1927/1927 1922/1922/1922 1956/1956/1956
f 1956/1956/1956 1942/1942/1942 1927/1927/1927
f 2064/2064/2064 2070/2070/2070 2075/2075/2075
f 2076/2076/2076 2050/2050/2050 2056/2056/2056
f 2062/2062/2062 2077/2077/2077 2054/2054/2054
f 2059/2059/2059 2063/2063/2063 2052/2052/2052
f 1988/1988/1988 1995/1995/1995 2015/2015/2015
f 2015/2015/2015 2013/2013/2013 1988/1988/1988
f 1992/1992/1992 1996/1996/1996 2016/2016/2016
f 2016/2016/2016 2014/2014/2014 1992/1992/1992
f 1997/1997/1997 2001/2001/2001 2018/2018/2018
f 2018/2018/2018 2017/2017/2017 1997/1997/1997
f 2000/2000/2000 2007/2007/2007 2020/2020/2020
f 2020/2020/2020 2019/2019/2019 2000/2000/2000
f 2004/2004/2004 2011/2011/2011 2022/2022/2022
f 2022/2022/2022 2021/2021/2021 2004/2004/2004
f 2008/2008/2008 1991/1991/1991 2012/2012/2012
f 2012/2012/2012 2023/2023/2023 2008/2008/2008
f 1994/1994/1994 1990/1990/1990 2031/2031/2031
f 2031/2031/2031 2026/2026/2026 1994/1994/1994
f 1989/1989/1989 2009/2009/2009 2035/2035/2035
f 2035/2035/2035 2030/2030/2030 1989/1989/1989
f 2010/2010/2010 2005/2005/2005 2037/2037/2037
f 2037/2037/2037 2034/2034/2034 2010/2010/2010
f 2006/2006/2006 2003/2003/2003 2043/2043/2043
f 2043/2043/2043 2039/2039/2039 2006/2006/2006
f 2002/2002/2002 1998/1998/1998 2047/2047/2047
f 2047/2047/2047 2041/2041/2041 2002/2002/2002
f 1999/1999/1999 1993/1993/1993 2027/2027/2027
f 2027/2027/2027 2045/2045/2045 1999/1999/1999
f 2028/2028/2028 2089/2089/2089 2093/2093/2093
f 2093/2093/2093 2025/2025/2025 2028/2028/2028
f 2033/2033/2033 2084/2084/2084 2092/2092/2092
f 2092/2092/2092 2029/2029/2029 2033/2033/2033
f 2036/2036/2036 2081/2081/2081 2083/2083/2083
f 2083/2083/2083 2032/2032/2032 2036/2036/2036
f 2040/2040/2040 2107/2107/2107 2082/2082/2082
f 2082/2082/2082 2038/2038/2038 2040/2040/2040
f 2044/2044/2044 2101/2101/2101 2105/2105/2105
f 2105/2105/2105 2042/2042/2042 2044/2044/2044
f 2024/2024/2024 2094/2094/2094 2100/2100/2100
f 2100/2100/2100 2046/2046/2046 2024/2024/2024
f 2110/2110/2110 2112/2112/2112 2116/2116/2116
f 2116/2116/2116 2119/2119/2119 2110/2110/2110
f 2058/2058/2058 2055/2055/2055 2088/2088/2088
f 2088/2088/2088 2085/2085/2085 2058/2058/2058
f 2121/2121/2121 2126/2126/2126 2127/2127/2127
f 2127/2127/2127 2132/2132/2132 2121/2121/2121
f 2071/2071/2071 2065/2065/2065 2079/2079/2079
f 2079/2079/2079 2104/2104/2104 2071/2071/2071
f 2134/2134/2134 2139/2139/2139 2141/2141/2141
f 2141/2141/2141 2145/2145/2145 2134/2134/2134
f 2048/2048/2048 2074/2074/2074 2102/2102/2102
f 2102/2102/2102 2097/2097/2097 2048/2048/2048
f 2057/2057/2057 2049/2049/2049 2114/2114/2114
f 2114/2114/2114 2111/2111/2111 2057/2057/2057
f 2051/2051/2051 2095/2095/2095 2115/2115/2115
f 2115/2115/2115 2113/2113/2113 2051/2051/2051
f 2096/2096/2096 2091/2091/2091 2120/2120/2120
f 2120/2120/2120 2117/2117/2117 2096/2096/2096
f 2090/2090/2090 2053/2053/2053 2109/2109/2109
f 2109/2109/2109 2118/2118/2118 2090/2090/2090
f 2066/2066/2066 2061/2061/2061 2125/2125/2125
f 2125/2125/2125 2122/2122/2122 2066/2066/2066
f 2060/2060/2060 2087/2087/2087 2129/2129/2129
f 2129/2129/2129 2124/2124/2124 2060/2060/2060
f 2086/2086/2086 2080/2080/2080 2130/2130/2130
f 2130/2130/2130 2128/2128/2128 2086/2086/2086
f 2078/2078/2078 2067/2067/2067 2123/2123/2123
f 2123/2123/2123 2131/2131/2131 2078/2078/2078
f 2073/2073/2073 2068/2068/2068 2137/2137/2137
f 2137/2137/2137 2133/2133/2133 2073/2073/2073
f 2069/2069/2069 2108/2108/2108 2140/2140/2140
f 2140/2140/2140 2138/2138/2138 2069/2069/2069
f 2106/2106/2106 2098/2098/2098 2144/2144/2144
f 2144/2144/2144 2142/2142/2142 2106/2106/2106
f 2099/2099/2099 2072/2072/2072 2135/2135/2135
f 2136/2136/2136 2143/2143/2143 2103/2103/2103
f 2146/2146/2146 2156/2156/2156 2159/2159/2159
f 2159/2159/2159 2147/2147/2147 2146/2146/2146
f 2148/2148/2148 2163/2163/2163 2167/2167/2167
f 2167/2167/2167 2149/2149/2149 2148/2148/2148
f 2149/2149/2149 2168/2168/2168 2169/2169/2169
f 2169/2169/2169 2150/2150/2150 2149/2149/2149
f 2150/2150/2150 2170/2170/2170 2173/2173/2173
f 2173/2173/2173 2151/2151/2151 2150/2150/2150
f 2151/2151/2151 2174/2174/2174 2176/2176/2176
f 2176/2176/2176 2152/2152/2152 2151/2151/2151
f 2152/2152/2152 2177/2177/2177 2155/2155/2155
f 2155/2155/2155 2146/2146/2146 2152/2152/2152
f 2180/2180/2180 2189/2189/2189 2184/2184/2184
f 2184/2184/2184 2181/2181/2181 2180/2180/2180
f 2181/2181/2181 2185/2185/2185 2194/2194/2194
f 2194/2194/2194 2190/2190/2190 2181/2181/2181
f 2190/2190/2190 2193/2193/2193 2196/2196/2196
f 2196/2196/2196 2195/2195/2195 2190/2190/2190
f 2195/2195/2195 2197/2197/2197 2201/2201/2201
f 2201/2201/2201 2199/2199/2199 2195/2195/2195
f 2199/2199/2199 2200/2200/2200 2208/2208/2208
f 2208/2208/2208 2204/2204/2204 2199/2199/2199
f 2204/2204/2204 2207/2207/2207 2213/2213/2213
f 2213/2213/2213 2209/2209/2209 2204/2204/2204
f 2187/2187/2187 2180/2180/2180 2147/2147/2147
f 2147/2147/2147 2160/2160/2160 2187/2187/2187
f 2211/2211/2211 2164/2164/2164 2148/2148/2148
f 2148/2148/2148 2209/2209/2209 2211/2211/2211
f 2179/2179/2179 2175/2175/2175 2172/2172/2172
f 2178/2178/2178 2171/2171/2171 2165/2165/2165
f 2165/2165/2165 2153/2153/2153 2178/2178/2178
f 2148/2148/2148 2215/2215/2215 2216/2216/2216
f 2216/2216/2216 2209/2209/2209 2148/2148/2148
f 2209/2209/2209 2216/2216/2216 2217/2217/2217
f 2217/2217/2217 2204/2204/2204 2209/2209/2209
f 2204/2204/2204 2217/2217/2217 2218/2218/2218
f 2218/2218/2218 2199/2199/2199 2204/2204/2204
f 2199/2199/2199 2218/2218/2218 2219/2219/2219
f 2219/2219/2219 2195/2195/2195 2199/2199/2199
f 2195/2195/2195 2219/2219/2219 2220/2220/2220
f 2220/2220/2220 2190/2190/2190 2195/2195/2195
f 2190/2190/2190 2220/2220/2220 2221/2221/2221
f 2221/2221/2221 2181/2181/2181 2190/2190/2190
f 2181/2181/2181 2221/2221/2221 2222/2222/2222
f 2222/2222/2222 2180/2180/2180 2181/2181/2181
f 2180/2180/2180 2222/2222/2222 2214/2214/2214
f 2214/2214/2214 2147/2147/2147 2180/2180/2180
f 2146/2146/2146 2147/2147/2147 2214/2214/2214
f 2149/2149/2149 2215/2215/2215 2148/2148/2148
f 2146/2146/2146 2214/2214/2214 2152/2152/2152
f 2224/2224/2224 2231/2231/2231 2214/2214/2214
f 2214/2214/2214 2223/2223/2223 2224/2224/2224
f 2216/2216/2216 2215/2215/2215 2226/2226/2226
f 2214/2214/2214 2222/2222/2222 2230/2230/2230
f 2230/2230/2230 2223/2223/2223 2214/2214/2214
f 2221/2221/2221 2229/2229/2229 2230/2230/2230
f 2230/2230/2230 2222/2222/2222 2221/2221/2221
f 2219/2219/2219 2228/2228/2228 2220/2220/2220
f 2220/2220/2220 2228/2228/2228 2229/2229/2229
f 2220/2220/2220 2229/2229/2229 2221/2221/2221
f 2218/2218/2218 2227/2227/2227 2228/2228/2228
f 2218/2218/2218 2228/2228/2228 2219/2219/2219
f 2217/2217/2217 2227/2227/2227 2218/2218/2218
f 2216/2216/2216 2227/2227/2227 2217/2217/2217
f 2216/2216/2216 2226/2226/2226 2227/2227/2227
f 2226/2226/2226 2215/2215/2215 2225/2225/2225
f 2225/2225/2225 2215/2215/2215 2224/2224/2224
f 2151/2151/2151 2231/2231/2231 2150/2150/2150
f 2231/2231/2231 2224/2224/2224 2215/2215/2215
f 2150/2150/2150 2215/2215/2215 2149/2149/2149
f 2152/2152/2152 2214/2214/2214 2231/2231/2231
f 2232/2232/2232 2235/2235/2235 2234/2234/2234
f 2234/2234/2234 2233/2233/2233 2232/2232/2232
f 2223/2223/2223 2235/2235/2235 2232/2232/2232
f 2232/2232/2232 2224/2224/2224 2223/2223/2223
f 2224/2224/2224 2232/2232/2232 2225/2225/2225
f 2225/2225/2225 2232/2232/2232 2233/2233/2233
f 2233/2233/2233 2226/2226/2226 2225/2225/2225
f 2226/2226/2226 2233/2233/2233 2227/2227/2227
f 2227/2227/2227 2233/2233/2233 2234/2234/2234
f 2234/2234/2234 2228/2228/2228 2227/2227/2227
f 2228/2228/2228 2234/2234/2234 2229/2229/2229
f 2229/2229/2229 2234/2234/2234 2235/2235/2235
f 2235/2235/2235 2230/2230/2230 2229/2229/2229
f 2230/2230/2230 2235/2235/2235 2223/2223/2223
f 2152/2152/2152 2231/2231/2231 2151/2151/2151
f 2150/2150/2150 2231/2231/2231 2215/2215/2215
f 2183/2183/2183 2186/2186/2186 2210/2210/2210
f 2210/2210/2210 2206/2206/2206 2183/2183/2183
f 2191/2191/2191 2182/2182/2182 2205/2205/2205
f 2205/2205/2205 2202/2202/2202 2191/2191/2191
f 2192/2192/2192 2203/2203/2203 2198/2198/2198
f 2158/2158/2158 2162/2162/2162 2212/2212/2212
f 2212/2212/2212 2188/2188/2188 2158/2158/2158
f 2154/2154/2154 2166/2166/2166 2161/2161/2161
f 2161/2161/2161 2157/2157/2157 2154/2154/2154
f 2237/2237/2237 2238/2238/2238 2247/2247/2247
f 2247/2247/2247 2245/2245/2245 2237/2237/2237
f 2238/2238/2238 2239/2239/2239 2248/2248/2248
f 2248/2248/2248 2247/2247/2247 2238/2238/2238
f 2239/2239/2239 2240/2240/2240 2249/2249/2249
f 2249/2249/2249 2248/2248/2248 2239/2239/2239
f 2240/2240/2240 2241/2241/2241 2250/2250/2250
f 2250/2250/2250 2249/2249/2249 2240/2240/2240
f 2241/2241/2241 2242/2242/2242 2251/2251/2251
f 2251/2251/2251 2250/2250/2250 2241/2241/2241
f 2242/2242/2242 2243/2243/2243 2252/2252/2252
f 2252/2252/2252 2251/2251/2251 2242/2242/2242
f 2243/2243/2243 2244/2244/2244 2253/2253/2253
f 2253/2253/2253 2252/2252/2252 2243/2243/2243
f 2244/2244/2244 2236/2236/2236 2246/2246/2246
f 2246/2246/2246 2253/2253/2253 2244/2244/2244
f 2273/2273/2273 2268/2268/2268 2263/2263/2263
f 2262/2262/2262 2261/2261/2261 2257/2257/2257
f 2257/2257/2257 2271/2271/2271 2262/2262/2262
f 2276/2276/2276 2272/2272/2272 2255/2255/2255
f 2254/2254/2254 2258/2258/2258 2294/2294/2294
f 2294/2294/2294 2278/2278/2278 2254/2254/2254
f 2269/2269/2269 2274/2274/2274 2288/2288/2288
f 2288/2288/2288 2284/2284/2284 2269/2269/2269
f 2270/2270/2270 2275/2275/2275 2292/2292/2292
f 2292/2292/2292 2286/2286/2286 2270/2270/2270
f 2277/2277/2277 2256/2256/2256 2280/2280/2280
f 2280/2280/2280 2291/2291/2291 2277/2277/2277
f 2281/2281/2281 2296/2296/2296 2297/2297/2297
f 2297/2297/2297 2285/2285/2285 2281/2281/2281
f 2301/2301/2301 2283/2283/2283 2289/2289/2289
f 2290/2290/2290 2279/2279/2279 2287/2287/2287
f 2322/2322/2322 2325/2325/2325 2329/2329/2329
f 2329/2329/2329 2320/2320/2320 2322/2322/2322
f 2259/2259/2259 2266/2266/2266 2308/2308/2308
f 2308/2308/2308 2305/2305/2305 2259/2259/2259
f 2265/2265/2265 2299/2299/2299 2312/2312/2312
f 2312/2312/2312 2309/2309/2309 2265/2265/2265
f 2300/2300/2300 2293/2293/2293 2314/2314/2314
f 2314/2314/2314 2310/2310/2310 2300/2300/2300
f 2295/2295/2295 2260/2260/2260 2304/2304/2304
f 2304/2304/2304 2317/2317/2317 2295/2295/2295
f 2303/2303/2303 2307/2307/2307 2323/2323/2323
f 2323/2323/2323 2318/2318/2318 2303/2303/2303
f 2306/2306/2306 2313/2313/2313 2326/2326/2326
f 2326/2326/2326 2321/2321/2321 2306/2306/2306
f 2311/2311/2311 2316/2316/2316 2327/2327/2327
f 2327/2327/2327 2324/2324/2324 2311/2311/2311
f 2315/2315/2315 2302/2302/2302 2319/2319/2319
f 2319/2319/2319 2328/2328/2328 2315/2315/2315
f 2267/2267/2267 2282/2282/2282 2298/2298/2298
f 2298/2298/2298 2264/2264/2264 2267/2267/2267
f 2369/2369/2369 2372/2372/2372 2376/2376/2376
f 2376/2376/2376 2380/2380/2380 2369/2369/2369
f 2334/2334/2334 2335/2335/2335 2350/2350/2350
f 2350/2350/2350 2349/2349/2349 2334/2334/2334
f 2336/2336/2336 2338/2338/2338 2354/2354/2354
f 2354/2354/2354 2353/2353/2353 2336/2336/2336
f 2337/2337/2337 2339/2339/2339 2359/2359/2359
f 2359/2359/2359 2355/2355/2355 2337/2337/2337
f 2340/2340/2340 2343/2343/2343 2364/2364/2364
f 2364/2364/2364 2357/2357/2357 2340/2340/2340
f 2386/2386/2386 2367/2367/2367 2381/2381/2381
f 2381/2381/2381 2385/2385/2385 2386/2386/2386
f 2363/2363/2363 2345/2345/2345 2351/2351/2351
f 2351/2351/2351 2360/2360/2360 2363/2363/2363
f 2352/2352/2352 2356/2356/2356 2358/2358/2358
f 2330/2330/2330 2332/2332/2332 2370/2370/2370
f 2370/2370/2370 2366/2366/2366 2330/2330/2330
f 2333/2333/2333 2344/2344/2344 2371/2371/2371
f 2390/2390/2390 2395/2395/2395 2378/2378/2378
f 2378/2378/2378 2377/2377/2377 2390/2390/2390
f 2394/2394/2394 2398/2398/2398 2382/2382/2382
f 2382/2382/2382 2379/2379/2379 2394/2394/2394
f 2365/2365/2365 2342/2342/2342 2388/2388/2388
f 2388/2388/2388 2383/2383/2383 2365/2365/2365
f 2341/2341/2341 2331/2331/2331 2368/2368/2368
f 2368/2368/2368 2387/2387/2387 2341/2341/2341
f 2393/2393/2393 2391/2391/2391 2397/2397/2397
f 2361/2361/2361 2384/2384/2384 2396/2396/2396
f 2375/2375/2375 2347/2347/2347 2389/2389/2389
f 2348/2348/2348 2362/2362/2362 2399/2399/2399
f 2399/2399/2399 2392/2392/2392 2348/2348/2348
f 2346/2346/2346 2374/2374/2374 2373/2373/2373
f 2468/2468/2468 2458/2458/2458 2460/2460/2460
f 2460/2460/2460 2473/2473/2473 2468/2468/2468
f 2401/2401/2401 2486/2486/2486 2411/2411/2411
f 2411/2411/2411 2407/2407/2407 2401/2401/2401
f 2487/2487/2487 2404/2404/2404 2419/2419/2419
f 2419/2419/2419 2413/2413/2413 2487/2487/2487
f 2405/2405/2405 2402/2402/2402 2417/2417/2417
f 2417/2417/2417 2418/2418/2418 2405/2405/2405
f 2403/2403/2403 2400/2400/2400 2409/2409/2409
f 2409/2409/2409 2415/2415/2415 2403/2403/2403
f 2408/2408/2408 2412/2412/2412 2429/2429/2429
f 2429/2429/2429 2423/2423/2423 2408/2408/2408
f 2410/2410/2410 2420/2420/2420 2434/2434/2434
f 2434/2434/2434 2426/2426/2426 2410/2410/2410
f 2421/2421/2421 2416/2416/2416 2438/2438/2438
f 2438/2438/2438 2431/2431/2431 2421/2421/2421
f 2414/2414/2414 2406/2406/2406 2422/2422/2422
f 2422/2422/2422 2439/2439/2439 2414/2414/2414
f 2425/2425/2425 2428/2428/2428 2443/2443/2443
f 2433/2433/2433 2437/2437/2437 2446/2446/2446
f 2436/2436/2436 2424/2424/2424 2444/2444/2444
f 2444/2444/2444 2449/2449/2449 2436/2436/2436
f 2441/2441/2441 2427/2427/2427 2457/2457/2457
f 2457/2457/2457 2451/2451/2451 2441/2441/2441
f 2430/2430/2430 2432/2432/2432 2461/2461/2461
f 2461/2461/2461 2456/2456/2456 2430/2430/2430
f 2435/2435/2435 2445/2445/2445 2467/2467/2467
f 2467/2467/2467 2459/2459/2459 2435/2435/2435
f 2476/2476/2476 2477/2477/2477 2482/2482/2482
f 2482/2482/2482 2484/2484/2484 2476/2476/2476
f 2453/2453/2453 2455/2455/2455 2470/2470/2470
f 2462/2462/2462 2465/2465/2465 2471/2471/2471
f 2466/2466/2466 2450/2450/2450 2469/2469/2469
f 2469/2469/2469 2472/2472/2472 2466/2466/2466
f 2448/2448/2448 2440/2440/2440 2478/2478/2478
f 2478/2478/2478 2475/2475/2475 2448/2448/2448
f 2442/2442/2442 2454/2454/2454 2481/2481/2481
f 2481/2481/2481 2479/2479/2479 2442/2442/2442
f 2452/2452/2452 2463/2463/2463 2483/2483/2483
f 2483/2483/2483 2480/2480/2480 2452/2452/2452
f 2464/2464/2464 2447/2447/2447 2474/2474/2474
f 2474/2474/2474 2485/2485/2485 2464/2464/2464
f 2558/2558/2558 2561/2561/2561 2550/2550/2550
f 2550/2550/2550 2545/2545/2545 2558/2558/2558
f 2489/2489/2489 2494/2494/2494 2500/2500/2500
f 2500/2500/2500 2574/2574/2574 2489/2489/2489
f 2575/2575/2575 2499/2499/2499 2508/2508/2508
f 2508/2508/2508 2492/2492/2492 2575/2575/2575
f 2493/2493/2493 2507/2507/2507 2502/2502/2502
f 2502/2502/2502 2490/2490/2490 2493/2493/2493
f 2491/2491/2491 2504/2504/2504 2497/2497/2497
f 2497/2497/2497 2488/2488/2488 2491/2491/2491
f 2495/2495/2495 2512/2512/2512 2517/2517/2517
f 2517/2517/2517 2498/2498/2498 2495/2495/2495
f 2501/2501/2501 2514/2514/2514 2519/2519/2519
f 2519/2519/2519 2506/2506/2506 2501/2501/2501
f 2509/2509/2509 2520/2520/2520 2527/2527/2527
f 2527/2527/2527 2503/2503/2503 2509/2509/2509
f 2505/2505/2505 2526/2526/2526 2510/2510/2510
f 2510/2510/2510 2496/2496/2496 2505/2505/2505
f 2511/2511/2511 2528/2528/2528 2516/2516/2516
f 2521/2521/2521 2534/2534/2534 2524/2524/2524
f 2525/2525/2525 2536/2536/2536 2531/2531/2531
f 2531/2531/2531 2513/2513/2513 2525/2525/2525
f 2530/2530/2530 2542/2542/2542 2543/2543/2543
f 2543/2543/2543 2515/2515/2515 2530/2530/2530
f 2518/2518/2518 2544/2544/2544 2549/2549/2549
f 2549/2549/2549 2522/2522/2522 2518/2518/2518
f 2523/2523/2523 2548/2548/2548 2555/2555/2555
f 2555/2555/2555 2533/2533/2533 2523/2523/2523
f 2562/2562/2562 2572/2572/2572 2569/2569/2569
f 2569/2569/2569 2566/2566/2566 2562/2562/2562
f 2539/2539/2539 2556/2556/2556 2546/2546/2546
f 2547/2547/2547 2559/2559/2559 2552/2552/2552
f 2551/2551/2551 2560/2560/2560 2557/2557/2557
f 2557/2557/2557 2538/2538/2538 2551/2551/2551
f 2535/2535/2535 2563/2563/2563 2567/2567/2567
f 2567/2567/2567 2529/2529/2529 2535/2535/2535
f 2532/2532/2532 2565/2565/2565 2568/2568/2568
f 2568/2568/2568 2540/2540/2540 2532/2532/2532
f 2541/2541/2541 2570/2570/2570 2571/2571/2571
f 2571/2571/2571 2554/2554/2554 2541/2541/2541
f 2553/2553/2553 2573/2573/2573 2564/2564/2564
f 2564/2564/2564 2537/2537/2537 2553/2553/2553
f 2576/2576/2576 2577/2577/2577 2585/2585/2585
f 2585/2585/2585 2584/2584/2584 2576/2576/2576
f 2577/2577/2577 2578/2578/2578 2586/2586/2586
f 2586/2586/2586 2585/2585/2585 2577/2577/2577
f 2578/2578/2578 2579/2579/2579 2587/2587/2587
f 2587/2587/2587 2586/2586/2586 2578/2578/2578
f 2579/2579/2579 2580/2580/2580 2588/2588/2588
f 2588/2588/2588 2587/2587/2587 2579/2579/2579
f 2580/2580/2580 2581/2581/2581 2589/2589/2589
f 2589/2589/2589 2588/2588/2588 2580/2580/2580
f 2581/2581/2581 2582/2582/2582 2590/2590/2590
f 2590/2590/2590 2589/2589/2589 2581/2581/2581
f 2582/2582/2582 2583/2583/2583 2591/2591/2591
f 2591/2591/2591 2590/2590/2590 2582/2582/2582
f 2583/2583/2583 2576/2576/2576 2584/2584/2584
f 2584/2584/2584 2591/2591/2591 2583/2583/2583
f 2593/2593/2593 2594/2594/2594 2595/2595/2595
f 2595/2595/2595 2592/2592/2592 2593/2593/2593
f 2584/2584/2584 2585/2585/2585 2592/2592/2592
f 2585/2585/2585 2586/2586/2586 2593/2593/2593
f 2593/2593/2593 2592/2592/2592 2585/2585/2585
f 2586/2586/2586 2587/2587/2587 2593/2593/2593
f 2587/2587/2587 2588/2588/2588 2594/2594/2594
f 2594/2594/2594 2593/2593/2593 2587/2587/2587
f 2588/2588/2588 2589/2589/2589 2594/2594/2594
f 2589/2589/2589 2590/2590/2590 2595/2595/2595
f 2595/2595/2595 2594/2594/2594 2589/2589/2589
f 2590/2590/2590 2591/2591/2591 2595/2595/2595
f 2591/2591/2591 2584/2584/2584 2592/2592/2592
f 2592/2592/2592 2595/2595/2595 2591/2591/2591
f 2596/2596/2596 2597/2597/2597 2605/2605/2605
f 2605/2605/2605 2604/2604/2604 2596/2596/2596
f 2597/2597/2597 2598/2598/2598 2606/2606/2606
f 2606/2606/2606 2605/2605/2605 2597/2597/2597
f 2598/2598/2598 2599/2599/2599 2607/2607/2607
f 2607/2607/2607 2606/2606/2606 2598/2598/2598
f 2599/2599/2599 2600/2600/2600 2608/2608/2608
f 2608/2608/2608 2607/2607/2607 2599/2599/2599
f 2600/2600/2600 2601/2601/2601 2609/2609/2609
f 2609/2609/2609 2608/2608/2608 2600/2600/2600
f 2601/2601/2601 2602/2602/2602 2610/2610/2610
f 2610/2610/2610 2609/2609/2609 2601/2601/2601
f 2602/2602/2602 2603/2603/2603 2611/2611/2611
f 2611/2611/2611 2610/2610/2610 2602/2602/2602
f 2603/2603/2603 2596/2596/2596 2604/2604/2604
f 2604/2604/2604 2611/2611/2611 2603/2603/2603
f 2613/2613/2613 2614/2614/2614 2615/2615/2615
f 2615/2615/2615 2612/2612/2612 2613/2613/2613
f 2604/2604/2604 2605/2605/2605 2612/2612/2612
f 2605/2605/2605 2606/2606/2606 2613/2613/2613
f 2613/2613/2613 2612/2612/2612 2605/2605/2605
f 2606/2606/2606 2607/2607/2607 2613/2613/2613
f 2607/2607/2607 2608/2608/2608 2614/2614/2614
f 2614/2614/2614 2613/2613/2613 2607/2607/2607
f 2608/2608/2608 2609/2609/2609 2614/2614/2614
f 2609/2609/2609 2610/2610/2610 2615/2615/2615
f 2615/2615/2615 2614/2614/2614 2609/2609/2609
f 2610/2610/2610 2611/2611/2611 2615/2615/2615
f 2611/2611/2611 2604/2604/2604 2612/2612/2612
f 2612/2612/2612 2615/2615/2615 2611/2611/2611
f 2685/2685/2685 2672/2672/2672 2677/2677/2677
f 2677/2677/2677 2688/2688/2688 2685/2685/2685
f 2617/2617/2617 2703/2703/2703 2626/2626/2626
f 2626/2626/2626 2622/2622/2622 2617/2617/2617
f 2702/2702/2702 2621/2621/2621 2637/2637/2637
f 2637/2637/2637 2627/2627/2627 2702/2702/2702
f 2620/2620/2620 2619/2619/2619 2632/2632/2632
f 2632/2632/2632 2636/2636/2636 2620/2620/2620
f 2618/2618/2618 2616/2616/2616 2625/2625/2625
f 2625/2625/2625 2633/2633/2633 2618/2618/2618
f 2624/2624/2624 2629/2629/2629 2646/2646/2646
f 2646/2646/2646 2639/2639/2639 2624/2624/2624
f 2628/2628/2628 2634/2634/2634 2648/2648/2648
f 2648/2648/2648 2645/2645/2645 2628/2628/2628
f 2635/2635/2635 2631/2631/2631 2652/2652/2652
f 2652/2652/2652 2647/2647/2647 2635/2635/2635
f 2630/2630/2630 2623/2623/2623 2640/2640/2640
f 2640/2640/2640 2655/2655/2655 2630/2630/2630
f 2641/2641/2641 2643/2643/2643 2659/2659/2659
f 2651/2651/2651 2653/2653/2653 2663/2663/2663
f 2654/2654/2654 2638/2638/2638 2657/2657/2657
f 2657/2657/2657 2664/2664/2664 2654/2654/2654
f 2658/2658/2658 2642/2642/2642 2673/2673/2673
f 2673/2673/2673 2670/2670/2670 2658/2658/2658
f 2644/2644/2644 2649/2649/2649 2676/2676/2676
f 2676/2676/2676 2674/2674/2674 2644/2644/2644
f 2650/2650/2650 2661/2661/2661 2682/2682/2682
f 2682/2682/2682 2675/2675/2675 2650/2650/2650
f 2691/2691/2691 2693/2693/2693 2696/2696/2696
f 2696/2696/2696 2700/2700/2700 2691/2691/2691
f 2668/2668/2668 2671/2671/2671 2684/2684/2684
f 2678/2678/2678 2683/2683/2683 2687/2687/2687
f 2680/2680/2680 2667/2667/2667 2686/2686/2686
f 2686/2686/2686 2689/2689/2689 2680/2680/2680
f 2665/2665/2665 2660/2660/2660 2694/2694/2694
f 2694/2694/2694 2690/2690/2690 2665/2665/2665
f 2656/2656/2656 2666/2666/2666 2697/2697/2697
f 2697/2697/2697 2695/2695/2695 2656/2656/2656
f 2669/2669/2669 2681/2681/2681 2699/2699/2699
f 2699/2699/2699 2698/2698/2698 2669/2669/2669
f 2679/2679/2679 2662/2662/2662 2692/2692/2692
f 2692/2692/2692 2701/2701/2701 2679/2679/2679
f 2714/2714/2714 2706/2706/2706 2729/2729/2729
f 2737/2737/2737 2740/2740/2740 2744/2744/2744
f 2744/2744/2744 2730/2730/2730 2737/2737/2737
f 2712/2712/2712 2736/2736/2736 2733/2733/2733
f 2708/2708/2708 2720/2720/2720 2734/2734/2734
f 2719/2719/2719 2726/2726/2726 2745/2745/2745
f 2745/2745/2745 2741/2741/2741 2719/2719/2719
f 2728/2728/2728 2707/2707/2707 2747/2747/2747
f 2721/2721/2721 2750/2750/2750 2718/2718/2718
f 2718/2718/2718 2735/2735/2735 2721/2721/2721
f 2716/2716/2716 2742/2742/2742 2739/2739/2739
f 2749/2749/2749 2723/2723/2723 2756/2756/2756
f 2722/2722/2722 2754/2754/2754 2757/2757/2757
f 2778/2778/2778 2704/2704/2704 2713/2713/2713
f 2713/2713/2713 2773/2773/2773 2778/2778/2778
f 2772/2772/2772 2767/2767/2767 2777/2777/2777
f 2792/2792/2792 2789/2789/2789 2784/2784/2784
f 2784/2784/2784 2781/2781/2781 2792/2792/2792
f 2724/2724/2724 2715/2715/2715 2803/2803/2803
f 2803/2803/2803 2798/2798/2798 2724/2724/2724
f 2748/2748/2748 2705/2705/2705 2775/2775/2775
f 2775/2775/2775 2805/2805/2805 2748/2748/2748
f 2774/2774/2774 2785/2785/2785 2764/2764/2764
f 2764/2764/2764 2765/2765/2765 2774/2774/2774
f 2763/2763/2763 2787/2787/2787 2760/2760/2760
f 2800/2800/2800 2790/2790/2790 2793/2793/2793
f 2793/2793/2793 2796/2796/2796 2800/2800/2800
f 2797/2797/2797 2795/2795/2795 2743/2743/2743
f 2743/2743/2743 2725/2725/2725 2797/2797/2797
f 2766/2766/2766 2804/2804/2804 2776/2776/2776
f 2710/2710/2710 2731/2731/2731 2807/2807/2807
f 2710/2710/2710 2807/2807/2807 2779/2779/2779
f 2710/2710/2710 2779/2779/2779 2770/2770/2770
f 2802/2802/2802 2717/2717/2717 2751/2751/2751
f 2751/2751/2751 2811/2811/2811 2802/2802/2802
f 2759/2759/2759 2786/2786/2786 2801/2801/2801
f 2801/2801/2801 2810/2810/2810 2759/2759/2759
f 2799/2799/2799 2783/2783/2783 2791/2791/2791
f 2809/2809/2809 2814/2814/2814 2761/2761/2761
f 2752/2752/2752 2758/2758/2758 2813/2813/2813
f 2813/2813/2813 2808/2808/2808 2752/2752/2752
f 2753/2753/2753 2769/2769/2769 2812/2812/2812
f 2812/2812/2812 2755/2755/2755 2753/2753/2753
f 2762/2762/2762 2815/2815/2815 2768/2768/2768
f 2746/2746/2746 2794/2794/2794 2780/2780/2780
f 2746/2746/2746 2780/2780/2780 2806/2806/2806
f 2746/2746/2746 2806/2806/2806 2732/2732/2732
f 2771/2771/2771 2782/2782/2782 2788/2788/2788
f 2711/2711/2711 2727/2727/2727 2709/2709/2709
f 2709/2709/2709 2738/2738/2738 2711/2711/2711
f 2854/2854/2854 2858/2858/2858 2860/2860/2860
f 2860/2860/2860 2867/2867/2867 2854/2854/2854
f 2819/2819/2819 2821/2821/2821 2838/2838/2838
f 2838/2838/2838 2835/2835/2835 2819/2819/2819
f 2822/2822/2822 2823/2823/2823 2842/2842/2842
f 2842/2842/2842 2839/2839/2839 2822/2822/2822
f 2824/2824/2824 2825/2825/2825 2845/2845/2845
f 2845/2845/2845 2840/2840/2840 2824/2824/2824
f 2826/2826/2826 2828/2828/2828 2848/2848/2848
f 2848/2848/2848 2843/2843/2843 2826/2826/2826
f 2872/2872/2872 2855/2855/2855 2866/2866/2866
f 2866/2866/2866 2869/2869/2869 2872/2872/2872
f 2847/2847/2847 2833/2833/2833 2837/2837/2837
f 2837/2837/2837 2844/2844/2844 2847/2847/2847
f 2836/2836/2836 2841/2841/2841 2846/2846/2846
f 2816/2816/2816 2818/2818/2818 2859/2859/2859
f 2859/2859/2859 2853/2853/2853 2816/2816/2816
f 2820/2820/2820 2830/2830/2830 2856/2856/2856
f 2876/2876/2876 2880/2880/2880 2865/2865/2865
f 2865/2865/2865 2863/2863/2863 2876/2876/2876
f 2881/2881/2881 2883/2883/2883 2870/2870/2870
f 2870/2870/2870 2864/2864/2864 2881/2881/2881
f 2849/2849/2849 2829/2829/2829 2874/2874/2874
f 2874/2874/2874 2871/2871/2871 2849/2849/2849
f 2827/2827/2827 2817/2817/2817 2852/2852/2852
f 2852/2852/2852 2873/2873/2873 2827/2827/2827
f 2879/2879/2879 2875/2875/2875 2885/2885/2885
f 2851/2851/2851 2868/2868/2868 2884/2884/2884
f 2861/2861/2861 2834/2834/2834 2877/2877/2877
f 2832/2832/2832 2850/2850/2850 2882/2882/2882
f 2882/2882/2882 2878/2878/2878 2832/2832/2832
f 2831/2831/2831 2862/2862/2862 2857/2857/2857
f 2906/2906/2906 2900/2900/2900 2898/2898/2898
f 2894/2894/2894 2890/2890/2890 2888/2888/2888
f 2888/2888/2888 2905/2905/2905 2894/2894/2894
f 2907/2907/2907 2903/2903/2903 2887/2887/2887
f 2886/2886/2886 2892/2892/2892 2925/2925/2925
f 2925/2925/2925 2912/2912/2912 2886/2886/2886
f 2901/2901/2901 2902/2902/2902 2921/2921/2921
f 2921/2921/2921 2916/2916/2916 2901/2901/2901
f 2904/2904/2904 2908/2908/2908 2922/2922/2922
f 2922/2922/2922 2920/2920/2920 2904/2904/2904
f 2909/2909/2909 2889/2889/2889 2913/2913/2913
f 2913/2913/2913 2924/2924/2924 2909/2909/2909
f 2911/2911/2911 2927/2927/2927 2930/2930/2930
f 2930/2930/2930 2917/2917/2917 2911/2911/2911
f 2929/2929/2929 2914/2914/2914 2918/2918/2918
f 2923/2923/2923 2910/2910/2910 2919/2919/2919
f 2953/2953/2953 2958/2958/2958 2959/2959/2959
f 2959/2959/2959 2952/2952/2952 2953/2953/2953
f 2891/2891/2891 2896/2896/2896 2940/2940/2940
f 2940/2940/2940 2937/2937/2937 2891/2891/2891
f 2895/2895/2895 2931/2931/2931 2942/2942/2942
f 2942/2942/2942 2939/2939/2939 2895/2895/2895
f 2933/2933/2933 2926/2926/2926 2947/2947/2947
f 2947/2947/2947 2943/2943/2943 2933/2933/2933
f 2928/2928/2928 2893/2893/2893 2935/2935/2935
f 2935/2935/2935 2948/2948/2948 2928/2928/2928
f 2934/2934/2934 2941/2941/2941 2955/2955/2955
f 2955/2955/2955 2950/2950/2950 2934/2934/2934
f 2938/2938/2938 2945/2945/2945 2956/2956/2956
f 2956/2956/2956 2954/2954/2954 2938/2938/2938
f 2944/2944/2944 2946/2946/2946 2961/2961/2961
f 2961/2961/2961 2957/2957/2957 2944/2944/2944
f 2949/2949/2949 2936/2936/2936 2951/2951/2951
f 2951/2951/2951 2960/2960/2960 2949/2949/2949
f 2899/2899/2899 2915/2915/2915 2932/2932/2932
f 2932/2932/2932 2897/2897/2897 2899/2899/2899
f 3038/3038/3038 3048/3048/3048 3043/3043/3043
f 3050/3050/3050 3027/3027/3027 3024/3024/3024
f 3039/3039/3039 3028/3028/3028 3051/3051/3051
f 3035/3035/3035 3029/3029/3029 3037/3037/3037
f 2962/2962/2962 2986/2986/2986 2989/2989/2989
f 2989/2989/2989 2969/2969/2969 2962/2962/2962
f 2967/2967/2967 2988/2988/2988 2991/2991/2991
f 2991/2991/2991 2973/2973/2973 2967/2967/2967
f 2970/2970/2970 2990/2990/2990 2992/2992/2992
f 2992/2992/2992 2977/2977/2977 2970/2970/2970
f 2976/2976/2976 2993/2993/2993 2994/2994/2994
f 2994/2994/2994 2979/2979/2979 2976/2976/2976
f 2978/2978/2978 2995/2995/2995 2997/2997/2997
f 2997/2997/2997 2984/2984/2984 2978/2978/2978
f 2983/2983/2983 2996/2996/2996 2987/2987/2987
f 2987/2987/2987 2963/2963/2963 2983/2983/2983
f 2968/2968/2968 2999/2999/2999 3002/3002/3002
f 3002/3002/3002 2964/2964/2964 2968/2968/2968
f 2965/2965/2965 3004/3004/3004 3007/3007/3007
f 3007/3007/3007 2982/2982/2982 2965/2965/2965
f 2985/2985/2985 3009/3009/3009 3013/3013/3013
f 3013/3013/3013 2981/2981/2981 2985/2985/2985
f 2980/2980/2980 3010/3010/3010 3016/3016/3016
f 3016/3016/3016 2974/2974/2974 2980/2980/2980
f 2975/2975/2975 3014/3014/3014 3021/3021/3021
f 3021/3021/3021 2971/2971/2971 2975/2975/2975
f 2972/2972/2972 3018/3018/3018 3001/3001/3001
f 3001/3001/3001 2966/2966/2966 2972/2972/2972
f 3003/3003/3003 2998/2998/2998 3071/3071/3071
f 3071/3071/3071 3066/3066/3066 3003/3003/3003
f 3008/3008/3008 3005/3005/3005 3065/3065/3065
f 3065/3065/3065 3059/3059/3059 3008/3008/3008
f 3011/3011/3011 3006/3006/3006 3060/3060/3060
f 3060/3060/3060 3056/3056/3056 3011/3011/3011
f 3017/3017/3017 3012/3012/3012 3054/3054/3054
f 3054/3054/3054 3079/3079/3079 3017/3017/3017
f 3019/3019/3019 3015/3015/3015 3078/3078/3078
f 3078/3078/3078 3072/3072/3072 3019/3019/3019
f 3000/3000/3000 3020/3020/3020 3077/3077/3077
f 3077/3077/3077 3070/3070/3070 3000/3000/3000
f 3083/3083/3083 3092/3092/3092 3090/3090/3090
f 3090/3090/3090 3087/3087/3087 3083/3083/3083
f 3034/3034/3034 3058/3058/3058 3064/3064/3064
f 3064/3064/3064 3026/3026/3026 3034/3034/3034
f 3097/3097/3097 3105/3105/3105 3103/3103/3103
f 3103/3103/3103 3098/3098/3098 3097/3097/3097
f 3045/3045/3045 3082/3082/3082 3052/3052/3052
f 3052/3052/3052 3036/3036/3036 3045/3045/3045
f 3108/3108/3108 3118/3118/3118 3115/3115/3115
f 3115/3115/3115 3112/3112/3112 3108/3108/3108
f 3022/3022/3022 3067/3067/3067 3073/3073/3073
f 3073/3073/3073 3049/3049/3049 3022/3022/3022
f 3030/3030/3030 3085/3085/3085 3088/3088/3088
f 3088/3088/3088 3023/3023/3023 3030/3030/3030
f 3025/3025/3025 3086/3086/3086 3089/3089/3089
f 3089/3089/3089 3069/3069/3069 3025/3025/3025
f 3068/3068/3068 3091/3091/3091 3094/3094/3094
f 3094/3094/3094 3063/3063/3063 3068/3068/3068
f 3062/3062/3062 3093/3093/3093 3084/3084/3084
f 3084/3084/3084 3031/3031/3031 3062/3062/3062
f 3040/3040/3040 3096/3096/3096 3100/3100/3100
f 3100/3100/3100 3033/3033/3033 3040/3040/3040
f 3032/3032/3032 3099/3099/3099 3102/3102/3102
f 3102/3102/3102 3057/3057/3057 3032/3032/3032
f 3061/3061/3061 3101/3101/3101 3106/3106/3106
f 3106/3106/3106 3053/3053/3053 3061/3061/3061
f 3055/3055/3055 3104/3104/3104 3095/3095/3095
f 3095/3095/3095 3041/3041/3041 3055/3055/3055
f 3046/3046/3046 3110/3110/3110 3113/3113/3113
f 3113/3113/3113 3042/3042/3042 3046/3046/3046
f 3044/3044/3044 3111/3111/3111 3116/3116/3116
f 3116/3116/3116 3080/3080/3080 3044/3044/3044
f 3081/3081/3081 3114/3114/3114 3119/3119/3119
f 3119/3119/3119 3075/3075/3075 3081/3081/3081
f 3076/3076/3076 3107/3107/3107 3047/3047/3047
f 3109/3109/3109 3074/3074/3074 3117/3117/3117
f 3120/3120/3120 3121/3121/3121 3133/3133/3133
f 3133/3133/3133 3130/3130/3130 3120/3120/3120
f 3122/3122/3122 3123/3123/3123 3141/3141/3141
f 3141/3141/3141 3135/3135/3135 3122/3122/3122
f 3123/3123/3123 3124/3124/3124 3144/3144/3144
f 3144/3144/3144 3139/3139/3139 3123/3123/3123
f 3124/3124/3124 3125/3125/3125 3147/3147/3147
f 3147/3147/3147 3146/3146/3146 3124/3124/3124
f 3125/3125/3125 3126/3126/3126 3150/3150/3150
f 3150/3150/3150 3148/3148/3148 3125/3125/3125
f 3126/3126/3126 3120/3120/3120 3129/3129/3129
f 3129/3129/3129 3151/3151/3151 3126/3126/3126
f 3154/3154/3154 3155/3155/3155 3158/3158/3158
f 3158/3158/3158 3161/3161/3161 3154/3154/3154
f 3155/3155/3155 3164/3164/3164 3168/3168/3168
f 3168/3168/3168 3159/3159/3159 3155/3155/3155
f 3164/3164/3164 3169/3169/3169 3172/3172/3172
f 3172/3172/3172 3165/3165/3165 3164/3164/3164
f 3169/3169/3169 3173/3173/3173 3176/3176/3176
f 3176/3176/3176 3171/3171/3171 3169/3169/3169
f 3173/3173/3173 3178/3178/3178 3181/3181/3181
f 3181/3181/3181 3177/3177/3177 3173/3173/3173
f 3178/3178/3178 3183/3183/3183 3186/3186/3186
f 3186/3186/3186 3180/3180/3180 3178/3178/3178
f 3162/3162/3162 3134/3134/3134 3121/3121/3121
f 3121/3121/3121 3154/3154/3154 3162/3162/3162
f 3184/3184/3184 3183/3183/3183 3122/3122/3122
f 3122/3122/3122 3138/3138/3138 3184/3184/3184
f 3153/3153/3153 3143/3143/3143 3149/3149/3149
f 3152/3152/3152 3127/3127/3127 3142/3142/3142
f 3142/3142/3142 3145/3145/3145 3152/3152/3152
f 3122/3122/3122 3190/3190/3190 3189/3189/3189
f 3190/3190/3190 3122/3122/3122 3183/3183/3183
f 3183/3183/3183 3178/3178/3178 3191/3191/3191
f 3191/3191/3191 3190/3190/3190 3183/3183/3183
f 3178/3178/3178 3173/3173/3173 3192/3192/3192
f 3192/3192/3192 3191/3191/3191 3178/3178/3178
f 3173/3173/3173 3169/3169/3169 3193/3193/3193
f 3193/3193/3193 3192/3192/3192 3173/3173/3173
f 3169/3169/3169 3164/3164/3164 3194/3194/3194
f 3194/3194/3194 3193/3193/3193 3169/3169/3169
f 3164/3164/3164 3155/3155/3155 3195/3195/3195
f 3195/3195/3195 3194/3194/3194 3164/3164/3164
f 3155/3155/3155 3154/3154/3154 3196/3196/3196
f 3196/3196/3196 3195/3195/3195 3155/3155/3155
f 3154/3154/3154 3188/3188/3188 3196/3196/3196
f 3188/3188/3188 3154/3154/3154 3121/3121/3121
f 3120/3120/3120 3188/3188/3188 3121/3121/3121
f 3123/3123/3123 3122/3122/3122 3189/3189/3189
f 3120/3120/3120 3126/3126/3126 3188/3188/3188
f 3198/3198/3198 3188/3188/3188 3205/3205/3205
f 3188/3188/3188 3198/3198/3198 3197/3197/3197
f 3190/3190/3190 3200/3200/3200 3189/3189/3189
f 3188/3188/3188 3204/3204/3204 3196/3196/3196
f 3204/3204/3204 3188/3188/3188 3197/3197/3197
f 3195/3195/3195 3204/3204/3204 3203/3203/3203
f 3204/3204/3204 3195/3195/3195 3196/3196/3196
f 3193/3193/3193 3194/3194/3194 3202/3202/3202
f 3194/3194/3194 3203/3203/3203 3202/3202/3202
f 3194/3194/3194 3195/3195/3195 3203/3203/3203
f 3192/3192/3192 3202/3202/3202 3201/3201/3201
f 3192/3192/3192 3193/3193/3193 3202/3202/3202
f 3191/3191/3191 3192/3192/3192 3201/3201/3201
f 3190/3190/3190 3191/3191/3191 3201/3201/3201
f 3190/3190/3190 3201/3201/3201 3200/3200/3200
f 3200/3200/3200 3199/3199/3199 3189/3189/3189
f 3199/3199/3199 3198/3198/3198 3189/3189/3189
f 3125/3125/3125 3124/3124/3124 3205/3205/3205
f 3205/3205/3205 3189/3189/3189 3198/3198/3198
f 3124/3124/3124 3123/3123/3123 3189/3189/3189
f 3126/3126/3126 3205/3205/3205 3188/3188/3188
f 3206/3206/3206 3208/3208/3208 3209/3209/3209
f 3208/3208/3208 3206/3206/3206 3207/3207/3207
f 3197/3197/3197 3206/3206/3206 3209/3209/3209
f 3206/3206/3206 3197/3197/3197 3198/3198/3198
f 3198/3198/3198 3199/3199/3199 3206/3206/3206
f 3199/3199/3199 3207/3207/3207 3206/3206/3206
f 3207/3207/3207 3199/3199/3199 3200/3200/3200
f 3200/3200/3200 3201/3201/3201 3207/3207/3207
f 3201/3201/3201 3208/3208/3208 3207/3207/3207
f 3208/3208/3208 3201/3201/3201 3202/3202/3202
f 3202/3202/3202 3203/3203/3203 3208/3208/3208
f 3203/3203/3203 3209/3209/3209 3208/3208/3208
f 3209/3209/3209 3203/3203/3203 3204/3204/3204
f 3204/3204/3204 3197/3197/3197 3209/3209/3209
f 3126/3126/3126 3125/3125/3125 3205/3205/3205
f 3124/3124/3124 3189/3189/3189 3205/3205/3205
f 3157/3157/3157 3179/3179/3179 3187/3187/3187
f 3187/3187/3187 3160/3160/3160 3157/3157/3157
f 3167/3167/3167 3174/3174/3174 3182/3182/3182
f 3182/3182/3182 3156/3156/3156 3167/3167/3167
f 3166/3166/3166 3170/3170/3170 3175/3175/3175
f 3132/3132/3132 3163/3163/3163 3185/3185/3185
f 3185/3185/3185 3137/3137/3137 3132/3132/3132
f 3128/3128/3128 3131/3131/3131 3136/3136/3136
f 3136/3136/3136 3140/3140/3140 3128/3128/3128
f 3210/3210/3210 3219/3219/3219 3221/3221/3221
f 3221/3221/3221 3212/3212/3212 3210/3210/3210
f 3212/3212/3212 3221/3221/3221 3222/3222/3222
f 3222/3222/3222 3213/3213/3213 3212/3212/3212
f 3213/3213/3213 3222/3222/3222 3223/3223/3223
f 3223/3223/3223 3214/3214/3214 3213/3213/3213
f 3214/3214/3214 3223/3223/3223 3224/3224/3224
f 3224/3224/3224 3215/3215/3215 3214/3214/3214
f 3215/3215/3215 3224/3224/3224 3225/3225/3225
f 3225/3225/3225 3216/3216/3216 3215/3215/3215
f 3216/3216/3216 3225/3225/3225 3226/3226/3226
f 3226/3226/3226 3217/3217/3217 3216/3216/3216
f 3217/3217/3217 3226/3226/3226 3227/3227/3227
f 3227/3227/3227 3218/3218/3218 3217/3217/3217
f 3218/3218/3218 3227/3227/3227 3220/3220/3220
f 3220/3220/3220 3211/3211/3211 3218/3218/3218
f 3245/3245/3245 3238/3238/3238 3241/3241/3241
f 3239/3239/3239 3247/3247/3247 3230/3230/3230
f 3230/3230/3230 3233/3233/3233 3239/3239/3239
f 3250/3250/3250 3231/3231/3231 3246/3246/3246
f 3229/3229/3229 3252/3252/3252 3268/3268/3268
f 3268/3268/3268 3235/3235/3235 3229/3229/3229
f 3243/3243/3243 3256/3256/3256 3260/3260/3260
f 3260/3260/3260 3248/3248/3248 3243/3243/3243
f 3244/3244/3244 3261/3261/3261 3266/3266/3266
f 3266/3266/3266 3251/3251/3251 3244/3244/3244
f 3249/3249/3249 3264/3264/3264 3253/3253/3253
f 3253/3253/3253 3228/3228/3228 3249/3249/3249
f 3254/3254/3254 3259/3259/3259 3274/3274/3274
f 3274/3274/3274 3267/3267/3267 3254/3254/3254
f 3272/3272/3272 3262/3262/3262 3257/3257/3257
f 3265/3265/3265 3263/3263/3263 3255/3255/3255
f 3296/3296/3296 3293/3293/3293 3303/3303/3303
f 3303/3303/3303 3299/3299/3299 3296/3296/3296
f 3232/3232/3232 3279/3279/3279 3281/3281/3281
f 3281/3281/3281 3240/3240/3240 3232/3232/3232
f 3237/3237/3237 3280/3280/3280 3284/3284/3284
f 3284/3284/3284 3271/3271/3271 3237/3237/3237
f 3275/3275/3275 3285/3285/3285 3288/3288/3288
f 3288/3288/3288 3270/3270/3270 3275/3275/3275
f 3269/3269/3269 3289/3289/3289 3277/3277/3277
f 3277/3277/3277 3234/3234/3234 3269/3269/3269
f 3276/3276/3276 3294/3294/3294 3295/3295/3295
f 3295/3295/3295 3282/3282/3282 3276/3276/3276
f 3283/3283/3283 3297/3297/3297 3298/3298/3298
f 3298/3298/3298 3286/3286/3286 3283/3283/3283
f 3287/3287/3287 3300/3300/3300 3302/3302/3302
f 3302/3302/3302 3291/3291/3291 3287/3287/3287
f 3290/3290/3290 3301/3301/3301 3292/3292/3292
f 3292/3292/3292 3278/3278/3278 3290/3290/3290
f 3242/3242/3242 3236/3236/3236 3273/3273/3273
f 3273/3273/3273 3258/3258/3258 3242/3242/3242
f 3343/3343/3343 3355/3355/3355 3349/3349/3349
f 3349/3349/3349 3345/3345/3345 3343/3343/3343
f 3308/3308/3308 3323/3323/3323 3325/3325/3325
f 3325/3325/3325 3309/3309/3309 3308/3308/3308
f 3310/3310/3310 3324/3324/3324 3328/3328/3328
f 3328/3328/3328 3311/3311/3311 3310/3310/3310
f 3312/3312/3312 3330/3330/3330 3332/3332/3332
f 3332/3332/3332 3314/3314/3314 3312/3312/3312
f 3313/3313/3313 3333/3333/3333 3336/3336/3336
f 3336/3336/3336 3317/3317/3317 3313/3313/3313
f 3361/3361/3361 3358/3358/3358 3352/3352/3352
f 3352/3352/3352 3340/3340/3340 3361/3361/3361
f 3335/3335/3335 3334/3334/3334 3327/3327/3327
f 3327/3327/3327 3318/3318/3318 3335/3335/3335
f 3326/3326/3326 3331/3331/3331 3329/3329/3329
f 3304/3304/3304 3342/3342/3342 3346/3346/3346
f 3346/3346/3346 3307/3307/3307 3304/3304/3304
f 3306/3306/3306 3347/3347/3347 3319/3319/3319
f 3366/3366/3366 3348/3348/3348 3353/3353/3353
f 3353/3353/3353 3369/3369/3369 3366/3366/3366
f 3368/3368/3368 3354/3354/3354 3357/3357/3357
f 3357/3357/3357 3372/3372/3372 3368/3368/3368
f 3338/3338/3338 3356/3356/3356 3360/3360/3360
f 3360/3360/3360 3315/3315/3315 3338/3338/3338
f 3316/3316/3316 3362/3362/3362 3341/3341/3341
f 3341/3341/3341 3305/3305/3305 3316/3316/3316
f 3367/3367/3367 3370/3370/3370 3365/3365/3365
f 3337/3337/3337 3373/3373/3373 3359/3359/3359
f 3350/3350/3350 3364/3364/3364 3320/3320/3320
f 3322/3322/3322 3363/3363/3363 3371/3371/3371
f 3371/3371/3371 3339/3339/3339 3322/3322/3322
f 3321/3321/3321 3344/3344/3344 3351/3351/3351
f 3453/3453/3453 3463/3463/3463 3457/3457/3457
f 3462/3462/3462 3440/3440/3440 3437/3437/3437
f 3452/3452/3452 3442/3442/3442 3460/3460/3460
f 3446/3446/3446 3439/3439/3439 3448/3448/3448
f 3377/3377/3377 3398/3398/3398 3401/3401/3401
f 3401/3401/3401 3378/3378/3378 3377/3377/3377
f 3381/3381/3381 3400/3400/3400 3403/3403/3403
f 3403/3403/3403 3382/3382/3382 3381/3381/3381
f 3383/3383/3383 3402/3402/3402 3405/3405/3405
f 3405/3405/3405 3386/3386/3386 3383/3383/3383
f 3389/3389/3389 3404/3404/3404 3406/3406/3406
f 3406/3406/3406 3393/3393/3393 3389/3389/3389
f 3392/3392/3392 3407/3407/3407 3408/3408/3408
f 3408/3408/3408 3395/3395/3395 3392/3392/3392
f 3394/3394/3394 3409/3409/3409 3399/3399/3399
f 3399/3399/3399 3374/3374/3374 3394/3394/3394
f 3379/3379/3379 3413/3413/3413 3417/3417/3417
f 3417/3417/3417 3376/3376/3376 3379/3379/3379
f 3375/3375/3375 3416/3416/3416 3421/3421/3421
f 3421/3421/3421 3397/3397/3397 3375/3375/3375
f 3396/3396/3396 3420/3420/3420 3422/3422/3422
f 3422/3422/3422 3390/3390/3390 3396/3396/3396
f 3391/3391/3391 3423/3423/3423 3427/3427/3427
f 3427/3427/3427 3387/3387/3387 3391/3391/3391
f 3388/3388/3388 3428/3428/3428 3431/3431/3431
f 3431/3431/3431 3384/3384/3384 3388/3388/3388
f 3385/3385/3385 3432/3432/3432 3411/3411/3411
f 3411/3411/3411 3380/3380/3380 3385/3385/3385
f 3415/3415/3415 3410/3410/3410 3480/3480/3480
f 3480/3480/3480 3478/3478/3478 3415/3415/3415
f 3418/3418/3418 3414/3414/3414 3476/3476/3476
f 3476/3476/3476 3473/3473/3473 3418/3418/3418
f 3425/3425/3425 3419/3419/3419 3472/3472/3472
f 3472/3472/3472 3467/3467/3467 3425/3425/3425
f 3426/3426/3426 3424/3424/3424 3466/3466/3466
f 3466/3466/3466 3491/3491/3491 3426/3426/3426
f 3430/3430/3430 3429/3429/3429 3492/3492/3492
f 3492/3492/3492 3488/3488/3488 3430/3430/3430
f 3412/3412/3412 3433/3433/3433 3489/3489/3489
f 3489/3489/3489 3483/3483/3483 3412/3412/3412
f 3496/3496/3496 3506/3506/3506 3503/3503/3503
f 3503/3503/3503 3499/3499/3499 3496/3496/3496
f 3447/3447/3447 3471/3471/3471 3475/3475/3475
f 3475/3475/3475 3441/3441/3441 3447/3447/3447
f 3508/3508/3508 3518/3518/3518 3515/3515/3515
f 3515/3515/3515 3510/3510/3510 3508/3508/3508
f 3454/3454/3454 3493/3493/3493 3468/3468/3468
f 3468/3468/3468 3449/3449/3449 3454/3454/3454
f 3522/3522/3522 3530/3530/3530 3526/3526/3526
f 3526/3526/3526 3524/3524/3524 3522/3522/3522
f 3436/3436/3436 3479/3479/3479 3484/3484/3484
f 3484/3484/3484 3461/3461/3461 3436/3436/3436
f 3443/3443/3443 3497/3497/3497 3498/3498/3498
f 3498/3498/3498 3434/3434/3434 3443/3443/3443
f 3435/3435/3435 3500/3500/3500 3502/3502/3502
f 3502/3502/3502 3481/3481/3481 3435/3435/3435
f 3482/3482/3482 3501/3501/3501 3504/3504/3504
f 3504/3504/3504 3477/3477/3477 3482/3482/3482
f 3474/3474/3474 3505/3505/3505 3495/3495/3495
f 3495/3495/3495 3438/3438/3438 3474/3474/3474
f 3451/3451/3451 3507/3507/3507 3512/3512/3512
f 3512/3512/3512 3444/3444/3444 3451/3451/3451
f 3445/3445/3445 3511/3511/3511 3513/3513/3513
f 3513/3513/3513 3470/3470/3470 3445/3445/3445
f 3469/3469/3469 3514/3514/3514 3517/3517/3517
f 3517/3517/3517 3464/3464/3464 3469/3469/3469
f 3465/3465/3465 3516/3516/3516 3509/3509/3509
f 3509/3509/3509 3450/3450/3450 3465/3465/3465
f 3458/3458/3458 3519/3519/3519 3525/3525/3525
f 3525/3525/3525 3455/3455/3455 3458/3458/3458
f 3456/3456/3456 3523/3523/3523 3527/3527/3527
f 3527/3527/3527 3494/3494/3494 3456/3456/3456
f 3490/3490/3490 3528/3528/3528 3529/3529/3529
f 3529/3529/3529 3485/3485/3485 3490/3490/3490
f 3486/3486/3486 3521/3521/3521 3459/3459/3459
f 3520/3520/3520 3487/3487/3487 3531/3531/3531
f 3532/3532/3532 3533/3533/3533 3543/3543/3543
f 3543/3543/3543 3539/3539/3539 3532/3532/3532
f 3534/3534/3534 3535/3535/3535 3553/3553/3553
f 3553/3553/3553 3550/3550/3550 3534/3534/3534
f 3535/3535/3535 3536/3536/3536 3555/3555/3555
f 3555/3555/3555 3552/3552/3552 3535/3535/3535
f 3536/3536/3536 3537/3537/3537 3560/3560/3560
f 3560/3560/3560 3557/3557/3557 3536/3536/3536
f 3537/3537/3537 3538/3538/3538 3563/3563/3563
f 3563/3563/3563 3561/3561/3561 3537/3537/3537
f 3538/3538/3538 3532/3532/3532 3542/3542/3542
f 3542/3542/3542 3562/3562/3562 3538/3538/3538
f 3566/3566/3566 3567/3567/3567 3571/3571/3571
f 3571/3571/3571 3575/3575/3575 3566/3566/3566
f 3567/3567/3567 3576/3576/3576 3577/3577/3577
f 3577/3577/3577 3569/3569/3569 3567/3567/3567
f 3576/3576/3576 3581/3581/3581 3583/3583/3583
f 3583/3583/3583 3578/3578/3578 3576/3576/3576
f 3581/3581/3581 3585/3585/3585 3589/3589/3589
f 3589/3589/3589 3584/3584/3584 3581/3581/3581
f 3585/3585/3585 3590/3590/3590 3593/3593/3593
f 3593/3593/3593 3586/3586/3586 3585/3585/3585
f 3590/3590/3590 3595/3595/3595 3598/3598/3598
f 3598/3598/3598 3591/3591/3591 3590/3590/3590
f 3574/3574/3574 3546/3546/3546 3533/3533/3533
f 3533/3533/3533 3566/3566/3566 3574/3574/3574
f 3599/3599/3599 3595/3595/3595 3534/3534/3534
f 3534/3534/3534 3549/3549/3549 3599/3599/3599
f 3564/3564/3564 3558/3558/3558 3559/3559/3559
f 3565/3565/3565 3540/3540/3540 3551/3551/3551
f 3551/3551/3551 3556/3556/3556 3565/3565/3565
f 3534/3534/3534 3602/3602/3602 3601/3601/3601
f 3602/3602/3602 3534/3534/3534 3595/3595/3595
f 3595/3595/3595 3590/3590/3590 3603/3603/3603
f 3603/3603/3603 3602/3602/3602 3595/3595/3595
f 3590/3590/3590 3585/3585/3585 3604/3604/3604
f 3604/3604/3604 3603/3603/3603 3590/3590/3590
f 3585/3585/3585 3581/3581/3581 3605/3605/3605
f 3605/3605/3605 3604/3604/3604 3585/3585/3585
f 3581/3581/3581 3576/3576/3576 3606/3606/3606
f 3606/3606/3606 3605/3605/3605 3581/3581/3581
f 3576/3576/3576 3567/3567/3567 3607/3607/3607
f 3607/3607/3607 3606/3606/3606 3576/3576/3576
f 3567/3567/3567 3566/3566/3566 3608/3608/3608
f 3608/3608/3608 3607/3607/3607 3567/3567/3567
f 3566/3566/3566 3600/3600/3600 3608/3608/3608
f 3600/3600/3600 3566/3566/3566 3533/3533/3533
f 3532/3532/3532 3600/3600/3600 3533/3533/3533
f 3535/3535/3535 3534/3534/3534 3601/3601/3601
f 3532/3532/3532 3538/3538/3538 3600/3600/3600
f 3610/3610/3610 3600/3600/3600 3617/3617/3617
f 3600/3600/3600 3610/3610/3610 3609/3609/3609
f 3602/3602/3602 3612/3612/3612 3601/3601/3601
f 3600/3600/3600 3616/3616/3616 3608/3608/3608
f 3616/3616/3616 3600/3600/3600 3609/3609/3609
f 3607/3607/3607 3616/3616/3616 3615/3615/3615
f 3616/3616/3616 3607/3607/3607 3608/3608/3608
f 3605/3605/3605 3606/3606/3606 3614/3614/3614
f 3606/3606/3606 3615/3615/3615 3614/3614/3614
f 3606/3606/3606 3607/3607/3607 3615/3615/3615
f 3604/3604/3604 3614/3614/3614 3613/3613/3613
f 3604/3604/3604 3605/3605/3605 3614/3614/3614
f 3603/3603/3603 3604/3604/3604 3613/3613/3613
f 3602/3602/3602 3603/3603/3603 3613/3613/3613
f 3602/3602/3602 3613/3613/3613 3612/3612/3612
f 3612/3612/3612 3611/3611/3611 3601/3601/3601
f 3611/3611/3611 3610/3610/3610 3601/3601/3601
f 3537/3537/3537 3536/3536/3536 3617/3617/3617
f 3617/3617/3617 3601/3601/3601 3610/3610/3610
f 3536/3536/3536 3535/3535/3535 3601/3601/3601
f 3538/3538/3538 3617/3617/3617 3600/3600/3600
f 3618/3618/3618 3620/3620/3620 3621/3621/3621
f 3620/3620/3620 3618/3618/3618 3619/3619/3619
f 3609/3609/3609 3618/3618/3618 3621/3621/3621
f 3618/3618/3618 3609/3609/3609 3610/3610/3610
f 3610/3610/3610 3611/3611/3611 3618/3618/3618
f 3611/3611/3611 3619/3619/3619 3618/3618/3618
f 3619/3619/3619 3611/3611/3611 3612/3612/3612
f 3612/3612/3612 3613/3613/3613 3619/3619/3619
f 3613/3613/3613 3620/3620/3620 3619/3619/3619
f 3620/3620/3620 3613/3613/3613 3614/3614/3614
f 3614/3614/3614 3615/3615/3615 3620/3620/3620
f 3615/3615/3615 3621/3621/3621 3620/3620/3620
f 3621/3621/3621 3615/3615/3615 3616/3616/3616
f 3616/3616/3616 3609/3609/3609 3621/3621/3621
f 3538/3538/3538 3537/3537/3537 3617/3617/3617
f 3536/3536/3536 3601/3601/3601 3617/3617/3617
f 3570/3570/3570 3592/3592/3592 3597/3597/3597
f 3597/3597/3597 3572/3572/3572 3570/3570/3570
f 3580/3580/3580 3588/3588/3588 3594/3594/3594
f 3594/3594/3594 3568/3568/3568 3580/3580/3580
f 3579/3579/3579 3582/3582/3582 3587/3587/3587
f 3544/3544/3544 3573/3573/3573 3596/3596/3596
f 3596/3596/3596 3547/3547/3547 3544/3544/3544
f 3541/3541/3541 3545/3545/3545 3548/3548/3548
f 3548/3548/3548 3554/3554/3554 3541/3541/3541
f 3622/3622/3622 3632/3632/3632 3633/3633/3633
f 3633/3633/3633 3624/3624/3624 3622/3622/3622
f 3624/3624/3624 3633/3633/3633 3634/3634/3634
f 3634/3634/3634 3625/3625/3625 3624/3624/3624
f 3625/3625/3625 3634/3634/3634 3635/3635/3635
f 3635/3635/3635 3626/3626/3626 3625/3625/3625
f 3626/3626/3626 3635/3635/3635 3636/3636/3636
f 3636/3636/3636 3627/3627/3627 3626/3626/3626
f 3627/3627/3627 3636/3636/3636 3637/3637/3637
f 3637/3637/3637 3628/3628/3628 3627/3627/3627
f 3628/3628/3628 3637/3637/3637 3638/3638/3638
f 3638/3638/3638 3629/3629/3629 3628/3628/3628
f 3629/3629/3629 3638/3638/3638 3639/3639/3639
f 3639/3639/3639 3630/3630/3630 3629/3629/3629
f 3630/3630/3630 3639/3639/3639 3631/3631/3631
f 3631/3631/3631 3623/3623/3623 3630/3630/3630
f 3676/3676/3676 3688/3688/3688 3686/3686/3686
f 3686/3686/3686 3680/3680/3680 3676/3676/3676
f 3642/3642/3642 3654/3654/3654 3662/3662/3662
f 3662/3662/3662 3645/3645/3645 3642/3642/3642
f 3646/3646/3646 3663/3663/3663 3666/3666/3666
f 3666/3666/3666 3648/3648/3648 3646/3646/3646
f 3647/3647/3647 3664/3664/3664 3670/3670/3670
f 3670/3670/3670 3649/3649/3649 3647/3647/3647
f 3650/3650/3650 3667/3667/3667 3671/3671/3671
f 3671/3671/3671 3653/3653/3653 3650/3650/3650
f 3698/3698/3698 3694/3694/3694 3689/3689/3689
f 3689/3689/3689 3679/3679/3679 3698/3698/3698
f 3675/3675/3675 3669/3669/3669 3661/3661/3661
f 3661/3661/3661 3657/3657/3657 3675/3675/3675
f 3660/3660/3660 3668/3668/3668 3665/3665/3665
f 3640/3640/3640 3677/3677/3677 3683/3683/3683
f 3683/3683/3683 3643/3643/3643 3640/3640/3640
f 3644/3644/3644 3681/3681/3681 3658/3658/3658
f 3702/3702/3702 3684/3684/3684 3690/3690/3690
f 3690/3690/3690 3703/3703/3703 3702/3702/3702
f 3705/3705/3705 3691/3691/3691 3695/3695/3695
f 3695/3695/3695 3708/3708/3708 3705/3705/3705
f 3674/3674/3674 3692/3692/3692 3696/3696/3696
f 3696/3696/3696 3652/3652/3652 3674/3674/3674
f 3651/3651/3651 3697/3697/3697 3678/3678/3678
f 3678/3678/3678 3641/3641/3641 3651/3651/3651
f 3704/3704/3704 3706/3706/3706 3699/3699/3699
f 3672/3672/3672 3707/3707/3707 3693/3693/3693
f 3685/3685/3685 3700/3700/3700 3655/3655/3655
f 3656/3656/3656 3701/3701/3701 3709/3709/3709
f 3709/3709/3709 3673/3673/3673 3656/3656/3656
f 3659/3659/3659 3682/3682/3682 3687/3687/3687
f 3784/3784/3784 3791/3791/3791 3796/3796/3796
f 3795/3795/3795 3771/3771/3771 3777/3777/3777
f 3789/3789/3789 3798/3798/3798 3778/3778/3778
f 3783/3783/3783 3785/3785/3785 3774/3774/3774
f 3712/3712/3712 3716/3716/3716 3737/3737/3737
f 3737/3737/3737 3734/3734/3734 3712/3712/3712
f 3715/3715/3715 3721/3721/3721 3738/3738/3738
f 3738/3738/3738 3736/3736/3736 3715/3715/3715
f 3718/3718/3718 3725/3725/3725 3741/3741/3741
f 3741/3741/3741 3739/3739/3739 3718/3718/3718
f 3722/3722/3722 3727/3727/3727 3743/3743/3743
f 3743/3743/3743 3740/3740/3740 3722/3722/3722
f 3726/3726/3726 3732/3732/3732 3744/3744/3744
f 3744/3744/3744 3742/3742/3742 3726/3726/3726
f 3731/3731/3731 3710/3710/3710 3735/3735/3735
f 3735/3735/3735 3745/3745/3745 3731/3731/3731
f 3714/3714/3714 3711/3711/3711 3750/3750/3750
f 3750/3750/3750 3749/3749/3749 3714/3714/3714
f 3713/3713/3713 3733/3733/3733 3757/3757/3757
f 3757/3757/3757 3752/3752/3752 3713/3713/3713
f 3730/3730/3730 3729/3729/3729 3761/3761/3761
f 3761/3761/3761 3755/3755/3755 3730/3730/3730
f 3728/3728/3728 3724/3724/3724 3763/3763/3763
f 3763/3763/3763 3759/3759/3759 3728/3728/3728
f 3723/3723/3723 3720/3720/3720 3768/3768/3768
f 3768/3768/3768 3762/3762/3762 3723/3723/3723
f 3719/3719/3719 3717/3717/3717 3748/3748/3748
f 3748/3748/3748 3769/3769/3769 3719/3719/3719
f 3753/3753/3753 3813/3813/3813 3816/3816/3816
f 3816/3816/3816 3746/3746/3746 3753/3753/3753
f 3754/3754/3754 3808/3808/3808 3810/3810/3810
f 3810/3810/3810 3751/3751/3751 3754/3754/3754
f 3758/3758/3758 3803/3803/3803 3809/3809/3809
f 3809/3809/3809 3756/3756/3756 3758/3758/3758
f 3764/3764/3764 3829/3829/3829 3804/3804/3804
f 3804/3804/3804 3760/3760/3760 3764/3764/3764
f 3767/3767/3767 3824/3824/3824 3827/3827/3827
f 3827/3827/3827 3765/3765/3765 3767/3767/3767
f 3747/3747/3747 3815/3815/3815 3823/3823/3823
f 3823/3823/3823 3766/3766/3766 3747/3747/3747
f 3832/3832/3832 3835/3835/3835 3838/3838/3838
f 3838/3838/3838 3840/3840/3840 3832/3832/3832
f 3780/3780/3780 3779/3779/3779 3814/3814/3814
f 3814/3814/3814 3805/3805/3805 3780/3780/3780
f 3844/3844/3844 3847/3847/3847 3851/3851/3851
f 3851/3851/3851 3852/3852/3852 3844/3844/3844
f 3790/3790/3790 3787/3787/3787 3801/3801/3801
f 3801/3801/3801 3830/3830/3830 3790/3790/3790
f 3855/3855/3855 3859/3859/3859 3862/3862/3862
f 3862/3862/3862 3866/3866/3866 3855/3855/3855
f 3772/3772/3772 3794/3794/3794 3825/3825/3825
f 3825/3825/3825 3817/3817/3817 3772/3772/3772
f 3776/3776/3776 3770/3770/3770 3834/3834/3834
f 3834/3834/3834 3831/3831/3831 3776/3776/3776
f 3773/3773/3773 3819/3819/3819 3839/3839/3839
f 3839/3839/3839 3836/3836/3836 3773/3773/3773
f 3818/3818/3818 3812/3812/3812 3842/3842/3842
f 3842/3842/3842 3837/3837/3837 3818/3818/3818
f 3811/3811/3811 3775/3775/3775 3833/3833/3833
f 3833/3833/3833 3841/3841/3841 3811/3811/3811
f 3788/3788/3788 3782/3782/3782 3846/3846/3846
f 3846/3846/3846 3845/3845/3845 3788/3788/3788
f 3781/3781/3781 3807/3807/3807 3850/3850/3850
f 3850/3850/3850 3848/3848/3848 3781/3781/3781
f 3806/3806/3806 3800/3800/3800 3853/3853/3853
f 3853/3853/3853 3849/3849/3849 3806/3806/3806
f 3802/3802/3802 3786/3786/3786 3843/3843/3843
f 3843/3843/3843 3854/3854/3854 3802/3802/3802
f 3797/3797/3797 3793/3793/3793 3861/3861/3861
f 3861/3861/3861 3856/3856/3856 3797/3797/3797
f 3792/3792/3792 3826/3826/3826 3863/3863/3863
f 3863/3863/3863 3860/3860/3860 3792/3792/3792
f 3828/3828/3828 3821/3821/3821 3867/3867/3867
f 3867/3867/3867 3864/3864/3864 3828/3828/3828
f 3820/3820/3820 3799/3799/3799 3858/3858/3858
f 3857/3857/3857 3865/3865/3865 3822/3822/3822
f 3868/3868/3868 3875/3875/3875 3880/3880/3880
f 3880/3880/3880 3869/3869/3869 3868/3868/3868
f 3870/3870/3870 3884/3884/3884 3889/3889/3889
f 3889/3889/3889 3871/3871/3871 3870/3870/3870
f 3871/3871/3871 3888/3888/3888 3892/3892/3892
f 3892/3892/3892 3872/3872/3872 3871/3871/3871
f 3872/3872/3872 3891/3891/3891 3897/3897/3897
f 3897/3897/3897 3873/3873/3873 3872/3872/3872
f 3873/3873/3873 3896/3896/3896 3900/3900/3900
f 3900/3900/3900 3874/3874/3874 3873/3873/3873
f 3874/3874/3874 3898/3898/3898 3877/3877/3877
f 3877/3877/3877 3868/3868/3868 3874/3874/3874
f 3902/3902/3902 3911/3911/3911 3907/3907/3907
f 3907/3907/3907 3903/3903/3903 3902/3902/3902
f 3903/3903/3903 3905/3905/3905 3914/3914/3914
f 3914/3914/3914 3912/3912/3912 3903/3903/3903
f 3912/3912/3912 3913/3913/3913 3918/3918/3918
f 3918/3918/3918 3917/3917/3917 3912/3912/3912
f 3917/3917/3917 3919/3919/3919 3922/3922/3922
f 3922/3922/3922 3921/3921/3921 3917/3917/3917
f 3921/3921/3921 3925/3925/3925 3930/3930/3930
f 3930/3930/3930 3926/3926/3926 3921/3921/3921
f 3926/3926/3926 3927/3927/3927 3935/3935/3935
f 3935/3935/3935 3931/3931/3931 3926/3926/3926
f 3909/3909/3909 3902/3902/3902 3869/3869/3869
f 3869/3869/3869 3882/3882/3882 3909/3909/3909
f 3932/3932/3932 3885/3885/3885 3870/3870/3870
f 3870/3870/3870 3931/3931/3931 3932/3932/3932
f 3901/3901/3901 3895/3895/3895 3894/3894/3894
f 3899/3899/3899 3893/3893/3893 3890/3890/3890
f 3890/3890/3890 3876/3876/3876 3899/3899/3899
f 3870/3870/3870 3937/3937/3937 3938/3938/3938
f 3938/3938/3938 3931/3931/3931 3870/3870/3870
f 3931/3931/3931 3938/3938/3938 3939/3939/3939
f 3939/3939/3939 3926/3926/3926 3931/3931/3931
f 3926/3926/3926 3939/3939/3939 3940/3940/3940
f 3940/3940/3940 3921/3921/3921 3926/3926/3926
f 3921/3921/3921 3940/3940/3940 3941/3941/3941
f 3941/3941/3941 3917/3917/3917 3921/3921/3921
f 3917/3917/3917 3941/3941/3941 3942/3942/3942
f 3942/3942/3942 3912/3912/3912 3917/3917/3917
f 3912/3912/3912 3942/3942/3942 3943/3943/3943
f 3943/3943/3943 3903/3903/3903 3912/3912/3912
f 3903/3903/3903 3943/3943/3943 3944/3944/3944
f 3944/3944/3944 3902/3902/3902 3903/3903/3903
f 3902/3902/3902 3944/3944/3944 3936/3936/3936
f 3936/3936/3936 3869/3869/3869 3902/3902/3902
f 3868/3868/3868 3869/3869/3869 3936/3936/3936
f 3871/3871/3871 3937/3937/3937 3870/3870/3870
f 3868/3868/3868 3936/3936/3936 3874/3874/3874
f 3946/3946/3946 3953/3953/3953 3936/3936/3936
f 3936/3936/3936 3945/3945/3945 3946/3946/3946
f 3938/3938/3938 3937/3937/3937 3948/3948/3948
f 3936/3936/3936 3944/3944/3944 3952/3952/3952
f 3952/3952/3952 3945/3945/3945 3936/3936/3936
f 3943/3943/3943 3951/3951/3951 3952/3952/3952
f 3952/3952/3952 3944/3944/3944 3943/3943/3943
f 3941/3941/3941 3950/3950/3950 3942/3942/3942
f 3942/3942/3942 3950/3950/3950 3951/3951/3951
f 3942/3942/3942 3951/3951/3951 3943/3943/3943
f 3940/3940/3940 3949/3949/3949 3950/3950/3950
f 3940/3940/3940 3950/3950/3950 3941/3941/3941
f 3939/3939/3939 3949/3949/3949 3940/3940/3940
f 3938/3938/3938 3949/3949/3949 3939/3939/3939
f 3938/3938/3938 3948/3948/3948 3949/3949/3949
f 3948/3948/3948 3937/3937/3937 3947/3947/3947
f 3947/3947/3947 3937/3937/3937 3946/3946/3946
f 3873/3873/3873 3953/3953/3953 3872/3872/3872
f 3953/3953/3953 3946/3946/3946 3937/3937/3937
f 3872/3872/3872 3937/3937/3937 3871/3871/3871
f 3874/3874/3874 3936/3936/3936 3953/3953/3953
f 3954/3954/3954 3957/3957/3957 3956/3956/3956
f 3956/3956/3956 3955/3955/3955 3954/3954/3954
f 3945/3945/3945 3957/3957/3957 3954/3954/3954
f 3954/3954/3954 3946/3946/3946 3945/3945/3945
f 3946/3946/3946 3954/3954/3954 3947/3947/3947
f 3947/3947/3947 3954/3954/3954 3955/3955/3955
f 3955/3955/3955 3948/3948/3948 3947/3947/3947
f 3948/3948/3948 3955/3955/3955 3949/3949/3949
f 3949/3949/3949 3955/3955/3955 3956/3956/3956
f 3956/3956/3956 3950/3950/3950 3949/3949/3949
f 3950/3950/3950 3956/3956/3956 3951/3951/3951
f 3951/3951/3951 3956/3956/3956 3957/3957/3957
f 3957/3957/3957 3952/3952/3952 3951/3951/3951
f 3952/3952/3952 3957/3957/3957 3945/3945/3945
f 3874/3874/3874 3953/3953/3953 3873/3873/3873
f 3872/3872/3872 3953/3953/3953 3937/3937/3937
f 3906/3906/3906 3910/3910/3910 3933/3933/3933
f 3933/3933/3933 3928/3928/3928 3906/3906/3906
f 3915/3915/3915 3904/3904/3904 3929/3929/3929
f 3929/3929/3929 3924/3924/3924 3915/3915/3915
f 3916/3916/3916 3923/3923/3923 3920/3920/3920
f 3879/3879/3879 3883/3883/3883 3934/3934/3934
f 3934/3934/3934 3908/3908/3908 3879/3879/3879
f 3878/3878/3878 3887/3887/3887 3886/3886/3886
f 3886/3886/3886 3881/3881/3881 3878/3878/3878
f 3958/3958/3958 3960/3960/3960 3969/3969/3969
f 3969/3969/3969 3967/3967/3967 3958/3958/3958
f 3960/3960/3960 3961/3961/3961 3970/3970/3970
f 3970/3970/3970 3969/3969/3969 3960/3960/3960
f 3961/3961/3961 3962/3962/3962 3971/3971/3971
f 3971/3971/3971 3970/3970/3970 3961/3961/3961
f 3962/3962/3962 3963/3963/3963 3972/3972/3972
f 3972/3972/3972 3971/3971/3971 3962/3962/3962
f 3963/3963/3963 3964/3964/3964 3973/3973/3973
f 3973/3973/3973 3972/3972/3972 3963/3963/3963
f 3964/3964/3964 3965/3965/3965 3974/3974/3974
f 3974/3974/3974 3973/3973/3973 3964/3964/3964
f 3965/3965/3965 3966/3966/3966 3975/3975/3975
f 3975/3975/3975 3974/3974/3974 3965/3965/3965
f 3966/3966/3966 3959/3959/3959 3968/3968/3968
f 3968/3968/3968 3975/3975/3975 3966/3966/3966
